batch,interactions,recall_existing,precision_existing,ndcg_existing,recall_new_user,precision_new_user,ndcg_new_user,recall_overall,precision_overall,ndcg_overall,pct_new_user,n_new_users,n_new_user_interactions,n_unique_users,window_unique_users,n_users_trained,n_first_time_new_user_interactions,n_untrained_users_active,pct_untrained_users,window_unique_untrained_users
1,1000,0.1397849418508426,0.105,0.1872362108064146,0.0365853658536585,0.3,0.3436966913921454,0.1348706763271672,0.1142857142857142,0.1946867098819256,0.0476190476190476,1,82,21,21,5328,82,1,0.047619047619047616,1
2,2000,0.1365516155580718,0.1857142857142857,0.2765403605651773,0.0684319438219034,0.34,0.3610764336505318,0.1186253861538169,0.2263157894736842,0.298786695587639,0.2631578947368421,5,311,19,38,5328,311,5,0.2631578947368421,6
3,3000,0.0185670354684439,0.0727272727272727,0.0751123128617754,0.0490672153830422,0.2125,0.2210531358773004,0.0314092164851168,0.131578947368421,0.1365610804472596,0.3684210526315789,7,604,19,53,5328,439,8,0.42105263157894735,13
4,4000,0.0566254279489573,0.0705882352941176,0.0831451822385831,0.0671688138185144,0.35,0.4316509465737081,0.0605303856784229,0.174074074074074,0.2122213912515924,0.2962962962962963,8,657,27,75,5328,555,10,0.37037037037037035,21
5,5000,0.0196053712224193,0.0516129032258064,0.0638102565586819,0.0360139129875972,0.2333333333333333,0.2466436957971795,0.0222662158329887,0.081081081081081,0.0934589223811409,0.1351351351351351,5,320,37,105,5328,281,6,0.16216216216216217,26
6,6000,0.0627195933318382,0.0333333333333333,0.0412670254331822,0.1051177861352753,0.4181818181818181,0.4399360106244165,0.0772939721080197,0.165625,0.178309489092669,0.28125,9,783,32,128,5328,780,11,0.34375,35
7,7000,0.0315581854043392,0.0153846153846153,0.0235402229876736,0.0699934866196354,0.2333333333333333,0.2722751883685692,0.0472817177196876,0.1045454545454545,0.1252954360980399,0.2727272727272727,6,573,22,143,5328,506,9,0.4090909090909091,41
8,8000,0.1188696172248803,0.0631578947368421,0.1222685560721206,0.0851637933981741,0.25,0.2687101887511818,0.1058222015500263,0.1354838709677419,0.1789556396898217,0.2903225806451613,9,624,31,168,5328,567,12,0.3870967741935484,50
9,9000,0.0387148379233873,0.1,0.0919601328824056,0.045369101978691,0.35,0.4217944800631907,0.0401935632690103,0.1555555555555555,0.1652566544781356,0.1111111111111111,2,500,18,182,5328,277,4,0.2222222222222222,52
10,10000,0.0266936652782105,0.0612903225806451,0.0715416276370754,0.1780642620746935,0.3181818181818182,0.39187724832297,0.0663383453915751,0.1285714285714285,0.1554390521024287,0.2142857142857142,9,494,42,215,5328,457,11,0.2619047619047619,61
11,11000,0.0700253570011797,0.15,0.1947842666914448,0.1008289853215724,0.36,0.391216300620881,0.0818729063551769,0.2307692307692307,0.2703350489719972,0.2692307692307692,7,479,26,230,5328,411,10,0.38461538461538464,68
12,12000,0.0743162393162393,0.0842105263157894,0.0937614880264128,0.0556994886915325,0.1909090909090909,0.2133726186398654,0.0674900974205134,0.1233333333333333,0.1376189025846788,0.2666666666666666,8,595,30,246,5328,478,11,0.36666666666666664,76
13,13000,0.0428076410444964,0.0846153846153846,0.0912125918669397,0.0685656629230948,0.3777777777777777,0.3823961226453978,0.0533450136311957,0.2045454545454545,0.2103331271853998,0.3636363636363636,8,807,22,264,5328,655,9,0.4090909090909091,84
14,14000,0.0270357686453576,0.0416666666666666,0.0487675090318849,0.1982829793504775,0.27,0.3760434196681493,0.1048754098749576,0.1454545454545454,0.1975292865938233,0.2727272727272727,6,562,22,280,5328,412,10,0.45454545454545453,90
15,15000,0.0131578947368421,0.025,0.0159051970497379,0.0262148827004383,0.3,0.3595751887755146,0.0214668870773124,0.2,0.2346042826934139,0.5454545454545454,6,897,11,289,5328,687,7,0.6363636363636364,96
16,16000,0.0048780487804878,0.04,0.0284038114355254,0.0346582209793484,0.32,0.3228823223024435,0.0197681348799181,0.18,0.1756430668689844,0.3,3,860,10,295,5328,351,5,0.5,99
17,17000,0.0052337960546915,0.09,0.0930095496192381,0.0540342081290357,0.4166666666666667,0.3850890982547229,0.0235339505825706,0.2125,0.2025393803575449,0.25,4,456,16,302,5328,301,6,0.375,103
18,18000,0.0348167355489212,0.1090909090909091,0.0959341269090558,0.0635902540719276,0.29,0.3183080547533158,0.0485184110360671,0.1952380952380952,0.2018264735015605,0.3333333333333333,7,627,21,313,5328,526,10,0.47619047619047616,110
19,19000,0.0725999245852187,0.1058823529411764,0.1290682782937433,0.0558359690630981,0.3428571428571429,0.3756810024948836,0.0677104375579335,0.175,0.2009969895190758,0.125,3,468,24,319,5328,126,7,0.2916666666666667,113
20,20000,0.0168582375478927,0.05,0.0441790999421321,0.0479848354960418,0.4166666666666667,0.4044179497555282,0.0324215365219672,0.2333333333333333,0.2242985248488301,0.3333333333333333,4,926,12,324,5328,440,6,0.5,117
21,21000,0.0063191153238546,0.1333333333333333,0.1724870833042052,0.057842336587375,0.48,0.4856636949661174,0.0385211286135549,0.35,0.3682224655929004,0.375,3,757,8,8,5328,162,5,0.625,5
22,22000,0.0256410256410256,0.1,0.1299991994988936,0.0668764421519413,0.2705882352941176,0.2967090495309031,0.0590220771022431,0.238095238095238,0.2649547923819489,0.6190476190476191,13,931,21,28,5328,857,17,0.8095238095238095,21
23,23000,0.3428571428571428,0.0666666666666666,0.1418794696815998,0.0354009290174218,0.2222222222222222,0.2207478124735153,0.0793232452802391,0.1999999999999999,0.2094809063603845,0.3809523809523809,8,932,21,41,5328,305,18,0.8571428571428571,33
24,24000,0.029903381642512,0.06,0.0444059881534908,0.0688465066771331,0.2136363636363636,0.2237627289992527,0.061634816855907,0.1851851851851851,0.1905485177315191,0.5925925925925926,16,899,27,60,5328,736,22,0.8148148148148148,49
25,25000,0.0039682539682539,0.05,0.0897385525429086,0.0424915990184732,0.18,0.1803478977090578,0.0360710415101033,0.1583333333333333,0.1652463401813663,0.375,9,832,24,71,5328,545,20,0.8333333333333334,58
26,26000,0.3,0.04,0.1230504509705922,0.1046672336550491,0.1615384615384615,0.1738382042877687,0.1589263354175354,0.1277777777777778,0.1597304950329974,0.2777777777777778,5,947,18,80,5328,94,13,0.7222222222222222,63
27,27000,0.0619047619047619,0.05,0.0614638940602045,0.0567868545940637,0.1894736842105263,0.2154116955396127,0.0576769254307068,0.1652173913043478,0.1886381648475417,0.4347826086956521,10,933,23,91,5328,478,19,0.8260869565217391,73
28,28000,0.0,0.0,0.0,0.0654911355714437,0.2318181818181818,0.259849448577903,0.0600335409404901,0.2125,0.2381953278630777,0.4583333333333333,11,998,24,104,5328,386,22,0.9166666666666666,84
29,29000,0.0,0.0,0.0,0.0635813379941662,0.2352941176470588,0.2531839469122731,0.0635813379941662,0.2352941176470588,0.2531839469122731,0.4705882352941176,8,1000,17,113,5328,405,17,1.0,93
30,30000,0.1153846153846153,0.06,0.0663277191635835,0.086802065458734,0.2470588235294117,0.2892257906574453,0.0932980995327979,0.2045454545454545,0.238567138045204,0.4090909090909091,9,943,22,128,5328,332,17,0.7727272727272727,103
31,31000,0.0,0.0,0.0,0.0468313831238932,0.3153846153846154,0.3512766015021959,0.0358122341535654,0.2411764705882352,0.2686232835016792,0.4117647058823529,7,995,17,138,5328,528,13,0.7647058823529411,110
32,32000,0.0121212121212121,0.0666666666666666,0.051524779859466,0.087411704581935,0.25,0.2738511674214038,0.0766559199446889,0.2238095238095238,0.2420902549125556,0.7142857142857143,15,939,21,156,5328,792,18,0.8571428571428571,125
33,33000,0.0024630541871921,0.0142857142857142,0.0111997527112393,0.0713739895850038,0.195,0.2252508962725424,0.0535081915189045,0.1481481481481481,0.1697561553492416,0.4444444444444444,12,853,27,173,5328,595,20,0.7407407407407407,137
34,34000,0.0141771808438475,0.0833333333333333,0.1193384477946711,0.0916444365246634,0.25,0.2888450579026929,0.0722776226044594,0.2083333333333333,0.2464684053756874,0.3333333333333333,8,847,24,185,5328,204,18,0.75,145
35,35000,0.0174710910005027,0.08,0.0686945737262936,0.0684241699531731,0.148,0.1627657848652418,0.059931990127728,0.1366666666666666,0.1470872496754171,0.4333333333333333,13,696,30,201,5328,384,25,0.8333333333333334,158
36,36000,0.0158730158730158,0.0333333333333333,0.0212069293996505,0.0506141442458017,0.185,0.1877607422242985,0.0460826927189166,0.1652173913043478,0.1660363318558662,0.217391304347826,5,937,23,209,5328,175,20,0.8695652173913043,163
37,37000,0.0494264881460003,0.1571428571428571,0.1631130549274118,0.0856174837701758,0.2099999999999999,0.2334790640918221,0.076234633052797,0.1962962962962963,0.2152360246788269,0.4074074074074074,11,793,27,224,5328,343,20,0.7407407407407407,174
38,38000,0.1224738308676602,0.0909090909090909,0.1364960040068402,0.0529287101467641,0.1941176470588235,0.2146864765778712,0.0802500075728304,0.1535714285714285,0.1839687909249662,0.3928571428571428,11,684,28,244,5328,397,17,0.6071428571428571,185
39,39000,0.12,0.0333333333333333,0.0647154165723809,0.0757054847906449,0.3375,0.3172036959155663,0.0991555222544211,0.1764705882352941,0.1835334303809387,0.2941176470588235,5,932,17,255,5328,313,8,0.47058823529411764,190
40,40000,0.0130200228239443,0.0888888888888888,0.0942891843226655,0.0616068146885446,0.2857142857142857,0.3119600069131975,0.0425945917850054,0.208695652173913,0.2267844676386415,0.3478260869565217,8,801,23,272,5328,474,14,0.6086956521739131,200
41,41000,0.0487241302573993,0.1,0.1110973030685706,0.0364451004319221,0.2153846153846153,0.1966877533597147,0.0417838090516948,0.1652173913043478,0.1594745141026955,0.3478260869565217,8,802,23,23,5328,554,13,0.5652173913043478,13
42,42000,0.0230966821875912,0.0727272727272727,0.0796158190622564,0.0421374482847303,0.2692307692307692,0.2520585526091284,0.0334104304902082,0.1791666666666666,0.1730222997334788,0.3333333333333333,8,732,24,44,5328,627,13,0.5416666666666666,25
43,43000,0.0935064935064935,0.0181818181818181,0.0340358107057582,0.0896171142232049,0.3444444444444444,0.3853962335081817,0.0917562728290136,0.1649999999999999,0.1921480009668488,0.2,4,703,20,60,5328,372,9,0.45,32
44,44000,0.0191682312693155,0.1111111111111111,0.098681398554819,0.1080878834753679,0.2199999999999999,0.2582401532603831,0.0509252499143342,0.15,0.1556666680925205,0.1428571428571428,4,477,28,79,5328,55,10,0.35714285714285715,38
45,45000,0.0059523809523809,0.0083333333333333,0.00917049026242,0.0611635768486299,0.2466666666666666,0.2614392441122322,0.0366252675614081,0.1407407407407407,0.1493197979567601,0.3333333333333333,9,859,27,101,5328,666,15,0.5555555555555556,50
46,46000,0.0206301772045716,0.0294117647058823,0.022808846218696,0.0926409709777335,0.1933333333333333,0.2242773131009167,0.0543852367857413,0.10625,0.117247190069737,0.21875,7,917,32,129,5328,682,15,0.46875,62
47,47000,0.0208333333333333,0.0125,0.0130410391056738,0.0433224740794958,0.3166666666666666,0.3331322552855796,0.0304715365102601,0.1428571428571428,0.1502229888970621,0.2142857142857142,6,853,28,149,5328,386,12,0.42857142857142855,69
48,48000,0.0441011698797165,0.0352941176470588,0.0493216749171049,0.0652185186375413,0.2136363636363636,0.2329360310023087,0.0560135204610536,0.1358974358974359,0.1528990039908096,0.282051282051282,11,829,39,179,5328,529,22,0.5641025641025641,86
49,49000,0.0335820895522388,0.04375,0.0675873728058792,0.0561500186153761,0.2428571428571428,0.2655051351850448,0.0441137897817028,0.1366666666666667,0.1599489952494898,0.1666666666666666,5,772,30,199,5328,189,14,0.4666666666666667,93
50,50000,0.1483400178253119,0.05,0.1124353345576848,0.0978466036558576,0.2909090909090909,0.3439292104123961,0.119106988569312,0.1894736842105263,0.2464581047893598,0.2631578947368421,5,653,19,210,5328,303,11,0.5789473684210527,100
51,51000,0.105055109297746,0.0499999999999999,0.0901993446123214,0.0655915525887958,0.2823529411764706,0.3137478031545233,0.0819213001924993,0.1862068965517241,0.2212449927232673,0.2758620689655172,8,878,29,228,5328,559,17,0.5862068965517241,111
52,52000,0.0068082788671023,0.0416666666666666,0.0355801729548769,0.0974006799065699,0.19375,0.2598901327269382,0.0585753651753695,0.1285714285714286,0.1637572928246262,0.1428571428571428,4,747,28,243,5328,406,16,0.5714285714285714,117
53,53000,0.0944444444444444,0.0333333333333333,0.0444650542861051,0.0372112737688897,0.2714285714285714,0.2429104582853261,0.0543812249715561,0.2,0.1833768370855599,0.25,5,904,20,255,5328,475,14,0.7,125
54,54000,0.0071428571428571,0.025,0.0265282957466143,0.0475477409465779,0.2833333333333333,0.2982954552425683,0.0313857874250896,0.18,0.1895885914441867,0.4,8,924,20,269,5328,651,12,0.6,133
55,55000,0.0404057017543859,0.03125,0.0673055697778837,0.0391035357304435,0.1692307692307692,0.1782424450036175,0.0398219721574462,0.093103448275862,0.1170358931549368,0.1724137931034483,5,740,29,288,5328,575,13,0.4482758620689655,138
56,56000,0.0158952781673679,0.04,0.0419819554293738,0.0571357043306556,0.3888888888888889,0.3720682495726105,0.0313604379786008,0.1708333333333333,0.1657643157330876,0.2916666666666667,7,865,24,304,5328,699,9,0.375,145
57,57000,0.0302887717521863,0.0722222222222222,0.0621718753479658,0.0623462529458714,0.25,0.2619273561787295,0.0443139197744236,0.15,0.1495648982114249,0.28125,9,712,32,325,5328,616,14,0.4375,154
58,58000,0.0505718954248365,0.0333333333333333,0.0446316598902373,0.0314057627958556,0.2,0.2176614364988185,0.0399240439642916,0.1259259259259259,0.1407593135616713,0.3703703703703703,10,795,27,344,5328,697,15,0.5555555555555556,164
59,59000,0.0555556735529973,0.0611111111111111,0.0872157309691015,0.0516861736870021,0.2111111111111111,0.2472910866918392,0.0542658402643323,0.1111111111111111,0.1405741828766807,0.1481481481481481,4,752,27,361,5328,646,9,0.3333333333333333,170
60,60000,0.0450707936217008,0.03125,0.0614052153999831,0.0379972394244023,0.1470588235294117,0.1631653841311574,0.0414268414594561,0.0909090909090909,0.1138271205039213,0.303030303030303,10,689,33,379,5328,286,17,0.5151515151515151,181
61,61000,0.0220445785151667,0.0599999999999999,0.0514486322448498,0.0606377812089971,0.29,0.2754196820557296,0.0374818595926988,0.152,0.1410370521692017,0.16,4,798,25,25,5328,590,10,0.4,10
62,62000,0.0711321287408243,0.0272727272727272,0.0842802239061345,0.0350979664994706,0.1857142857142857,0.187190314087588,0.0571188434247423,0.0888888888888888,0.1243008145322553,0.1944444444444444,7,755,36,58,5328,622,14,0.3888888888888889,23
63,63000,0.0541353383458646,0.0157894736842105,0.0266392980522065,0.1208126989639344,0.2615384615384615,0.3735111243869272,0.0812230160969555,0.115625,0.1675559775006868,0.21875,7,836,32,83,5328,593,13,0.40625,32
64,64000,0.0653777153777153,0.05,0.0714162826797946,0.0443584939124439,0.2416666666666667,0.2569376382958658,0.0579591666252666,0.1176470588235294,0.1368944081913492,0.2058823529411764,7,769,34,110,5328,674,12,0.35294117647058826,41
65,65000,0.0307161753590325,0.0583333333333333,0.058871154497177,0.0317143010640103,0.1733333333333333,0.1880605420049682,0.0312706896395757,0.1222222222222222,0.1306430364459499,0.2222222222222222,6,871,27,129,5328,381,15,0.5555555555555556,52
66,66000,0.0500974025974025,0.0166666666666666,0.0230702103768885,0.0392007725434691,0.1733333333333333,0.1895331953459882,0.0459063910381974,0.0769230769230769,0.0870944353650038,0.2051282051282051,8,621,39,161,5328,311,15,0.38461538461538464,63
67,67000,0.0210786435786435,0.06,0.0610780136138549,0.0387588259063276,0.325,0.3630858113034183,0.0289365023909476,0.1777777777777777,0.195303701475883,0.1666666666666666,3,732,18,173,5328,229,8,0.4444444444444444,67
68,68000,0.0250740331097473,0.09,0.099420995144049,0.0410004249704374,0.25,0.2762794427129876,0.0330372290400924,0.1699999999999999,0.1878502189285183,0.3,6,776,20,187,5328,566,10,0.5,74
69,69000,0.0081622146908673,0.0411764705882353,0.0314184341137957,0.0359369306411639,0.1692307692307692,0.1985788791445555,0.0201979249359958,0.0966666666666666,0.1038546269604583,0.1666666666666666,5,700,30,210,5328,266,13,0.43333333333333335,84
70,70000,0.0156565656565656,0.0499999999999999,0.0424615976294047,0.0447099449782376,0.18,0.1834652061917152,0.0306841756505339,0.1172413793103448,0.1153944986099102,0.1379310344827586,4,721,29,228,5328,375,15,0.5172413793103449,92
71,71000,0.1013888888888889,0.02,0.0555666229672912,0.0329296905044578,0.2384615384615384,0.269759069067117,0.0696042610675459,0.1214285714285714,0.1550131157993532,0.3214285714285714,9,810,28,252,5328,511,13,0.4642857142857143,103
72,72000,0.0095638104146216,0.0473684210526315,0.0423626306019121,0.0742752799681843,0.1823529411764706,0.2290290551704054,0.0401220043704706,0.1111111111111111,0.1305106644259228,0.1944444444444444,7,777,36,276,5328,577,17,0.4722222222222222,111
73,73000,0.0327485380116959,0.04,0.0651154288294416,0.0769523185896554,0.3125,0.3627179415241777,0.0599508645212094,0.2076923076923076,0.2482554366415869,0.3846153846153846,10,955,26,294,5328,815,16,0.6153846153846154,122
74,74000,0.0249607535321821,0.0769230769230769,0.0827177832783024,0.0638873469480505,0.323076923076923,0.3265670312874377,0.0444240502401163,0.2,0.20464240728287,0.3076923076923077,8,771,26,307,5328,554,13,0.5,132
75,75000,0.0918367346938775,0.0499999999999999,0.0731361304935013,0.0285705414713479,0.1611111111111111,0.1920324952060025,0.0562495010062046,0.1125,0.1400153356442833,0.21875,7,931,32,323,5328,439,18,0.5625,139
76,76000,0.0881362646068528,0.0588235294117647,0.0763825147397124,0.0568107601222091,0.1999999999999999,0.2269494385863257,0.0739892625815298,0.1225806451612903,0.1443804803478603,0.2258064516129032,7,820,31,338,5328,469,14,0.45161290322580644,146
77,77000,0.0220264469198172,0.0193548387096774,0.0212310782719408,0.0725521328105119,0.1653846153846154,0.1699405719379201,0.0450732510103095,0.0859649122807017,0.0890634788915103,0.2456140350877192,14,760,57,372,5328,650,26,0.45614035087719296,163
78,78000,0.0820393374741201,0.0304347826086956,0.07526920349792,0.0730225421211393,0.2222222222222222,0.2177798039179944,0.0780807443923236,0.1146341463414634,0.1378348329506357,0.2439024390243902,10,602,41,398,5328,485,18,0.43902439024390244,174
79,79000,0.018781512605042,0.016,0.0168805184820108,0.0369758936630699,0.1458333333333333,0.1689860371868468,0.0276930461844842,0.0795918367346938,0.0913811807047876,0.2653061224489796,13,869,49,424,5328,647,24,0.4897959183673469,190
80,80000,0.0,0.0,0.0,0.0354950448076829,0.1636363636363636,0.1897937743343152,0.0223111710219721,0.1028571428571428,0.1192989438672838,0.3142857142857143,11,977,35,442,5328,909,22,0.6285714285714286,201
81,81000,0.0625,0.00625,0.0241783004521588,0.0477931896800158,0.2235294117647059,0.2544888278974802,0.0549237643806142,0.1181818181818182,0.1428231176209607,0.2727272727272727,9,950,33,33,5328,584,17,0.5151515151515151,17
82,82000,0.0060532687651331,0.0357142857142857,0.0403245828121728,0.0372169637736211,0.2272727272727272,0.226752120486177,0.0197652945688679,0.12,0.1223526993887347,0.2,5,907,25,52,5328,340,11,0.44,25
83,83000,0.0448717948717948,0.0363636363636363,0.0335667607725223,0.0481871783270831,0.1888888888888888,0.2032781871207526,0.0469296190854221,0.1310344827586207,0.1389048874714238,0.2068965517241379,6,931,29,76,5328,500,18,0.6206896551724138,40
84,84000,0.0526315789473684,0.0052631578947368,0.0526315789473684,0.0467540137288231,0.2583333333333333,0.3071310480165829,0.0503563924111573,0.1032258064516129,0.1511475024580321,0.1935483870967742,6,925,31,100,5328,695,12,0.3870967741935484,49
85,85000,0.0,0.0,0.0,0.0777096408805769,0.3266666666666666,0.3406568863895292,0.0555068863432692,0.2333333333333333,0.2433263474210922,0.4761904761904761,10,838,21,116,5328,687,15,0.7142857142857143,60
86,86000,0.0113636363636363,0.0045454545454545,0.0068645281012638,0.0365410418159438,0.2615384615384615,0.2801002371785305,0.0207152441030648,0.1,0.1083520771871057,0.1714285714285714,6,937,35,140,5328,576,13,0.37142857142857144,68
87,87000,0.0947402597402597,0.045,0.0661756402896364,0.0619016134483455,0.35,0.3485938282462442,0.081218464208295,0.1705882352941176,0.1824654823894161,0.2352941176470588,8,822,34,162,5328,666,14,0.4117647058823529,78
88,88000,0.0209259259259259,0.0166666666666666,0.0206411371074133,0.0515686625823725,0.2066666666666666,0.2126842192436188,0.0311401714780747,0.08,0.0846554978194818,0.1777777777777777,8,866,45,196,5328,562,15,0.3333333333333333,90
89,89000,0.0158214690911209,0.0647058823529411,0.0671619667303743,0.0257525998905309,0.1333333333333333,0.1287230044156645,0.0179000778630905,0.0790697674418604,0.0800468350831094,0.0465116279069767,2,206,43,220,5328,156,9,0.20930232558139536,93
90,90000,0.0062882035405255,0.0105263157894736,0.0094461634255693,0.0186229690760923,0.1384615384615384,0.1479173584953467,0.0094323594613562,0.0431372549019607,0.0447427425610027,0.0196078431372549,1,722,51,253,5328,156,13,0.2549019607843137,103
91,91000,0.011260696003343,0.0083333333333333,0.0173659274775366,0.0471576559523568,0.14375,0.151285720370673,0.0202349359905965,0.0421874999999999,0.0508458757008207,0.0,0,507,64,287,5328,0,16,0.25,110
92,92000,0.0218636401049191,0.0209302325581395,0.0307000615983185,0.0219654500235262,0.1111111111111111,0.1110248792379433,0.0218812610523703,0.0365384615384615,0.0446024338820997,0.0,0,383,52,313,5328,0,9,0.17307692307692307,115
93,93000,0.058621167720214,0.0625,0.1038334889536466,0.0790406189373591,0.0684210526315789,0.0883288665031672,0.0662284142520916,0.0647058823529411,0.0980572570603308,0.0196078431372549,1,349,51,335,5328,94,19,0.37254901960784315,121
94,94000,0.0159430964781153,0.043076923076923,0.0427775358742856,0.027030980294788,0.0625,0.0642142080029289,0.0181332957505445,0.0469135802469135,0.0470119402453757,0.0123456790123456,1,366,81,367,5328,1,16,0.19753086419753085,126
95,95000,0.0369618919856732,0.0413793103448275,0.0502566973089814,0.1189062888585827,0.1111111111111111,0.1537889411900901,0.0563697754555728,0.0578947368421052,0.0747774919124019,0.0131578947368421,1,465,76,401,5328,24,18,0.23684210526315788,133
96,96000,0.0198463330399335,0.0333333333333333,0.0420379864143842,0.0476060250268757,0.075,0.0810437650470199,0.0261914054940917,0.0428571428571428,0.0509535929589867,0.0,0,343,70,433,5328,0,16,0.22857142857142856,138
97,97000,0.0465567408570612,0.065079365079365,0.0846673204457418,0.0542353479853479,0.04,0.0607229059192639,0.0480333960740394,0.0602564102564102,0.0800626253444961,0.0256410256410256,2,126,78,471,5328,54,15,0.19230769230769232,145
98,98000,0.0680729626983497,0.032,0.0608246055758885,0.0281791125541125,0.095,0.0985047741472898,0.059674257404826,0.0452631578947368,0.0687572726435519,0.0105263157894736,1,454,95,509,5328,22,20,0.21052631578947367,152
99,99000,0.0280277340847926,0.0285714285714285,0.0358330570675468,0.0057164836330839,0.0916666666666666,0.0806960321524696,0.0223312446077606,0.0446808510638297,0.0472874336849739,0.0425531914893617,2,492,47,530,5328,205,12,0.2553191489361702,156
100,100000,0.0261370350636476,0.0333333333333333,0.0362868992026101,0.0239357156969277,0.04375,0.0368207481921004,0.0254597060277338,0.0365384615384615,0.0364511604301456,0.0,0,349,52,549,5328,0,16,0.3076923076923077,161
101,101000,0.0564022493890095,0.0319444444444444,0.0434107674276307,0.0833587708587708,0.0375,0.0577997677180378,0.0613034351107842,0.0329545454545454,0.0460269492986138,0.0,0,123,88,88,5328,0,16,0.18181818181818182,16
102,102000,0.0675036730177582,0.0509433962264151,0.0801314345874906,0.028344671201814,0.1857142857142857,0.1848288047762826,0.0629351228058981,0.0666666666666666,0.092346127776183,0.0,0,141,60,139,5328,0,7,0.11666666666666667,22
103,103000,0.0264165362906468,0.0317460317460317,0.041317383551011,0.0205393785421145,0.0642857142857143,0.0869037666560468,0.02534796215455,0.0376623376623376,0.0496058168428357,0.0129870129870129,1,244,77,197,5328,34,14,0.18181818181818182,34
104,104000,0.0384220414159392,0.0333333333333333,0.036197728561526,0.0138232500977599,0.0916666666666666,0.1141210871460198,0.0335022831523033,0.045,0.0517824002784247,0.0166666666666666,1,397,60,232,5328,102,12,0.2,43
105,105000,0.0244643071515326,0.0324324324324324,0.0388401975625151,0.0581450461371896,0.1384615384615384,0.1662640971402586,0.0332212992878034,0.06,0.0719704114527284,0.0,0,602,50,255,5328,0,13,0.26,48
106,106000,0.0651766072972757,0.0348314606741573,0.0660941811221538,0.0145086143658676,0.0588235294117647,0.0709510514335899,0.0570506084309178,0.0386792452830188,0.0668731131532332,0.0283018867924528,3,194,106,310,5328,124,17,0.16037735849056603,53
107,107000,0.0350519310924208,0.025,0.03605630730853,0.025825699598021,0.05625,0.0612851076996167,0.0333744344570754,0.0306818181818181,0.0406433619250912,0.0113636363636363,1,335,88,349,5328,89,16,0.18181818181818182,60
108,108000,0.0455642973780387,0.04375,0.0615141805666893,0.0516987337921594,0.0705882352941176,0.0839958061023825,0.0466394047908227,0.0484536082474226,0.0654542592688211,0.0103092783505154,1,169,97,391,5328,14,17,0.17525773195876287,66
109,109000,0.0691486541459752,0.0509615384615384,0.0819200849482602,0.0606617647058823,0.0117647058823529,0.0226409469836768,0.0679562812494332,0.0454545454545454,0.0735916110193518,0.0,0,130,121,436,5328,0,17,0.14049586776859505,71
110,110000,0.0262003401264905,0.0310344827586206,0.0360429023672281,0.0090920983778126,0.0357142857142857,0.0255841516652231,0.0228737375642476,0.0319444444444444,0.0340092563973938,0.0138888888888888,1,141,72,463,5328,91,14,0.19444444444444445,79
111,111000,0.0273282405387442,0.04,0.0449440408562751,0.0038966365873666,0.0125,0.020633603090445,0.0229688723617437,0.0348837209302325,0.0404211687137951,0.0116279069767441,1,132,86,488,5328,53,16,0.18604651162790697,85
112,112000,0.0407813416484699,0.0407407407407407,0.0598766307861444,0.0056972789115646,0.08,0.0820522894914182,0.0352994568458285,0.046875,0.0633415774588435,0.0,0,341,64,506,5328,0,10,0.15625,88
113,113000,0.0664522470488282,0.0373493975903614,0.0589338047021593,0.0865534253094061,0.0727272727272727,0.0955601889313564,0.0688045125899596,0.0414893617021276,0.0632198709417462,0.0,0,195,94,530,5328,0,11,0.11702127659574468,91
114,114000,0.042115046233704,0.0242424242424242,0.0331541382050195,0.0281914780913636,0.0944444444444444,0.1008184914641485,0.0399729588271901,0.035042735042735,0.0435640387064239,0.0085470085470085,1,276,117,558,5328,114,18,0.15384615384615385,99
115,115000,0.0292813156526578,0.0298969072164948,0.0365492396803266,0.0113821138211382,0.025,0.0285561992403286,0.0267469153933276,0.0292035398230088,0.0354174817419198,0.0,0,113,113,583,5328,0,16,0.1415929203539823,104
116,116000,0.0268370967240886,0.0244186046511627,0.0330150550681317,0.0108661663539712,0.023076923076923,0.0183760441410987,0.0247399038472045,0.0242424242424242,0.0310927607039759,0.0,0,179,99,600,5328,0,13,0.13131313131313133,108
117,117000,0.0272909965578396,0.0303370786516853,0.0342249104550758,0.0469696969696969,0.0333333333333333,0.0563339919476997,0.0296290599731098,0.0306930693069306,0.0368517320185559,0.0099009900990099,1,114,101,623,5328,13,12,0.1188118811881188,111
118,118000,0.022679570850691,0.0289473684210526,0.035792216969997,0.0062499999999999,0.01875,0.0240194595377755,0.0198222541810056,0.0271739130434782,0.033744780894828,0.0,0,139,92,636,5328,0,16,0.17391304347826086,114
119,119000,0.0259344174542038,0.0295918367346938,0.0408336712227458,0.00625,0.0333333333333333,0.0330305921646787,0.0233214416859466,0.0300884955752212,0.0397978642681352,0.0,0,186,113,657,5328,0,15,0.13274336283185842,116
120,120000,0.0491255380521428,0.0246376811594202,0.0458323430694227,0.0013495276653171,0.0076923076923076,0.0084650679345415,0.0415512925030119,0.0219512195121951,0.0399082628651122,0.0121951219512195,1,174,82,669,5328,23,13,0.15853658536585366,117
121,121000,0.0360496448374823,0.0263157894736842,0.0331900854626911,0.0111111111111111,0.0375,0.0383768412928081,0.0317125085372438,0.0282608695652173,0.0340921299548854,0.0217391304347826,1,115,46,46,5328,30,8,0.17391304347826086,8
122,122000,0.0329983706529512,0.023170731707317,0.0265644409144941,0.0246794123207989,0.0916666666666666,0.0936737469244858,0.0319363759722509,0.0319148936170212,0.0351315863625782,0.0212765957446808,2,181,94,130,5328,75,12,0.1276595744680851,19
123,123000,0.041869741979632,0.0263736263736263,0.0395249769828828,0.094017094017094,0.0461538461538461,0.0501345881643395,0.0483881609843148,0.0288461538461538,0.0408511783805649,0.0,0,85,104,198,5328,0,13,0.125,27
124,124000,0.0638200986735137,0.0326530612244898,0.0527152693945832,0.0177593302114374,0.0333333333333333,0.0411580147763249,0.056672738050088,0.0327586206896551,0.0509219022986466,0.0,0,138,116,257,5328,0,18,0.15517241379310345,37
125,125000,0.0452053610897329,0.0358024691358024,0.0529572740732765,0.0283268733850129,0.0416666666666666,0.0548814018383146,0.0430274917084787,0.0365591397849462,0.053205548623604,0.0,0,99,93,297,5328,0,12,0.12903225806451613,43
126,126000,0.0273320973464887,0.0229166666666666,0.0267792280498884,0.0705882352941176,0.0235294117647058,0.0481718006376696,0.0338396579226807,0.0230088495575221,0.0299975796781387,0.0,0,76,113,341,5328,0,17,0.1504424778761062,51
127,127000,0.0441090875211904,0.0333333333333333,0.0488501899355543,0.0407826160767337,0.0749999999999999,0.0883640037600044,0.0432100411848508,0.0445945945945945,0.0595295990772975,0.0135135135135135,1,311,74,369,5328,1,20,0.2702702702702703,57
128,128000,0.038504095383386,0.0276315789473684,0.0406623582667308,0.0662811791383219,0.0818181818181818,0.0961470967196267,0.0447397672467389,0.0397959183673469,0.0531181158786054,0.0,0,324,98,402,5328,0,22,0.22448979591836735,65
129,129000,0.0287168564707982,0.019,0.0258682096360628,0.0613675213675213,0.0933333333333333,0.1157496809583769,0.0329756388486317,0.028695652173913,0.0375918798085386,0.0,0,205,115,436,5328,0,15,0.13043478260869565,70
130,130000,0.0213495609616553,0.0296703296703296,0.0416666732960802,0.0048309178743961,0.0222222222222222,0.0349866811852923,0.019862883083802,0.029,0.0410654740061093,0.0,0,66,100,466,5328,0,9,0.09,73
131,131000,0.0418201716040407,0.0252631578947368,0.0376291956781834,0.0631414203612479,0.1083333333333333,0.1410094913120423,0.0442113396889611,0.0345794392523364,0.0492232475249713,0.0,0,391,107,493,5328,0,12,0.11214953271028037,76
132,132000,0.0339894205973173,0.0298701298701298,0.038172864561844,0.0361111111111111,0.025,0.0349470439941233,0.0342754912283906,0.0292134831460674,0.0377379224628255,0.0,0,124,89,512,5328,0,12,0.1348314606741573,78
133,133000,0.0467841271054535,0.0298969072164948,0.0425381240136587,0.015985060690943,0.04,0.0431049202504558,0.0426592521392244,0.03125,0.042614034223944,0.0,0,194,112,541,5328,0,15,0.13392857142857142,82
134,134000,0.0486461059224913,0.05,0.0618076026244101,0.0302076002814919,0.14,0.1237212351662948,0.0460120336880628,0.0628571428571428,0.0706524072732507,0.0142857142857142,1,189,70,551,5328,116,10,0.14285714285714285,83
135,135000,0.0118607140714683,0.02625,0.0319201515622796,0.0135746606334841,0.0176470588235294,0.016660736264545,0.0121610964586257,0.0247422680412371,0.0292458210461818,0.0,0,85,97,568,5328,0,17,0.17525773195876287,88
136,136000,0.0302671061800825,0.0571428571428571,0.0652399407055544,0.0089285714285714,0.0071428571428571,0.0060224453039918,0.0272187440727237,0.05,0.0567802985053312,0.0,0,69,98,584,5328,0,14,0.14285714285714285,91
137,137000,0.0699821728266,0.0355263157894736,0.0629018107667784,0.0430975233142056,0.1,0.1119386768190707,0.0655506371926889,0.0461538461538461,0.0709848106655079,0.0219780219780219,2,415,91,595,5328,57,15,0.16483516483516483,95
138,138000,0.0373143503939351,0.0294117647058823,0.0394826010795192,0.0157404409017312,0.0714285714285714,0.0828535215240254,0.0342634945061487,0.0353535353535353,0.0456158625565201,0.0101010101010101,1,265,99,611,5328,25,14,0.1414141414141414,98
139,139000,0.0371470332901802,0.0343434343434343,0.0452327057905644,0.1105851979345955,0.0428571428571428,0.0655078332389509,0.0462455669629396,0.0353982300884955,0.0477446684832848,0.0088495575221238,1,136,113,634,5328,4,14,0.12389380530973451,101
140,140000,0.0223004263949071,0.0271739130434782,0.0347858362816456,0.0999810340802987,0.05,0.0721188884220992,0.0338086645705206,0.0305555555555555,0.0403166588209721,0.0185185185185185,2,159,108,652,5328,37,16,0.14814814814814814,107
141,141000,0.0595205406430438,0.0554216867469879,0.0669521781896503,0.1028717837941628,0.05625,0.0967531644918808,0.0665268021624166,0.0555555555555555,0.0717684992081926,0.0101010101010101,1,154,99,99,5328,60,16,0.16161616161616163,16
142,142000,0.0464478342463419,0.0445945945945945,0.060209704673529,0.149705581157194,0.09,0.1343254074227239,0.0587404231643005,0.05,0.0690330026198617,0.0119047619047619,1,119,84,150,5328,62,10,0.11904761904761904,19
143,143000,0.0481809792083484,0.0352112676056338,0.0530873230577423,0.0318140978518337,0.0615384615384615,0.0933874451702846,0.0456480094746021,0.0392857142857142,0.0593242467180167,0.0238095238095238,2,271,84,198,5328,183,13,0.15476190476190477,25
144,144000,0.047835509876835,0.0356164383561643,0.0528382041882923,0.0814393939393939,0.0388888888888888,0.075450620048861,0.0544824319990994,0.0362637362637362,0.0573109897431301,0.0,0,82,91,241,5328,0,18,0.1978021978021978,34
145,145000,0.0366062692066043,0.0328125,0.0509632978855039,0.1249322493224932,0.0333333333333333,0.0918929266478557,0.0474957736044536,0.0328767123287671,0.0560094165000404,0.0273972602739726,2,175,73,277,5328,60,9,0.1232876712328767,38
146,146000,0.0591455930296472,0.0301075268817204,0.0561710586766164,0.0339658119658119,0.072,0.0768033985949966,0.053810893651716,0.0389830508474576,0.0605423171339003,0.0084745762711864,1,279,118,331,5328,39,25,0.211864406779661,51
147,147000,0.034989369604923,0.0347222222222222,0.0468700615821999,0.0528457400659378,0.03,0.0373357885628442,0.0371669757587053,0.0341463414634146,0.0457073453603273,0.0,0,182,82,355,5328,0,10,0.12195121951219512,54
148,148000,0.0158582507088593,0.0231481481481481,0.023909223178045,0.0875661375661375,0.0714285714285714,0.1112634282207414,0.0275316276391139,0.0310077519379844,0.0381296751617398,0.0,0,159,129,385,5328,0,21,0.16279069767441862,61
149,149000,0.0301324213353052,0.0164179104477611,0.020129617213929,0.0376328217237308,0.0909090909090909,0.1275638450184018,0.0311901701080319,0.0269230769230769,0.0352805980581495,0.0256410256410256,2,182,78,402,5328,97,11,0.14102564102564102,65
150,150000,0.0359317327990019,0.0278350515463917,0.0404093318505174,0.0104895104895104,0.0125,0.0140003475946984,0.0323292942419058,0.0256637168141592,0.0366700066461537,0.0088495575221238,1,69,113,427,5328,11,16,0.1415929203539823,69
151,151000,0.0445918346739391,0.0285714285714285,0.0576460212297498,0.045370601518804,0.0866666666666666,0.0895640374379754,0.0447098296504338,0.0373737373737373,0.0624820842916021,0.0101010101010101,1,363,99,452,5328,87,15,0.15151515151515152,74
152,152000,0.0480727510643245,0.0308823529411764,0.0488912983288938,0.0414574551910078,0.06875,0.0660316072968915,0.0468126947075023,0.0380952380952381,0.0521561190847029,0.0,0,414,84,468,5328,0,16,0.19047619047619047,76
153,153000,0.0329212939710438,0.0455696202531645,0.0647963633924055,0.0055475848876135,0.0133333333333333,0.0084827717598602,0.028553148904539,0.0404255319148936,0.0558101519616801,0.0106382978723404,1,133,94,483,5328,17,15,0.1595744680851064,77
154,154000,0.0832171520321834,0.0481927710843373,0.0834033521731774,0.0124999999999999,0.0249999999999999,0.0260440929351288,0.0742844591439076,0.0452631578947368,0.0761579720588975,0.0,0,106,95,497,5328,0,12,0.12631578947368421,78
155,155000,0.0586133593389463,0.0344086021505376,0.0646148522486282,0.0498805472138805,0.0333333333333333,0.0649089278413758,0.0574004687660205,0.0342592592592592,0.0646556960809542,0.0092592592592592,1,310,108,517,5328,25,15,0.1388888888888889,80
156,156000,0.0408954034017909,0.028,0.0418871377486078,0.0105299145299145,0.0266666666666666,0.0290073263728694,0.036934687461981,0.0278260869565217,0.0402071623517724,0.017391304347826,2,138,115,528,5328,52,15,0.13043478260869565,82
157,157000,0.034270167193774,0.0394230769230769,0.0452240051358764,0.0337921727395411,0.0384615384615384,0.044980070037914,0.0342170566988593,0.0393162393162393,0.0451969012361028,0.0,0,165,117,544,5328,0,13,0.1111111111111111,85
158,158000,0.0457601348915508,0.0414893617021276,0.0513126185581828,0.1708333333333333,0.0583333333333333,0.1307879976778808,0.059919364903828,0.0433962264150943,0.0603098312887147,0.0,0,56,106,555,5328,0,12,0.11320754716981132,85
159,159000,0.0299349678147038,0.0425531914893617,0.0523025559158723,0.0119318181818181,0.025,0.0216483291685282,0.0285229560787912,0.0411764705882352,0.0498983028376492,0.0,0,74,102,565,5328,0,8,0.0784313725490196,85
160,160000,0.0459469801294038,0.0477777777777777,0.0617242861508701,0.0331779331779331,0.0454545454545454,0.039588613234097,0.0445562918475605,0.0475247524752475,0.0593134702886473,0.0099009900990099,1,76,101,577,5328,13,11,0.10891089108910891,87
161,161000,0.0334831988680553,0.0325842696629213,0.0396513403724207,0.0369763289931357,0.0235294117647058,0.0334337773393873,0.0340434178503795,0.0311320754716981,0.0386541840369342,0.0094339622641509,1,212,106,106,5328,147,17,0.16037735849056603,17
162,162000,0.0182346331348732,0.0341463414634146,0.0395094552357008,0.0594594855783526,0.1,0.1156541267406278,0.0227155953569905,0.0413043478260869,0.0477860499644972,0.0108695652173913,1,177,92,161,5328,48,10,0.10869565217391304,21
163,163000,0.0441481030875723,0.0481481481481481,0.0570255613397129,0.0227428074318026,0.05,0.0559810889576009,0.0413861294545697,0.0483870967741935,0.0568907907097629,0.010752688172043,1,212,93,206,5328,121,12,0.12903225806451613,26
164,164000,0.0659663222498428,0.0381443298969072,0.0599210494950876,0.0669784051174492,0.1111111111111111,0.139917305726179,0.0661247352204247,0.0495652173913043,0.0724422026443019,0.008695652173913,1,361,115,252,5328,56,18,0.1565217391304348,35
165,165000,0.0539066768616227,0.0513513513513513,0.07054069009683,0.0092592592592592,0.0384615384615384,0.0352407424330094,0.0472352236566718,0.0494252873563218,0.0652659852735005,0.0,0,184,87,280,5328,0,13,0.14942528735632185,39
166,166000,0.0309055145558023,0.025,0.0284867147367133,0.0240885416666666,0.0375,0.0429801468341208,0.0299316612859258,0.0267857142857142,0.030557205036343,0.0,0,155,112,305,5328,0,16,0.14285714285714285,40
