batch,interactions,strategy,recall_at_10,precision_at_10,ndcg_at_10,hr_at_10,recall_at_20,precision_at_20,ndcg_at_20,hr_at_20,mrr,batch_emissions_mg,update_emissions_mg,updated
1,1000,incremental,0.05513505485945336,0.11481481481481481,0.12031361844656975,0.5555555555555556,0.08380334089102677,0.0962962962962963,0.12325311609945944,0.6666666666666666,0.23925977798526818,56.75237217381296,0.0,False
2,2000,incremental,0.0773859319774522,0.08571428571428572,0.1073293465085967,0.5,0.11883097388222208,0.0773809523809524,0.12232321823206448,0.6666666666666666,0.24924722414218212,57.254141105232065,0.0,False
3,3000,incremental,0.04665526984228189,0.13030303030303034,0.13746286707128416,0.48484848484848486,0.06807987395938575,0.09696969696969697,0.12213992265154613,0.6060606060606061,0.24757290639643578,56.77203025641019,0.0,False
4,4000,incremental,0.07163121994360878,0.13513513513513514,0.1498620344832649,0.5135135135135135,0.11684072035815535,0.11351351351351349,0.14925353835438243,0.7027027027027027,0.28257249228611453,57.40298227571391,0.0,False
5,5000,incremental,0.06402803196482891,0.19999999999999998,0.21328231721680255,0.6538461538461539,0.10238411606690495,0.175,0.19822096135534514,0.8461538461538461,0.4136427674889213,56.73405052043339,0.0,False
6,6000,incremental,0.0752500052351872,0.10270270270270272,0.126034761417777,0.5405405405405406,0.1331313440162844,0.0972972972972973,0.14119841692640994,0.7567567567567568,0.25905025905025897,56.5524057356942,0.0,False
7,7000,incremental,0.04612688159297531,0.11562499999999999,0.11740022599287678,0.5625,0.07816544883384055,0.0890625,0.11033601956977439,0.625,0.22435628607503605,56.84830609334091,0.0,False
8,8000,incremental,0.05955892041606778,0.09705882352941175,0.10741684599784032,0.5,0.0868946063748456,0.07647058823529411,0.10526269784789206,0.6470588235294118,0.21404619202606817,56.5298726741294,0.0,False
9,9000,incremental,0.07721377953601685,0.08611111111111111,0.11071669234068533,0.5555555555555556,0.16332937120414473,0.08749999999999998,0.1454870975454103,0.75,0.2487845601203444,57.0636648707509,0.0,False
10,10000,incremental,0.08734967377276638,0.12500000000000003,0.14597740273653376,0.6071428571428571,0.11082787124005086,0.09821428571428571,0.14190827680803259,0.6785714285714286,0.29342185592185593,56.58734865302516,0.0,False
11,11000,incremental,0.057335490684827864,0.11875000000000001,0.12439922038408735,0.5625,0.10528497727372985,0.0953125,0.12659476921252397,0.6875,0.25769898504273503,56.378684946466024,0.0,False
12,12000,incremental,0.06878409569961445,0.09473684210526315,0.09502687940412374,0.6052631578947368,0.11663660737468151,0.09210526315789473,0.11630174409556468,0.6842105263157895,0.20027151211361738,57.093626188223915,0.0,False
13,13000,incremental,0.035850757810661424,0.07027027027027029,0.06835493275897121,0.40540540540540543,0.06689845776636855,0.07027027027027029,0.07755659172192222,0.5675675675675675,0.1440913926208044,57.10076629838004,0.0,False
14,14000,incremental,0.08143117540202958,0.10666666666666666,0.12350534542479875,0.5555555555555556,0.14045549148176056,0.09888888888888887,0.13967746103960224,0.7111111111111111,0.2457075422761697,57.90386303611663,0.0,False
15,15000,incremental,0.06050463347211196,0.08666666666666668,0.10363384673470373,0.5,0.10971139652354649,0.09166666666666666,0.12168934216952804,0.7,0.262711345671872,57.17576191724286,0.0,False
16,16000,incremental,0.047933875906564984,0.09142857142857143,0.10316444569749887,0.5142857142857142,0.11074711157030928,0.09714285714285716,0.12294036261304161,0.6857142857142857,0.24473459080601936,57.17202126075105,0.0,False
17,17000,incremental,0.05888876849356321,0.1125,0.1198964282371073,0.625,0.1168106569331886,0.1171875,0.13880824854858503,0.75,0.28140094688807926,58.25444072375869,0.0,False
18,18000,incremental,0.06726466010401684,0.07547169811320754,0.09466527451777532,0.4716981132075472,0.11252338103584492,0.06981132075471698,0.10779481807825436,0.5849056603773585,0.20710869319359884,14.469881466310778,0.0,False
19,19000,incremental,0.06057209545970867,0.07906976744186048,0.09080663861052343,0.4418604651162791,0.11024234548728348,0.08023255813953487,0.1118694136258799,0.6046511627906976,0.19877040983672134,57.07861449022922,0.0,False
20,20000,incremental,0.05317171926573412,0.12400000000000003,0.12496058278363624,0.56,0.09246649835906919,0.11,0.13170464329244563,0.72,0.2103203463203463,56.52309058361933,258.8876697519108,True
21,21000,incremental,0.045436223517381066,0.061111111111111116,0.07475346992889681,0.3333333333333333,0.07443888752004507,0.05555555555555555,0.08092941497461419,0.4444444444444444,0.16663886389763582,13.380161056121466,0.0,False
22,22000,incremental,0.07979459223584418,0.09411764705882354,0.10791494015422884,0.5588235294117647,0.12409246686962859,0.08529411764705883,0.12393978646941006,0.6764705882352942,0.1995605293399411,63.89182535191155,0.0,False
23,23000,incremental,0.021024124421082417,0.07272727272727274,0.07770227506393322,0.45454545454545453,0.08417487221878822,0.0931818181818182,0.1032501869623812,0.7727272727272727,0.21317527169799896,59.65934132576094,0.0,False
24,24000,incremental,0.06458171524290456,0.11851851851851852,0.14850229625634004,0.5185185185185185,0.0857609467198629,0.08703703703703705,0.13878098479516845,0.6296296296296297,0.2924015285126397,13.342849632774247,0.0,False
25,25000,incremental,0.06119324354877379,0.11250000000000002,0.11440711629076104,0.375,0.08055311779572914,0.084375,0.11205455966108,0.46875,0.17226991758241758,60.02496190932985,0.0,False
26,26000,incremental,0.05790762830609042,0.10370370370370371,0.11655833142461747,0.5185185185185185,0.10902195373724591,0.09814814814814816,0.13560114441152255,0.6666666666666666,0.22659973771084882,60.35413705034448,0.0,False
27,27000,incremental,0.06988898945242904,0.10238095238095238,0.11325807996957003,0.42857142857142855,0.10430419107433328,0.0892857142857143,0.12257495167499478,0.5476190476190477,0.20690460333317479,13.4741412223065,0.0,False
28,28000,incremental,0.08405849618705004,0.08717948717948719,0.11014869546817109,0.41025641025641024,0.13524570800134747,0.08846153846153847,0.1337735828455471,0.6666666666666666,0.23672992208060079,61.45817287093081,0.0,False
29,29000,incremental,0.0652933877826964,0.07857142857142858,0.10691767859355032,0.47619047619047616,0.12512389248922598,0.08809523809523809,0.12783782225138896,0.7619047619047619,0.26084103170569334,59.76922682081657,0.0,False
30,30000,incremental,0.03978277362243563,0.084,0.07744242245124021,0.48,0.07863437119274223,0.092,0.09388557711251799,0.64,0.15504761904761905,13.338922241223168,0.0,False
31,31000,incremental,0.09074944380290585,0.17741935483870966,0.19365667392797759,0.6451612903225806,0.14567609295376627,0.132258064516129,0.18730742877120773,0.7741935483870968,0.3281856998600232,58.929843900966134,0.0,False
32,32000,incremental,0.04521005682613198,0.09285714285714287,0.10513826288202867,0.42857142857142855,0.0815929106422401,0.08392857142857144,0.1096847255659708,0.6785714285714286,0.21533255846198127,59.088692249557916,0.0,False
33,33000,incremental,0.0633198443129557,0.10857142857142857,0.12383540273071839,0.6,0.11376114774818333,0.09857142857142857,0.13505273671356713,0.6857142857142857,0.2542839699982557,59.41809786839773,0.0,False
34,34000,incremental,0.06122342895217037,0.1111111111111111,0.11246915221749121,0.5555555555555556,0.11934643255365485,0.11249999999999999,0.1358626857302218,0.6944444444444444,0.21518635231870528,58.48941425229404,0.0,False
35,35000,incremental,0.06633113658872303,0.19130434782608696,0.1938703764817576,0.7391304347826086,0.0924844455009084,0.14130434782608695,0.16294211263034591,0.8260869565217391,0.34575569358178054,13.309488503964687,0.0,False
36,36000,incremental,0.055205901458553266,0.11351351351351349,0.12404981379828278,0.5405405405405406,0.0949607235632985,0.09729729729729729,0.12542586069568487,0.6486486486486487,0.26938106938106937,58.91195984862423,0.0,False
37,37000,incremental,0.04603196870948295,0.09393939393939395,0.09662169529878079,0.45454545454545453,0.1145729182374033,0.09545454545454546,0.1210914976386215,0.696969696969697,0.2025848699152949,59.06172461466602,0.0,False
38,38000,incremental,0.06995877736745881,0.11515151515151516,0.11801564042010534,0.696969696969697,0.10274466262989848,0.10151515151515152,0.12313343971814555,0.7272727272727273,0.21455026455026452,58.72014406966847,0.0,False
39,39000,incremental,0.05206490908991064,0.07954545454545454,0.09180500694553938,0.36363636363636365,0.10510168821871702,0.07500000000000001,0.10511035528655333,0.6136363636363636,0.21011415748697626,13.372746085626217,0.0,False
40,40000,incremental,0.06063241700307918,0.09310344827586209,0.0899431656842916,0.4827586206896552,0.09964612958604462,0.08275862068965517,0.10157716065515977,0.5862068965517241,0.12415341514706307,58.682538119227566,227.34697692836787,True
41,41000,incremental,0.06843992306827883,0.09772727272727272,0.10149349082753402,0.5227272727272727,0.1149573459807053,0.0909090909090909,0.11547610051325095,0.6590909090909091,0.19617078925234005,63.93852907769738,0.0,False
42,42000,incremental,0.05284108905240125,0.12580645161290321,0.14254060319490944,0.45161290322580644,0.09240373015795193,0.09999999999999998,0.13486958228311097,0.6451612903225806,0.29543729515266515,13.532012874132443,0.0,False
43,43000,incremental,0.0691547164361007,0.11555555555555554,0.12518367310286854,0.5111111111111111,0.12342578802372159,0.09333333333333332,0.13052055092109155,0.6666666666666666,0.25034226981595403,61.5649870376136,0.0,False
44,44000,incremental,0.05848475940837659,0.08200000000000002,0.10045056950848752,0.46,0.10077790400014257,0.073,0.11039538158330256,0.6,0.23634854851031326,13.45034881377943,0.0,False
45,45000,incremental,0.059303969295897194,0.06923076923076923,0.08431431268187713,0.4807692307692308,0.09579483758848088,0.06153846153846153,0.09610395252419243,0.6153846153846154,0.20686330031337768,61.89731982497899,0.0,False
46,46000,incremental,0.05491643792315685,0.08936170212765958,0.10222920851477547,0.5106382978723404,0.10941563621955587,0.07659574468085105,0.11296261422106407,0.6595744680851063,0.23091867630353233,63.41302815796512,0.0,False
47,47000,incremental,0.07302352255669016,0.07441860465116279,0.10100861774503611,0.4883720930232558,0.11815776155115816,0.06976744186046513,0.11768666990331911,0.6511627906976745,0.23026003813947513,13.408447304722685,0.0,False
48,48000,incremental,0.053664588553623715,0.08627450980392155,0.10368690725162405,0.4117647058823529,0.10054252389006484,0.07745098039215685,0.11309498807299706,0.5490196078431373,0.2315831671481826,13.40366562750184,0.0,False
49,49000,incremental,0.0849234255719736,0.09555555555555555,0.11792746199370743,0.5555555555555556,0.14281815845553744,0.08444444444444445,0.14127367116570533,0.7777777777777778,0.2720909119928728,61.50303320776951,0.0,False
50,50000,incremental,0.0752084986155535,0.11489361702127661,0.13078739566077066,0.5957446808510638,0.11983171360242063,0.08936170212765958,0.12891376878249503,0.6808510638297872,0.2888055688867559,13.435115922475187,0.0,False
51,51000,incremental,0.06395611135378784,0.10888888888888888,0.11746758750969485,0.6,0.10057017560242563,0.08333333333333333,0.11461237181678187,0.7111111111111111,0.24631121964455302,63.99879054263744,0.0,False
52,52000,incremental,0.08060721783224607,0.13181818181818183,0.1506647411549065,0.4772727272727273,0.1338304844218559,0.1159090909090909,0.1615870254363557,0.5909090909090909,0.2599506331458203,13.429782811690602,0.0,False
53,53000,incremental,0.06021253742106389,0.11666666666666665,0.1299092549225366,0.47619047619047616,0.09463007745119081,0.09166666666666667,0.11965933179369656,0.5952380952380952,0.264297264626212,61.01430916616475,0.0,False
54,54000,incremental,0.07802605247971614,0.08888888888888886,0.10600794119073326,0.5740740740740741,0.1354013924491798,0.08425925925925924,0.12550388002797616,0.7962962962962963,0.20920428065035906,61.40433337549446,0.0,False
55,55000,incremental,0.05158932839366874,0.09393939393939396,0.1218762165858407,0.42424242424242425,0.09554678645191096,0.09848484848484848,0.13679761043620464,0.6363636363636364,0.25516692903056537,60.833148139622686,0.0,False
56,56000,incremental,0.05463871734252635,0.12631578947368424,0.14994030803585487,0.6052631578947368,0.10027112198279313,0.1131578947368421,0.14653943324222088,0.8157894736842105,0.3693629104813315,60.41596500112011,0.0,False
57,57000,incremental,0.08819350113274815,0.15555555555555556,0.17590759296843167,0.6222222222222222,0.13934432315014098,0.12444444444444445,0.17241395603522613,0.7111111111111111,0.3368574213311055,60.28843252534229,0.0,False
58,58000,incremental,0.06164226356583213,0.11081081081081083,0.11899407686097345,0.5405405405405406,0.11612732680175732,0.10270270270270271,0.13157064461718163,0.7027027027027027,0.24069811569811567,60.49603777481122,0.0,False
59,59000,incremental,0.06286446454152951,0.12666666666666665,0.15446559655752307,0.5333333333333333,0.10059765224540078,0.10833333333333332,0.1470815202383344,0.6666666666666666,0.32130061115355235,62.92483785399258,0.0,False
60,60000,incremental,0.09649375154239803,0.1375,0.15467990624038375,0.75,0.12362184948894685,0.109375,0.15300109000201034,0.78125,0.31062748015873015,60.30123303558694,228.23481336789422,True
61,61000,incremental,0.08186857043780135,0.11521739130434783,0.13547025343854455,0.5652173913043478,0.14405233134257361,0.10869565217391304,0.15459061196370638,0.782608695652174,0.27971092916745094,13.808445769798814,0.0,False
62,62000,incremental,0.04278787087327138,0.0794871794871795,0.09263716488699957,0.48717948717948717,0.105042773830036,0.08333333333333333,0.10959591503050332,0.6923076923076923,0.22163526045104995,65.50311848057493,0.0,False
63,63000,incremental,0.04574399231169321,0.17600000000000002,0.1883018575422701,0.52,0.08236899122460191,0.15200000000000002,0.17707013119402007,0.68,0.3311004159239453,13.423955028989305,0.0,False
64,64000,incremental,0.06028510576828047,0.08974358974358976,0.08937428342215978,0.5641025641025641,0.11233444339028015,0.09358974358974356,0.10905803385893052,0.7692307692307693,0.18632414593953056,62.8796544044543,0.0,False
65,65000,incremental,0.07811895410305536,0.12000000000000001,0.13710951436003546,0.6,0.13125830489790621,0.11142857142857142,0.14897442822819731,0.7714285714285715,0.28317606996178424,62.218396342503254,0.0,False
66,66000,incremental,0.09462797379767175,0.13636363636363635,0.15807981817779956,0.6590909090909091,0.14273714229273626,0.10795454545454543,0.1614536597399752,0.6818181818181818,0.2820256132756133,14.386461647700015,0.0,False
67,67000,incremental,0.09954116728126143,0.1297872340425532,0.15576584425536666,0.5319148936170213,0.136464762502729,0.09787234042553189,0.14989803392488335,0.7021276595744681,0.2707529359405059,15.167193669953297,0.0,False
68,68000,incremental,0.041541471439027276,0.06285714285714285,0.0806130496610357,0.42857142857142855,0.07794464985627575,0.06571428571428573,0.08852757459623235,0.6571428571428571,0.20528918032677432,13.41420736309957,0.0,False
69,69000,incremental,0.0687952562084963,0.0975,0.11613311269694378,0.525,0.11378634182121475,0.08374999999999999,0.1251762729229693,0.7,0.24709524028602975,13.420375069237918,0.0,False
70,70000,incremental,0.06495498956608957,0.1,0.10737307413530926,0.5428571428571428,0.12059941698184554,0.10285714285714286,0.1321736376901589,0.8,0.2097727639700218,65.33287306515965,0.0,False
71,71000,incremental,0.07493522997905978,0.11212121212121212,0.12187475427311488,0.6363636363636364,0.11279253885252029,0.09848484848484848,0.13298371693163213,0.6666666666666666,0.24297848616030437,13.928724819698909,0.0,False
72,72000,incremental,0.05763601818834552,0.1,0.1100033712069547,0.7142857142857143,0.09337945094564283,0.1,0.12353721801694459,0.7857142857142857,0.2775896044223112,64.20148509984121,0.0,False
73,73000,incremental,0.0747091934348963,0.08666666666666668,0.10256987265549967,0.5333333333333333,0.1291751398485171,0.08333333333333333,0.11981753720249512,0.7111111111111111,0.21269325216693633,67.60860088458367,0.0,False
74,74000,incremental,0.0557172834625374,0.14193548387096774,0.15266338852893477,0.5161290322580645,0.0990009749459911,0.1129032258064516,0.1436782214633046,0.6774193548387096,0.2679501172285552,15.216817555156574,0.0,False
75,75000,incremental,0.07661712065569265,0.13030303030303034,0.14096219202470592,0.5151515151515151,0.16487168522813772,0.14090909090909093,0.17398614033293736,0.7575757575757576,0.25552680880220985,13.454720738687032,0.0,False
76,76000,incremental,0.07995786838262783,0.12142857142857141,0.1417483377559611,0.6190476190476191,0.10898241019904871,0.09761904761904763,0.13759387280976978,0.6666666666666666,0.31571239606953894,13.468908533161885,0.0,False
77,77000,incremental,0.057453738691504476,0.15333333333333332,0.16779624153263883,0.6333333333333333,0.09366736654434135,0.12166666666666667,0.15596159902584275,0.7,0.318956228956229,63.26666602613114,0.0,False
78,78000,incremental,0.05085426909533058,0.11290322580645161,0.11651721159415637,0.6129032258064516,0.09735097749184825,0.11129032258064514,0.129902975836807,0.8064516129032258,0.25278467052660597,13.445653314540436,0.0,False
79,79000,incremental,0.05723736910688536,0.09655172413793105,0.11615273121840737,0.5172413793103449,0.1137006576756276,0.08448275862068964,0.12643271399880185,0.6551724137931034,0.26569426741840535,63.24568296997395,0.0,False
80,80000,incremental,0.04653793903283832,0.1392857142857143,0.14748779350348315,0.5357142857142857,0.06015226358368269,0.10535714285714283,0.12891142570879816,0.5357142857142857,0.2976615646258503,13.467650922547278,290.4051370547812,True
81,81000,incremental,0.07117528543648749,0.15,0.15014561018670394,0.6578947368421053,0.12699950600090515,0.13026315789473683,0.15471112951531465,0.8157894736842105,0.25856539774476056,65.94541359725842,0.0,False
82,82000,incremental,0.045054869199374556,0.09333333333333334,0.11305296828987194,0.6,0.06987292157337642,0.0833333333333333,0.11193392632521675,0.6666666666666666,0.3105699855699856,67.22488544935301,0.0,False
83,83000,incremental,0.06184806624562897,0.09166666666666667,0.10658364511365193,0.4722222222222222,0.11269184742748999,0.07777777777777778,0.11734532804159542,0.6388888888888888,0.2229104614521281,67.64162387465008,0.0,False
84,84000,incremental,0.08279618376898498,0.19696969696969696,0.19951664792910404,0.6363636363636364,0.12319214789831033,0.1590909090909091,0.18760650197754947,0.7878787878787878,0.3208275434211263,13.488550227781609,0.0,False
85,85000,incremental,0.04773740144030055,0.14333333333333337,0.16517264848147578,0.4666666666666667,0.09280676507687083,0.13,0.1633917993497833,0.7,0.3560016202121465,13.53903430592867,0.0,False
86,86000,incremental,0.04542717942956131,0.11212121212121212,0.12859684777659988,0.5151515151515151,0.0909042075830125,0.10303030303030304,0.12822161176099864,0.6666666666666666,0.302008177008177,65.10286121876128,0.0,False
87,87000,incremental,0.05069106935583797,0.0945945945945946,0.09104823582209999,0.4864864864864865,0.08463360792887863,0.08783783783783786,0.1017619327711365,0.5945945945945946,0.15981807231807232,13.545026898437694,0.0,False
88,88000,incremental,0.0477939641560045,0.09047619047619049,0.08965161151878216,0.40476190476190477,0.09530242136781115,0.0892857142857143,0.10701289559685596,0.6190476190476191,0.14731456685238195,13.553817079513774,0.0,False
89,89000,incremental,0.04318532683369351,0.12,0.1340522694708865,0.4,0.07867955648993127,0.11,0.13100925406116704,0.6,0.26673774179037335,64.70980982428709,0.0,False
90,90000,incremental,0.06533454560709076,0.1346153846153846,0.1356776434767368,0.5384615384615384,0.10037266879713022,0.10769230769230768,0.13715077577540188,0.6538461538461539,0.2382645132645132,13.433533308409782,0.0,False
91,91000,incremental,0.07620488243624043,0.1142857142857143,0.13046440547286217,0.5952380952380952,0.1149593950731872,0.09285714285714286,0.13430993591875556,0.6904761904761905,0.26196085660371377,64.28682778493281,0.0,False
92,92000,incremental,0.0618765885837497,0.1088888888888889,0.12015560653870097,0.4666666666666667,0.09075029107850931,0.08555555555555555,0.11688781439300787,0.6,0.23830938258698836,13.482373997622359,0.0,False
93,93000,incremental,0.056098771831225226,0.11578947368421054,0.12242763610763555,0.5263157894736842,0.09937868565738107,0.10789473684210525,0.13076114210554446,0.7105263157894737,0.2436240294792926,13.466150680538531,0.0,False
94,94000,incremental,0.053233004762004495,0.1054054054054054,0.10744453144913972,0.4594594594594595,0.08702132508731929,0.09054054054054053,0.11156790651536412,0.5675675675675675,0.19191586544527722,13.456684809053446,0.0,False
95,95000,incremental,0.080011117825342,0.11212121212121212,0.1371556646407381,0.6060606060606061,0.14210129311301775,0.09696969696969696,0.14738570619138916,0.696969696969697,0.2883116883116883,13.48370547896334,0.0,False
96,96000,incremental,0.07773723183926477,0.11666666666666667,0.10630762074632671,0.6666666666666666,0.11341889497499381,0.09499999999999999,0.11725704146179895,0.7,0.192008547008547,13.49154004248558,0.0,False
97,97000,incremental,0.07449599284158108,0.09375,0.11316209462803883,0.5,0.1078458097254053,0.08281250000000001,0.12381360723769123,0.65625,0.23499830439168676,13.471855678759761,0.0,False
98,98000,incremental,0.04226422585531866,0.12272727272727274,0.13330685157182612,0.45454545454545453,0.07312090340174135,0.11363636363636362,0.13245562941466715,0.7272727272727273,0.2788898341705828,13.439354006925843,0.0,False
99,99000,incremental,0.08617834700839952,0.11470588235294119,0.14005633565282993,0.6764705882352942,0.14836701668007707,0.10588235294117646,0.1554524702491945,0.7941176470588235,0.3091792452473567,13.449932883598942,0.0,False
100,100000,incremental,0.054338344942952,0.06666666666666667,0.08975742930445652,0.4222222222222222,0.12338004564138494,0.06888888888888887,0.1130439067043243,0.6888888888888889,0.2420736833017535,13.488982583023494,208.87057539410898,True
101,101000,incremental,0.07049926131128463,0.08823529411764706,0.09899896298455169,0.47058823529411764,0.12512652775154579,0.07058823529411766,0.10750787867502569,0.7647058823529411,0.2183803245005667,65.67408106940026,0.0,False
102,102000,incremental,0.06411849889135045,0.07727272727272728,0.0970598950038036,0.4090909090909091,0.11489640468552084,0.07727272727272727,0.11940203716797272,0.6363636363636364,0.2107419610559563,13.56404922792879,0.0,False
103,103000,incremental,0.05731678959397365,0.09677419354838711,0.10902462989737206,0.45161290322580644,0.10787270340497271,0.09838709677419354,0.12669271233706203,0.6774193548387096,0.2143953999217157,67.92929841181738,0.0,False
104,104000,incremental,0.08194396836446714,0.13103448275862067,0.1469975302357613,0.6206896551724138,0.13363700515161334,0.11724137931034484,0.16056728978839568,0.7931034482758621,0.2802592522420108,13.545472103177088,0.0,False
105,105000,incremental,0.06966934777170244,0.0891891891891892,0.10628527744115014,0.5135135135135135,0.10362501905441311,0.07702702702702705,0.11512801576637002,0.6756756756756757,0.24541809541809537,13.544061467676318,0.0,False
106,106000,incremental,0.053529342203889184,0.14193548387096774,0.14730838210135366,0.5483870967741935,0.08215623103395438,0.1193548387096774,0.1425934818734645,0.6129032258064516,0.23394777265745006,13.546223660331272,0.0,False
107,107000,incremental,0.05148189915257123,0.1108108108108108,0.10795678498095136,0.5945945945945946,0.1001290870067344,0.10675675675675678,0.1168615003491977,0.7297297297297297,0.21196911196911197,13.561481270837026,0.0,False
108,108000,incremental,0.0517881465508,0.09696969696969697,0.10630385029331972,0.45454545454545453,0.09654858127200971,0.09090909090909091,0.11988415933378721,0.6060606060606061,0.2042610167610168,13.531512732696365,0.0,False
109,109000,incremental,0.052309442122096206,0.07027027027027027,0.08192614129968985,0.32432432432432434,0.10509097126965629,0.07972972972972972,0.10726873701076368,0.5675675675675675,0.15906195906195905,13.541038721573418,0.0,False
110,110000,incremental,0.03905563246042501,0.07500000000000001,0.07269308310953405,0.46875,0.06877364728566286,0.0859375,0.09083020998129696,0.625,0.17265356171606172,13.550279443003653,0.0,False
111,111000,incremental,0.05282029857343245,0.075,0.09093974946434642,0.4642857142857143,0.0834586565226684,0.08214285714285716,0.10755133728605493,0.6785714285714286,0.21243620408536376,13.5259860244933,0.0,False
112,112000,incremental,0.04462205154324476,0.10416666666666667,0.10715648575218921,0.5,0.08965989138850801,0.09999999999999999,0.11749647598165476,0.75,0.191592394533571,70.27643053670977,0.0,False
113,113000,incremental,0.07235809739795794,0.11162790697674416,0.12357667489141981,0.5581395348837209,0.10563577935751307,0.08720930232558138,0.12287298972160426,0.627906976744186,0.21960594315245477,69.18173477749815,0.0,False
114,114000,incremental,0.06240348666513116,0.09069767441860464,0.10191175253997795,0.5348837209302325,0.13844036824882563,0.09767441860465116,0.13140893504355727,0.7674418604651163,0.23159702904194948,14.77244450208328,0.0,False
115,115000,incremental,0.06431212365709903,0.1,0.11363277255276524,0.5,0.11068253193820392,0.09285714285714286,0.1261724217570956,0.6666666666666666,0.23257726504906953,13.487707696422692,0.0,False
116,116000,incremental,0.04442720243230719,0.07894736842105265,0.09487622877130963,0.5526315789473685,0.0904803095545328,0.07894736842105261,0.1060401990805408,0.7105263157894737,0.22239909213593426,13.519830585629819,0.0,False
117,117000,incremental,0.07579057925316683,0.10833333333333334,0.11375886869712036,0.5,0.1254831976973623,0.08854166666666667,0.12454952684012321,0.625,0.21175468050468052,13.544025423032485,0.0,False
118,118000,incremental,0.08331731132055602,0.1272727272727273,0.14442635172558438,0.45454545454545453,0.13706585250099373,0.10606060606060606,0.15316850251872588,0.6363636363636364,0.2573395149950174,13.531996062745959,0.0,False
119,119000,incremental,0.049033774828762804,0.08372093023255815,0.09045505517685642,0.4418604651162791,0.08999571911132728,0.07674418604651162,0.10203473097852457,0.6744186046511628,0.19417974106756594,13.510995660970769,0.0,False
120,120000,incremental,0.04093727118746098,0.09142857142857143,0.10904606527205346,0.5142857142857142,0.09426424745333126,0.09142857142857143,0.11807973181321008,0.7428571428571429,0.2648005402627251,13.543144793654038,387.8436377330345,True
121,121000,incremental,0.11000043967552497,0.17500000000000002,0.19416605879314716,0.6666666666666666,0.12937329817205678,0.12083333333333335,0.1762830045421108,0.7083333333333334,0.35525793650793647,15.411102249139608,0.0,False
122,122000,incremental,0.06266017195373554,0.09999999999999999,0.10545465111787045,0.5714285714285714,0.11925683537148282,0.09795918367346938,0.12259550956256852,0.6938775510204082,0.24185366787407606,13.811881368278565,0.0,False
123,123000,incremental,0.061520316349785005,0.09069767441860464,0.11673820110898438,0.46511627906976744,0.09529565763955762,0.0755813953488372,0.11670363746398006,0.6046511627906976,0.26699644974268777,13.51512772537148,0.0,False
124,124000,incremental,0.057970201775874856,0.0744186046511628,0.08206605067074305,0.6046511627906976,0.09804944935339288,0.06744186046511627,0.09233992206070296,0.7209302325581395,0.2029778683848451,71.31198647947981,0.0,False
125,125000,incremental,0.05498676275824637,0.10882352941176471,0.12309991783236666,0.5882352941176471,0.08780340639566438,0.09705882352941177,0.12122218549533968,0.7352941176470589,0.2959847174163783,14.718674589989273,0.0,False
126,126000,incremental,0.04490935427042674,0.07692307692307694,0.07125859930536066,0.5128205128205128,0.0797058756222283,0.07435897435897437,0.08578259508660423,0.6923076923076923,0.14360259733562897,14.122002756173854,0.0,False
127,127000,incremental,0.07291296844068076,0.1121951219512195,0.13637641386463173,0.4878048780487805,0.12528165706716352,0.10243902439024388,0.14456988669307777,0.6829268292682927,0.2797377080913666,13.813319351203141,0.0,False
128,128000,incremental,0.04608489914764742,0.0810810810810811,0.11625393885486265,0.4594594594594595,0.07119100212083841,0.06486486486486487,0.10804283197854567,0.5675675675675675,0.31962609462609465,13.917835569410112,0.0,False
129,129000,incremental,0.045395252994165865,0.0870967741935484,0.07469739463648671,0.41935483870967744,0.09272570691049349,0.09516129032258065,0.09923061729307432,0.7096774193548387,0.11960298750596363,16.3060250278459,0.0,False
130,130000,incremental,0.09120574923741327,0.1,0.1401430319069179,0.45454545454545453,0.13758210741091678,0.08787878787878789,0.1507878562221842,0.6363636363636364,0.26403132041676936,14.05470247090989,0.0,False
131,131000,incremental,0.03561419147529689,0.05777777777777778,0.059361816932857546,0.3333333333333333,0.0850535207583114,0.07111111111111111,0.0810966881037296,0.5777777777777777,0.13245607152469896,68.66222813995456,0.0,False
132,132000,incremental,0.09212315009973462,0.1326530612244898,0.15329632523510262,0.5918367346938775,0.1441637295662426,0.10204081632653061,0.1555327743493571,0.7142857142857143,0.322447901466351,14.953388011895024,0.0,False
133,133000,incremental,0.12331936962163002,0.12272727272727274,0.15700160488569828,0.6590909090909091,0.16746856309257052,0.09886363636363636,0.1638393159064275,0.7954545454545454,0.30300406664043034,13.664698540658513,0.0,False
134,134000,incremental,0.04688518535229957,0.11428571428571428,0.12075664149803093,0.5142857142857142,0.07721799395466132,0.09857142857142857,0.11697193773366171,0.6285714285714286,0.24935477221191507,13.598717471928305,0.0,False
135,135000,incremental,0.07193677528029965,0.11818181818181818,0.12872793094117535,0.48484848484848486,0.11482710528463579,0.10151515151515152,0.14035819125297805,0.6363636363636364,0.22039233048591336,13.623559930461306,0.0,False
136,136000,incremental,0.05463931672500903,0.12333333333333334,0.13402803731596233,0.5,0.07393891974815697,0.10666666666666667,0.133829977089984,0.6,0.23102283337577453,70.86007827612328,0.0,False
137,137000,incremental,0.06928121451524846,0.12000000000000001,0.14640336488616332,0.5428571428571428,0.10503944537218414,0.09857142857142857,0.14412465654348375,0.7714285714285715,0.3075544401296281,15.760732913425342,0.0,False
138,138000,incremental,0.0468220470095138,0.08604651162790697,0.0884189819475008,0.3953488372093023,0.08099707032919685,0.07325581395348837,0.09371066100743744,0.5116279069767442,0.15842221833653902,13.604579235481154,0.0,False
139,139000,incremental,0.03721203750812844,0.075,0.0755081048365144,0.425,0.06572476851369158,0.0675,0.07952051211220171,0.6,0.16629058441558442,13.643980574003754,0.0,False
140,140000,incremental,0.050455293026801205,0.10000000000000002,0.09725713774399991,0.4864864864864865,0.10150893997075501,0.0945945945945946,0.10878865116331099,0.7297297297297297,0.19826449826449827,13.601108526974103,425.4618116107476,True
141,141000,incremental,0.08340069046420835,0.13870967741935483,0.15005267203158285,0.6451612903225806,0.132079336476349,0.11774193548387096,0.15679509757254287,0.8064516129032258,0.28721757633047956,16.623892787262854,0.0,False
142,142000,incremental,0.02538348774657296,0.0642857142857143,0.07351993420446312,0.2857142857142857,0.04319281196248543,0.0642857142857143,0.0801768159634481,0.42857142857142855,0.1474373840445269,13.795223328468172,0.0,False
143,143000,incremental,0.06544263864518737,0.11142857142857143,0.11747245111828321,0.4857142857142857,0.09702277506552494,0.09,0.11863065513171238,0.6,0.22709009244723533,13.660933476610653,0.0,False
144,144000,incremental,0.025977962492740817,0.07837837837837838,0.07829502789582861,0.43243243243243246,0.057951325500586584,0.06756756756756757,0.07671434076810406,0.4864864864864865,0.16042666042666043,13.609191904061582,0.0,False
145,145000,incremental,0.07663259242311793,0.135,0.15686930558090342,0.675,0.11833535423765548,0.10500000000000001,0.14891464931237258,0.725,0.33785714285714286,13.681429925333811,0.0,False
146,146000,incremental,0.0742717091728758,0.13,0.13408973450059816,0.7,0.09481259375994373,0.10166666666666666,0.12944968878683802,0.7333333333333333,0.2689417989417989,13.649922309699226,0.0,False
147,147000,incremental,0.03511238574463697,0.08947368421052633,0.10965865292521636,0.39473684210526316,0.07180869985873785,0.07763157894736841,0.10788810626590492,0.6052631578947368,0.2535394430131272,13.64188829507118,0.0,False
148,148000,incremental,0.06071638719504962,0.10227272727272728,0.11117256340775201,0.4318181818181818,0.10167845196033105,0.09431818181818183,0.11843641690110468,0.6590909090909091,0.19589268982651334,13.650260001036793,0.0,False
149,149000,incremental,0.05835529967261668,0.11282051282051284,0.11578475115563427,0.5384615384615384,0.09389681863780165,0.09871794871794871,0.11836131641195077,0.6410256410256411,0.21748159248159246,13.677009744005215,0.0,False
150,150000,incremental,0.07757896127004972,0.11470588235294119,0.1336255605827965,0.6176470588235294,0.14143688620247277,0.09558823529411765,0.14344956562237146,0.7352941176470589,0.28980329311211667,13.632133789076573,0.0,False
151,151000,incremental,0.0724695368258837,0.096875,0.11802807935407555,0.5625,0.11238498182131935,0.0859375,0.12492623722862539,0.71875,0.23856773520811836,13.676966985092486,0.0,False
152,152000,incremental,0.044964809745254304,0.12352941176470589,0.13378658744080182,0.47058823529411764,0.11444592163137604,0.11911764705882352,0.1433316099502611,0.6470588235294118,0.25023995309007147,70.83828970584626,0.0,False
153,153000,incremental,0.07775818277053469,0.1,0.12496849337216746,0.575,0.12735301943121494,0.08875000000000001,0.13652919338559824,0.775,0.28835225844417023,70.58185433168103,0.0,False
154,154000,incremental,0.07578789932095494,0.1368421052631579,0.16534100134688892,0.5263157894736842,0.12145831810069997,0.11973684210526316,0.16707214974107276,0.6052631578947368,0.31323853893105974,14.989168311037824,0.0,False
155,155000,incremental,0.0567653380453476,0.07333333333333333,0.08741713922871008,0.4666666666666667,0.1288833383216726,0.08777777777777777,0.12211701434049284,0.7333333333333333,0.23102389259252,70.85909107609842,0.0,False
156,156000,incremental,0.07837174361754508,0.11428571428571428,0.12372160697890483,0.5142857142857142,0.14307042160772657,0.10714285714285715,0.14501041661215655,0.7428571428571429,0.22547619047619047,15.518287657790772,0.0,False
157,157000,incremental,0.08770418745549201,0.11499999999999999,0.13474322227345858,0.575,0.1335556730208246,0.08875,0.1351450224630681,0.725,0.28538728632478627,13.759372158650592,0.0,False
158,158000,incremental,0.04867804046571009,0.0782608695652174,0.07610048516391935,0.45652173913043476,0.09671232565674585,0.07282608695652174,0.09044517086571395,0.6086956521739131,0.1533434147850624,13.634291964810183,0.0,False
159,159000,incremental,0.07870880320417839,0.1487179487179487,0.16815247747801437,0.6410256410256411,0.1326487709770466,0.12564102564102564,0.16932153139952344,0.8205128205128205,0.33910981915864025,13.64084633580405,0.0,False
160,160000,incremental,0.07254578289733793,0.1189189189189189,0.12438547666430276,0.5945945945945946,0.11328111075163927,0.09729729729729729,0.1296527046041095,0.7837837837837838,0.2421243281537399,13.653118861628629,415.13454798877603,True
161,161000,incremental,0.07739145240452093,0.11612903225806452,0.13626854193075408,0.5161290322580645,0.1019547275528935,0.09193548387096773,0.1374795450604139,0.6451612903225806,0.2513324489130941,15.799613974075074,0.0,False
162,162000,incremental,0.06415725909837275,0.10294117647058823,0.1078814970774384,0.5882352941176471,0.12172320323545194,0.10735294117647058,0.13108902146422863,0.8235294117647058,0.23702990765684262,14.333872153729498,0.0,False
163,163000,incremental,0.08749513364106465,0.13421052631578947,0.16305912953638363,0.6052631578947368,0.12740777698929173,0.1,0.1586935420167412,0.6842105263157895,0.3196969696969697,13.69502165899511,0.0,False
164,164000,incremental,0.052186228708595316,0.0825,0.08422454576971575,0.6,0.101926327964705,0.07875000000000001,0.09860907601070283,0.75,0.21715326082586142,13.771772249579485,0.0,False
165,165000,incremental,0.11298008855065832,0.12954545454545452,0.15435867946740983,0.5681818181818182,0.18130067471594466,0.11022727272727272,0.1756985201566579,0.7272727272727273,0.26940099042371773,13.692548755050993,0.0,False
166,166000,incremental,0.09266966900187074,0.13611111111111113,0.13756552970457525,0.6388888888888888,0.127932031464754,0.10416666666666667,0.1387948138537486,0.6944444444444444,0.22853835978835976,13.74614072428143,0.0,False
167,167000,incremental,0.10137970636665207,0.10465116279069768,0.12098596219172468,0.5581395348837209,0.17961964176926137,0.09651162790697673,0.15135920822988075,0.6744186046511628,0.20509847349792631,13.746147984600512,0.0,False
168,168000,incremental,0.07699395739884812,0.12631578947368421,0.14385381449472062,0.5789473684210527,0.11869085180240656,0.10921052631578947,0.14335968532528584,0.7368421052631579,0.2776437974152655,71.941496998967,0.0,False
169,169000,incremental,0.043836348539902925,0.10555555555555557,0.11385429036578988,0.5277777777777778,0.08724070570397505,0.09999999999999999,0.1199752456725255,0.75,0.24271237734860027,14.891852943364759,0.0,False
