batch,interactions,strategy,recall_at_10,ndcg_at_10,hr_at_10,recall_at_20,ndcg_at_20,hr_at_20,mrr,update_energy_uwh,updated
1,1000,no_update,0.05513505485945336,0.12031361844656975,0.5555555555555556,0.08380334089102677,0.12325311609945944,0.6666666666666666,0.23925977798526818,0.0,False
2,2000,no_update,0.0773859319774522,0.1073293465085967,0.5,0.11883097388222208,0.12232321823206448,0.6666666666666666,0.24924722414218212,0.0,False
3,3000,no_update,0.04665526984228189,0.13746286707128416,0.48484848484848486,0.06807987395938575,0.12213992265154613,0.6060606060606061,0.24757290639643578,0.0,False
4,4000,no_update,0.07163121994360878,0.1498620344832649,0.5135135135135135,0.11684072035815535,0.14925353835438243,0.7027027027027027,0.28257249228611453,0.0,False
5,5000,no_update,0.06402803196482891,0.21328231721680255,0.6538461538461539,0.10238411606690495,0.19822096135534514,0.8461538461538461,0.4136427674889213,0.0,False
6,6000,no_update,0.0752500052351872,0.126034761417777,0.5405405405405406,0.1331313440162844,0.14119841692640994,0.7567567567567568,0.25905025905025897,0.0,False
7,7000,no_update,0.04612688159297531,0.11740022599287678,0.5625,0.07816544883384055,0.11033601956977439,0.625,0.22435628607503605,0.0,False
8,8000,no_update,0.05955892041606778,0.10741684599784032,0.5,0.0868946063748456,0.10526269784789206,0.6470588235294118,0.21404619202606817,0.0,False
9,9000,no_update,0.07721377953601685,0.11071669234068533,0.5555555555555556,0.16332937120414473,0.1454870975454103,0.75,0.2487845601203444,0.0,False
10,10000,no_update,0.08734967377276638,0.14597740273653376,0.6071428571428571,0.11082787124005086,0.14190827680803259,0.6785714285714286,0.29342185592185593,0.0,False
11,11000,no_update,0.057335490684827864,0.12439922038408735,0.5625,0.10528497727372985,0.12659476921252397,0.6875,0.25769898504273503,0.0,False
12,12000,no_update,0.06878409569961445,0.09502687940412374,0.6052631578947368,0.11663660737468151,0.11630174409556468,0.6842105263157895,0.20027151211361738,0.0,False
13,13000,no_update,0.035850757810661424,0.06835493275897121,0.40540540540540543,0.06689845776636855,0.07755659172192222,0.5675675675675675,0.1440913926208044,0.0,False
14,14000,no_update,0.08143117540202958,0.12350534542479875,0.5555555555555556,0.14045549148176056,0.13967746103960224,0.7111111111111111,0.2457075422761697,0.0,False
15,15000,no_update,0.06050463347211196,0.10363384673470373,0.5,0.10971139652354649,0.12168934216952804,0.7,0.262711345671872,0.0,False
16,16000,no_update,0.047933875906564984,0.10316444569749887,0.5142857142857142,0.11074711157030928,0.12294036261304161,0.6857142857142857,0.24473459080601936,0.0,False
17,17000,no_update,0.05888876849356321,0.1198964282371073,0.625,0.1168106569331886,0.13880824854858503,0.75,0.28140094688807926,0.0,False
18,18000,no_update,0.06726466010401684,0.09466527451777532,0.4716981132075472,0.11252338103584492,0.10779481807825436,0.5849056603773585,0.20710869319359884,0.0,False
19,19000,no_update,0.06057209545970867,0.09080663861052343,0.4418604651162791,0.11024234548728348,0.1118694136258799,0.6046511627906976,0.19877040983672134,0.0,False
20,20000,no_update,0.05317171926573412,0.12496058278363624,0.56,0.09246649835906919,0.13170464329244563,0.72,0.2103203463203463,0.0,False
21,21000,no_update,0.043385323028980585,0.0710852441463663,0.3333333333333333,0.0715545266298852,0.07736019185179249,0.4166666666666667,0.15727443852443854,0.0,False
22,22000,no_update,0.08521484334023852,0.10536209525373565,0.5882352941176471,0.12452197751965013,0.12057846858622598,0.6764705882352942,0.18179377811730754,0.0,False
23,23000,no_update,0.02302772853736259,0.0871717308710071,0.45454545454545453,0.0919883970777676,0.10905000410575688,0.7727272727272727,0.22368836971109696,0.0,False
24,24000,no_update,0.06073606924039581,0.14196783505963445,0.4444444444444444,0.08486848799607888,0.13652998754397186,0.6296296296296297,0.2911378381966617,0.0,False
25,25000,no_update,0.06057511168064192,0.11326776224693572,0.40625,0.08167872829633964,0.11451588674858568,0.5,0.18116611227824464,0.0,False
26,26000,no_update,0.049160639213189375,0.11402777351119008,0.4444444444444444,0.10745482313785724,0.13517519703048078,0.6666666666666666,0.22326839826839823,0.0,False
27,27000,no_update,0.06934071334592552,0.11426346355570927,0.40476190476190477,0.0994991903106859,0.12130983548945531,0.5714285714285714,0.21577562648991222,0.0,False
28,28000,no_update,0.07759772858030604,0.11322228207286497,0.46153846153846156,0.1299160738673655,0.12988488391336797,0.6410256410256411,0.2278687124840971,0.0,False
29,29000,no_update,0.06526189370358328,0.1047623376797057,0.47619047619047616,0.12304055915589263,0.12444932801575839,0.7619047619047619,0.24913468249934412,0.0,False
30,30000,no_update,0.03178277362243563,0.07042737685004984,0.4,0.085797597522439,0.09134666042900598,0.68,0.14060073260073258,0.0,False
31,31000,no_update,0.07901215363491602,0.1848659148704886,0.5806451612903226,0.1391382521012497,0.185614179157165,0.7419354838709677,0.34059512455098195,0.0,False
32,32000,no_update,0.043163428693662534,0.09603245291195059,0.39285714285714285,0.08083148408998957,0.11004301167448793,0.6071428571428571,0.21209735489091971,0.0,False
33,33000,no_update,0.06262264107125859,0.12007275624709257,0.5714285714285714,0.11247429967562098,0.13107336550228657,0.7142857142857143,0.2384807256235828,0.0,False
34,34000,no_update,0.05451506124795756,0.1142145732605793,0.5,0.1215081864981112,0.13987468799843147,0.6944444444444444,0.2350413962256067,0.0,False
35,35000,no_update,0.05660028772743939,0.1910221617604461,0.6956521739130435,0.08875056209593792,0.16024291258310217,0.782608695652174,0.36237373737373735,0.0,False
36,36000,no_update,0.05492140643721614,0.11974482239308391,0.5405405405405406,0.10098504415215263,0.12750341561649733,0.6756756756756757,0.25610340463281644,0.0,False
37,37000,no_update,0.05085933530879377,0.09874692395930845,0.48484848484848486,0.11286511859145934,0.1235771319125192,0.696969696969697,0.21450435086798725,0.0,False
38,38000,no_update,0.06675916763375817,0.11613892211892905,0.696969696969697,0.09747143201110699,0.11853287368937683,0.7272727272727273,0.2018278018278018,0.0,False
39,39000,no_update,0.05529447522270259,0.08983713883994325,0.36363636363636365,0.10366048422069483,0.10299621498801136,0.6136363636363636,0.20188959695978415,0.0,False
40,40000,no_update,0.059795436112719404,0.0932028761358593,0.4482758620689655,0.09445412331645214,0.10205356095112507,0.5862068965517241,0.14040901627108524,0.0,False
41,41000,no_update,0.0662674815685625,0.10841356655554564,0.4772727272727273,0.11938629919008288,0.11903907677879486,0.7045454545454546,0.20920150853305933,0.0,False
42,42000,no_update,0.05252004973658118,0.14184477616582128,0.41935483870967744,0.09043894817248373,0.1351173869872777,0.6129032258064516,0.2942686029972558,0.0,False
43,43000,no_update,0.06261664666273682,0.11327667382345984,0.5111111111111111,0.12454032916030258,0.12721611505721853,0.6888888888888889,0.23316846504411004,0.0,False
44,44000,no_update,0.05689162215347463,0.1006480215928206,0.46,0.09753336848101687,0.10851965888323513,0.62,0.24258866950043423,0.0,False
45,45000,no_update,0.0601573926937009,0.07385752666028916,0.4807692307692308,0.09985397251919922,0.08814216857132741,0.5961538461538461,0.16127563477378906,0.0,False
46,46000,no_update,0.05646164146453538,0.10342095574244733,0.5106382978723404,0.11120232470837202,0.11322577337459167,0.6595744680851063,0.22702134119530865,0.0,False
47,47000,no_update,0.08121157649803025,0.10366824915843943,0.5116279069767442,0.11851419826010405,0.11739640007365822,0.6511627906976745,0.22483388704318938,0.0,False
48,48000,no_update,0.05373648103938712,0.10969515604291785,0.4117647058823529,0.09267407169635312,0.11192162891235419,0.5490196078431373,0.24930361033302206,0.0,False
49,49000,no_update,0.09312698010464207,0.12379747418048322,0.6222222222222222,0.15525419953863737,0.1466348303189554,0.7777777777777778,0.2841907874260815,0.0,False
50,50000,no_update,0.052236140004897,0.11834938006012757,0.5319148936170213,0.11732595694772782,0.1271189607055929,0.6595744680851063,0.28562870344785235,0.0,False
51,51000,no_update,0.06378580030640643,0.12249132326588005,0.6,0.09818239886581169,0.11774026919396587,0.6888888888888889,0.2656008075744918,0.0,False
52,52000,no_update,0.08502722963862151,0.15555757580896776,0.5,0.13472374777400084,0.16423668689714918,0.5681818181818182,0.27269063007699373,0.0,False
53,53000,no_update,0.05931593564726914,0.13114561485577533,0.47619047619047616,0.08791596020051697,0.11520439618621044,0.6428571428571429,0.2650273998488284,0.0,False
54,54000,no_update,0.08336956464584039,0.10256684189726867,0.5185185185185185,0.137861923805648,0.12871067022562802,0.7962962962962963,0.2022728043561377,0.0,False
55,55000,no_update,0.0546829160925196,0.12321740086731303,0.48484848484848486,0.09054590556625584,0.13123337001169164,0.6363636363636364,0.26141774891774894,0.0,False
56,56000,no_update,0.056069659562942256,0.15284870991946914,0.6052631578947368,0.1031262164497297,0.14854716876156132,0.8157894736842105,0.36536522687838474,0.0,False
57,57000,no_update,0.08695951900939061,0.189020830338603,0.6222222222222222,0.14335416231165837,0.18037081381681483,0.7111111111111111,0.3769827703161036,0.0,False
58,58000,no_update,0.05699184903169666,0.11402513675222954,0.5405405405405406,0.11337157877573903,0.12688274672985422,0.6486486486486487,0.22584825084825078,0.0,False
59,59000,no_update,0.06148525432085587,0.14134800331256697,0.5666666666666667,0.09444919296395636,0.13243136559083596,0.6666666666666666,0.273503256003256,0.0,False
60,60000,no_update,0.08484555141147954,0.154887412027639,0.71875,0.11969192154443355,0.14877832285924047,0.75,0.29573412698412693,0.0,False
61,61000,no_update,0.07756246373586131,0.13380470889167873,0.5434782608695652,0.12514776414395942,0.1404727033409961,0.717391304347826,0.27227265488135055,0.0,False
62,62000,no_update,0.04019588346484736,0.09187394276238302,0.48717948717948717,0.10653900194959047,0.11115918712871459,0.717948717948718,0.2400306246460093,0.0,False
63,63000,no_update,0.04298826281660201,0.18551773473274877,0.52,0.08116192379541416,0.17089429226279285,0.64,0.33062034044386984,0.0,False
64,64000,no_update,0.04511081287957556,0.07302175778194837,0.48717948717948717,0.11440156689389536,0.10552085039309113,0.7692307692307693,0.16322808245885168,0.0,False
65,65000,no_update,0.07420596485317364,0.132675594506997,0.5428571428571428,0.14009540326063652,0.1523001703483827,0.8,0.29995612279999717,0.0,False
66,66000,no_update,0.09152549765968863,0.15576645876448025,0.6136363636363636,0.1485348315936438,0.16694510416753247,0.7045454545454546,0.29253189991826356,0.0,False
67,67000,no_update,0.08426312086951557,0.14099119791099637,0.5106382978723404,0.13103859643826507,0.140017953118558,0.6808510638297872,0.22799039022443277,0.0,False
68,68000,no_update,0.032236509144031755,0.07511229873511853,0.4,0.07571081351688985,0.08163182596915239,0.7142857142857143,0.1909753942062655,0.0,False
69,69000,no_update,0.052488563633628395,0.09877662713006931,0.475,0.12205708365781776,0.11635531145298472,0.725,0.2100850063679011,0.0,False
70,70000,no_update,0.07277424653455043,0.11783386883492053,0.6,0.12132849226241582,0.1304845715309004,0.7714285714285715,0.2120563137535716,0.0,False
71,71000,no_update,0.0625539814416501,0.1160597700660404,0.5757575757575758,0.11817291385169704,0.13576361714877794,0.696969696969697,0.2603677467313831,0.0,False
72,72000,no_update,0.05039687253008222,0.10397565665410906,0.6071428571428571,0.08184865417542134,0.11126289914301153,0.7142857142857143,0.2647919853746921,0.0,False
73,73000,no_update,0.07595461468031756,0.10197381002516545,0.5555555555555556,0.1399742317468998,0.11949842648244179,0.7111111111111111,0.21053411500779923,0.0,False
74,74000,no_update,0.054869457961788895,0.15557737657707527,0.4838709677419355,0.09974563635154944,0.14526407058577095,0.6774193548387096,0.27026812792941823,0.0,False
75,75000,no_update,0.0736319440757067,0.13777235408265484,0.5757575757575758,0.1636188970559424,0.1627151672077645,0.8181818181818182,0.2278637855509513,0.0,False
76,76000,no_update,0.06598715112633406,0.13511319537674613,0.5476190476190477,0.11834116774281796,0.13908092429772098,0.6428571428571429,0.31170162509448224,0.0,False
77,77000,no_update,0.06294775566444379,0.1738622751130348,0.6333333333333333,0.0955133770684031,0.1531398663687224,0.7,0.3100132275132275,0.0,False
78,78000,no_update,0.047492546877053184,0.11980276831617671,0.5806451612903226,0.1075220056379762,0.13750553051338013,0.8064516129032258,0.25136876090386523,0.0,False
79,79000,no_update,0.06409393492774851,0.11762146198629295,0.5172413793103449,0.11693323764151645,0.13025972500013253,0.6896551724137931,0.29097827459896425,0.0,False
80,80000,no_update,0.04145346112282466,0.14416005248377362,0.5,0.06269343156602714,0.1314959231137553,0.5357142857142857,0.33707482993197274,0.0,False
81,81000,no_update,0.0703458165149275,0.1378002077593743,0.6578947368421053,0.1325995369455862,0.15387423516200155,0.7894736842105263,0.24095940609098498,0.0,False
82,82000,no_update,0.047257537706390886,0.12233996224578363,0.6,0.07825525492878825,0.11965392042173796,0.7,0.3181728422363097,0.0,False
83,83000,no_update,0.07159509005515277,0.09457751076368985,0.4444444444444444,0.09873062399061898,0.09782945103489403,0.6111111111111112,0.16831771623438288,0.0,False
84,84000,no_update,0.07705273340841395,0.19601257965690355,0.6363636363636364,0.12482220957199654,0.18574217042287153,0.8181818181818182,0.3187377981495628,0.0,False
85,85000,no_update,0.0513540052455836,0.16099026484416032,0.4666666666666667,0.08573984663483245,0.15291724243714958,0.6333333333333333,0.32230249526302157,0.0,False
86,86000,no_update,0.043967474086360814,0.11944503476778037,0.48484848484848486,0.10057200214651034,0.12729214262599603,0.696969696969697,0.2717821585644552,0.0,False
87,87000,no_update,0.04377102057730666,0.08795945747671623,0.40540540540540543,0.08423808833046047,0.09764180881527365,0.6216216216216216,0.13858136211077388,0.0,False
88,88000,no_update,0.05468616468129855,0.09430175753028736,0.40476190476190477,0.09839337699115935,0.10806951610586739,0.6190476190476191,0.15816875895657406,0.0,False
89,89000,no_update,0.04516869335103216,0.1440413563583774,0.44,0.08523758938050686,0.1382279624414707,0.56,0.26009456797072894,0.0,False
90,90000,no_update,0.06648096097903108,0.13656021426496848,0.5,0.09259459578589659,0.14042097056438174,0.6153846153846154,0.2611353923853924,0.0,False
91,91000,no_update,0.06656089663679243,0.1305110718698826,0.5714285714285714,0.10375322029558387,0.13128006757705618,0.7142857142857143,0.29921415535911333,0.0,False
92,92000,no_update,0.0472305635455678,0.10487204938159783,0.37777777777777777,0.09690219876212662,0.11608408023769222,0.6222222222222222,0.232002523142874,0.0,False
93,93000,no_update,0.05920735915033887,0.12448211778346598,0.5526315789473685,0.10705556974680386,0.1348063499211882,0.7105263157894737,0.24835460592039538,0.0,False
94,94000,no_update,0.049858954545038865,0.10109536360242068,0.43243243243243246,0.08524871777095674,0.10715455248709653,0.5135135135135135,0.1825970200970201,0.0,False
95,95000,no_update,0.06496663118994626,0.1212600066588966,0.5454545454545454,0.13743022596001458,0.14169018641582884,0.696969696969697,0.28809263127444945,0.0,False
96,96000,no_update,0.07711862192270964,0.10675423273846386,0.6333333333333333,0.1114623547831595,0.11816203750107944,0.6666666666666666,0.21493386243386245,0.0,False
97,97000,no_update,0.06098747011430835,0.09517900045772676,0.5,0.10690583398763545,0.11113960552299645,0.65625,0.22938823007273085,0.0,False
98,98000,no_update,0.03232104403713684,0.11703446891832407,0.4090909090909091,0.06082342094406557,0.11083364738006059,0.6818181818181818,0.2596264846264846,0.0,False
99,99000,no_update,0.08579099399956312,0.13326496794162163,0.6176470588235294,0.13032202050371386,0.14083423434973305,0.7647058823529411,0.2674179140180324,0.0,False
100,100000,no_update,0.03838333486451425,0.07557656895457007,0.35555555555555557,0.10783455049475323,0.10080558040371836,0.6666666666666666,0.2054299770863238,0.0,False
101,101000,no_update,0.05878898915329673,0.08462351046233749,0.4411764705882353,0.12975934500574973,0.10987090345492141,0.7352941176470589,0.21325539785292105,0.0,False
102,102000,no_update,0.05416677662765819,0.09137118105054715,0.38636363636363635,0.11220182587142635,0.11474718067408342,0.6136363636363636,0.19720712665231382,0.0,False
103,103000,no_update,0.03551945457882179,0.08802437970719594,0.3870967741935484,0.08419358895396266,0.10513138501962946,0.5806451612903226,0.18709270120560445,0.0,False
104,104000,no_update,0.06903290821359069,0.13425179593593645,0.5862068965517241,0.11364839347378278,0.1383956395228936,0.7241379310344828,0.2701714775444358,0.0,False
105,105000,no_update,0.07720404781226764,0.11182161981355879,0.5405405405405406,0.10423358954313497,0.11268430123759268,0.6756756756756757,0.23522836022836024,0.0,False
106,106000,no_update,0.05569597547445862,0.14240371107185051,0.5806451612903226,0.07448174772583051,0.13726380465003488,0.5806451612903226,0.2391449052739375,0.0,False
107,107000,no_update,0.05065890008272784,0.11320042811696263,0.5675675675675675,0.09611188603301168,0.11756916113656744,0.7567567567567568,0.250014959728582,0.0,False
108,108000,no_update,0.040659482014231516,0.09444264791604899,0.3939393939393939,0.09154341201273755,0.11117286135764458,0.5757575757575758,0.19248753326293433,0.0,False
109,109000,no_update,0.04207134688400098,0.06533317922956082,0.2702702702702703,0.08569747062615565,0.08879559231607063,0.5675675675675675,0.12727422448784678,0.0,False
110,110000,no_update,0.03149834292553634,0.0782391270081992,0.4375,0.05395490560747235,0.08088362764439899,0.59375,0.19621052966641203,0.0,False
111,111000,no_update,0.03838174158712504,0.07751937641470982,0.42857142857142855,0.07819669640821006,0.09667297688014943,0.6428571428571429,0.18874438684810202,0.0,False
112,112000,no_update,0.04426921662522246,0.0968058101539897,0.4583333333333333,0.07887466656352951,0.10312428193606556,0.75,0.17476493413993413,0.0,False
113,113000,no_update,0.058708249629013706,0.10726095543966609,0.46511627906976744,0.11067975094441351,0.11825808958804503,0.627906976744186,0.20414301460813092,0.0,False
114,114000,no_update,0.05302255558666529,0.09171635111913709,0.5116279069767442,0.12487933197619294,0.11995533452259924,0.7441860465116279,0.21015310778612672,0.0,False
115,115000,no_update,0.04031735733565203,0.09325587423817708,0.47619047619047616,0.09137652506871513,0.10508130065680556,0.6428571428571429,0.20221492443131098,0.0,False
116,116000,no_update,0.04824620897555391,0.08812770767738706,0.47368421052631576,0.07017840509464772,0.08569167841831604,0.631578947368421,0.18766526945706513,0.0,False
117,117000,no_update,0.0760167710110113,0.10989769636225995,0.5,0.12609519814530748,0.12321933786483681,0.6041666666666666,0.19825307794057792,0.0,False
118,118000,no_update,0.08833537116231918,0.13850056648397083,0.5454545454545454,0.1482513163945779,0.1511927452141859,0.6363636363636364,0.23575953773322192,0.0,False
119,119000,no_update,0.05312741964030448,0.0877531404120479,0.46511627906976744,0.08835483534008147,0.09605305700250863,0.6046511627906976,0.196180153635694,0.0,False
120,120000,no_update,0.03910833353650928,0.11537234433912916,0.5428571428571428,0.11148027464012682,0.13026724326615546,0.7714285714285715,0.2648788746267738,0.0,False
121,121000,no_update,0.0842548161751037,0.1818255326177006,0.625,0.12985114218211885,0.1798209661260728,0.7916666666666666,0.35264041514041516,0.0,False
122,122000,no_update,0.06757987295752091,0.10722139423277628,0.4897959183673469,0.11507984672376653,0.12171540725738461,0.673469387755102,0.24374959686452705,0.0,False
123,123000,no_update,0.06146590769414516,0.12027712708647861,0.46511627906976744,0.09261882612729402,0.12009841095266367,0.6046511627906976,0.2816477127523639,0.0,False
124,124000,no_update,0.045918504641064846,0.07611908566102542,0.5581395348837209,0.0913274439964932,0.09096564208534473,0.6744186046511628,0.21507097553609178,0.0,False
125,125000,no_update,0.044337935138108533,0.10319062756263646,0.47058823529411764,0.07855229621982474,0.10860517563374882,0.6176470588235294,0.2425628293275352,0.0,False
126,126000,no_update,0.035113018313118464,0.06756076460525548,0.46153846153846156,0.07050450321511419,0.07850889212764055,0.6410256410256411,0.1652774220081912,0.0,False
127,127000,no_update,0.05534508791134864,0.120716922125346,0.4878048780487805,0.09964862602792551,0.12366307319433525,0.5853658536585366,0.24948703058459157,0.0,False
128,128000,no_update,0.03809914398447291,0.09822007215179158,0.4594594594594595,0.06624869355750944,0.09772294277302605,0.5675675675675675,0.30890644640644643,0.0,False
129,129000,no_update,0.044624332784356326,0.07802911238256321,0.3870967741935484,0.09571811118472032,0.10672675032546788,0.6774193548387096,0.15104204181029307,0.0,False
130,130000,no_update,0.08361565263092324,0.1468585084033464,0.48484848484848486,0.11695100241075376,0.14162042105528336,0.5757575757575758,0.2680856180856181,0.0,False
131,131000,no_update,0.04176552724126083,0.07019424594802189,0.3333333333333333,0.08871718567522066,0.08650142136219402,0.5777777777777777,0.13881240038102782,0.0,False
132,132000,no_update,0.08440423730506552,0.12616349418164577,0.5510204081632653,0.13861932065872024,0.13487181041305354,0.7142857142857143,0.2606827779396807,0.0,False
133,133000,no_update,0.09344318209840069,0.14321225521990869,0.5454545454545454,0.17185665054600197,0.1665446024433347,0.7272727272727273,0.30398552998116746,0.0,False
134,134000,no_update,0.04231619878331299,0.11087814342190114,0.5428571428571428,0.09000889445454002,0.12378437451204297,0.6571428571428571,0.24431483720957406,0.0,False
135,135000,no_update,0.07364052409634791,0.12642632308610235,0.5151515151515151,0.12067863883120479,0.1424234094775766,0.6363636363636364,0.23289221671574614,0.0,False
136,136000,no_update,0.05396002880482693,0.14103658981509112,0.5333333333333333,0.08666518503085044,0.14861067634861116,0.6333333333333333,0.2810533277638541,0.0,False
137,137000,no_update,0.06144943040211212,0.13510701699288957,0.5142857142857142,0.10862952075519734,0.13840070616275757,0.7142857142857143,0.26391362605648316,0.0,False
138,138000,no_update,0.04701199054002116,0.08598148800243947,0.37209302325581395,0.09382844688033497,0.09828513339085601,0.5813953488372093,0.15575056828116804,0.0,False
139,139000,no_update,0.03854625703256535,0.07190696220270491,0.375,0.06957223611115917,0.08031439153741207,0.65,0.16487135005517356,0.0,False
140,140000,no_update,0.039741592558542836,0.09109164208181811,0.40540540540540543,0.08402799631749844,0.09626561031214256,0.6756756756756757,0.1874292611134716,0.0,False
141,141000,no_update,0.08036704504702188,0.13331133043134227,0.6774193548387096,0.11834134324184911,0.1400683853186802,0.8064516129032258,0.2555900192996967,0.0,False
142,142000,no_update,0.03058473491210584,0.0767267983017169,0.32142857142857145,0.05355487689675198,0.08841913839926481,0.5357142857142857,0.159484627184207,0.0,False
143,143000,no_update,0.057310709911056024,0.10579703752187518,0.4857142857142857,0.10783021024176251,0.11630727146046786,0.6,0.2061811997526283,0.0,False
144,144000,no_update,0.023469069466606412,0.06311671079578052,0.35135135135135137,0.05762297371849738,0.07166811688944348,0.5135135135135135,0.161690460219872,0.0,False
145,145000,no_update,0.06630248103957913,0.1365053550067861,0.65,0.11830088064673028,0.13456397905099754,0.725,0.29168884220354807,0.0,False
146,146000,no_update,0.06572074668187881,0.13069056925602468,0.6333333333333333,0.10015427622150946,0.1341712110977102,0.7333333333333333,0.25563732563732566,0.0,False
147,147000,no_update,0.03173939602285736,0.10285680163424034,0.39473684210526316,0.06556226587844717,0.09728722880887722,0.5789473684210527,0.23418057204414547,0.0,False
148,148000,no_update,0.05864703495767243,0.11083878603318689,0.4772727272727273,0.1070206542804502,0.11652565098367205,0.6363636363636364,0.19940549646432001,0.0,False
149,149000,no_update,0.06207747602522129,0.12612929376835808,0.5128205128205128,0.08804595018906691,0.11877262605194912,0.6410256410256411,0.26028797483905847,0.0,False
150,150000,no_update,0.08235460615484651,0.1375003739230134,0.6470588235294118,0.1500548648149585,0.14604383227544732,0.7352941176470589,0.30122549019607847,0.0,False
151,151000,no_update,0.049196900439963706,0.10311407981175508,0.4375,0.09779676279519899,0.11356220561875266,0.6875,0.254823385195386,0.0,False
152,152000,no_update,0.04237177752936172,0.10963316478437692,0.5294117647058824,0.1093351204279679,0.12220172265523485,0.6764705882352942,0.20990572465030669,0.0,False
153,153000,no_update,0.06913886779648305,0.10269999338049711,0.6,0.1250476843018829,0.12147223970678507,0.725,0.2467194830023777,0.0,False
154,154000,no_update,0.06396345060262303,0.1499173619520838,0.47368421052631576,0.11612481601519409,0.16146217358787268,0.5526315789473685,0.30963417545827515,0.0,False
155,155000,no_update,0.0577530715885507,0.08325013386999032,0.4444444444444444,0.11194653841273647,0.1088813453207449,0.7111111111111111,0.19311815635345048,0.0,False
156,156000,no_update,0.07969259821456555,0.11843870152093776,0.5428571428571428,0.130663369615647,0.13576538852419506,0.6571428571428571,0.21280845671601972,0.0,False
157,157000,no_update,0.08911440600721413,0.1404471607959711,0.6,0.13915379130039449,0.14480823852994845,0.7,0.2925431951089846,0.0,False
158,158000,no_update,0.04645163101784334,0.07312589607319497,0.3695652173913043,0.08853519466674722,0.08664627506962994,0.6304347826086957,0.1590355944029049,0.0,False
159,159000,no_update,0.06774344657954023,0.16082750666923648,0.6153846153846154,0.12077798021368426,0.15562741606096156,0.7692307692307693,0.33845321345321344,0.0,False
160,160000,no_update,0.06881325783069836,0.11486632201423036,0.5675675675675675,0.10037745233335675,0.12204136570711555,0.7297297297297297,0.22303873422294476,0.0,False
161,161000,no_update,0.05288683425711027,0.1061841087475437,0.41935483870967744,0.09370172153703601,0.11886880122768205,0.6451612903225806,0.20133006024347277,0.0,False
162,162000,no_update,0.07055820605633019,0.12260192461084544,0.5882352941176471,0.12476808544422816,0.13184583142586137,0.7941176470588235,0.2338892574573689,0.0,False
163,163000,no_update,0.08286148952861129,0.15209419209404693,0.6052631578947368,0.13935588608955646,0.15883929258865193,0.7631578947368421,0.29880886657202443,0.0,False
164,164000,no_update,0.047771291793658396,0.07304787938656046,0.525,0.11324535942344234,0.1006804604624623,0.775,0.19815544287583758,0.0,False
165,165000,no_update,0.11414933072499175,0.13638794044296637,0.5681818181818182,0.164930811105753,0.15558120406267664,0.6818181818181818,0.23062463519999407,0.0,False
166,166000,no_update,0.08533615448875566,0.1382915199162291,0.6666666666666666,0.12515245518982454,0.1363190431677212,0.7222222222222222,0.2623427611785455,0.0,False
167,167000,no_update,0.10689792200114678,0.12268234857633022,0.5116279069767442,0.16563339594663692,0.14239602802903512,0.6976744186046512,0.22801788954319727,0.0,False
168,168000,no_update,0.07615915121376046,0.14320736086925787,0.5789473684210527,0.1164068780936882,0.13996300304318507,0.7368421052631579,0.28057091257555655,0.0,False
169,169000,no_update,0.04601083176277325,0.1268205974168943,0.5833333333333334,0.06798284247972555,0.11269724760535242,0.6666666666666666,0.27298976608187137,0.0,False
1,1000,incremental,0.05513505485945336,0.12031361844656975,0.5555555555555556,0.08380334089102677,0.12325311609945944,0.6666666666666666,0.23925977798526818,0.0,False
2,2000,incremental,0.0773859319774522,0.1073293465085967,0.5,0.11883097388222208,0.12232321823206448,0.6666666666666666,0.24924722414218212,0.0,False
3,3000,incremental,0.04665526984228189,0.13746286707128416,0.48484848484848486,0.06807987395938575,0.12213992265154613,0.6060606060606061,0.24757290639643578,0.0,False
4,4000,incremental,0.07163121994360878,0.1498620344832649,0.5135135135135135,0.11684072035815535,0.14925353835438243,0.7027027027027027,0.28257249228611453,0.0,False
5,5000,incremental,0.06402803196482891,0.21328231721680255,0.6538461538461539,0.10238411606690495,0.19822096135534514,0.8461538461538461,0.4136427674889213,0.0,False
6,6000,incremental,0.0752500052351872,0.126034761417777,0.5405405405405406,0.1331313440162844,0.14119841692640994,0.7567567567567568,0.25905025905025897,0.0,False
7,7000,incremental,0.04612688159297531,0.11740022599287678,0.5625,0.07816544883384055,0.11033601956977439,0.625,0.22435628607503605,0.0,False
8,8000,incremental,0.05955892041606778,0.10741684599784032,0.5,0.0868946063748456,0.10526269784789206,0.6470588235294118,0.21404619202606817,0.0,False
9,9000,incremental,0.07721377953601685,0.11071669234068533,0.5555555555555556,0.16332937120414473,0.1454870975454103,0.75,0.2487845601203444,0.0,False
10,10000,incremental,0.08734967377276638,0.14597740273653376,0.6071428571428571,0.11082787124005086,0.14190827680803259,0.6785714285714286,0.29342185592185593,0.0,False
11,11000,incremental,0.057335490684827864,0.12439922038408735,0.5625,0.10528497727372985,0.12659476921252397,0.6875,0.25769898504273503,0.0,False
12,12000,incremental,0.06878409569961445,0.09502687940412374,0.6052631578947368,0.11663660737468151,0.11630174409556468,0.6842105263157895,0.20027151211361738,0.0,False
13,13000,incremental,0.035850757810661424,0.06835493275897121,0.40540540540540543,0.06689845776636855,0.07755659172192222,0.5675675675675675,0.1440913926208044,0.0,False
14,14000,incremental,0.08143117540202958,0.12350534542479875,0.5555555555555556,0.14045549148176056,0.13967746103960224,0.7111111111111111,0.2457075422761697,0.0,False
15,15000,incremental,0.06050463347211196,0.10363384673470373,0.5,0.10971139652354649,0.12168934216952804,0.7,0.262711345671872,0.0,False
16,16000,incremental,0.047933875906564984,0.10316444569749887,0.5142857142857142,0.11074711157030928,0.12294036261304161,0.6857142857142857,0.24473459080601936,0.0,False
17,17000,incremental,0.05888876849356321,0.1198964282371073,0.625,0.1168106569331886,0.13880824854858503,0.75,0.28140094688807926,0.0,False
18,18000,incremental,0.06726466010401684,0.09466527451777532,0.4716981132075472,0.11252338103584492,0.10779481807825436,0.5849056603773585,0.20710869319359884,0.0,False
19,19000,incremental,0.06057209545970867,0.09080663861052343,0.4418604651162791,0.11024234548728348,0.1118694136258799,0.6046511627906976,0.19877040983672134,0.0,False
20,20000,incremental,0.05317171926573412,0.12496058278363624,0.56,0.09246649835906919,0.13170464329244563,0.72,0.2103203463203463,401.24257465031485,True
21,21000,incremental,0.04654733462849218,0.07585395133418671,0.3333333333333333,0.07265604878068459,0.0802837495887379,0.4444444444444444,0.16602564102564102,0.0,False
22,22000,incremental,0.07952329273888097,0.10543097920076303,0.5588235294117647,0.12427127902661915,0.1209608768933555,0.6764705882352942,0.2004754352721481,0.0,False
23,23000,incremental,0.02444851989093243,0.0800849804197939,0.45454545454545453,0.08622185722031867,0.10597706038396315,0.7727272727272727,0.21167355371900823,0.0,False
24,24000,incremental,0.061280731549764,0.1430380946986842,0.48148148148148145,0.08471908084365966,0.13889961451104876,0.6296296296296297,0.29071614055274186,0.0,False
25,25000,incremental,0.056812901668431906,0.10836516963481235,0.3125,0.08055311779572914,0.11172186496691852,0.46875,0.1715944212037962,0.0,False
26,26000,incremental,0.05573695946875491,0.11763293064368885,0.5185185185185185,0.10833501256288336,0.13485839272221176,0.6666666666666666,0.2353628881406659,0.0,False
27,27000,incremental,0.07195804075716146,0.11472714665703455,0.4523809523809524,0.10447652733121274,0.12392227979656723,0.5476190476190477,0.21846982382696667,0.0,False
28,28000,incremental,0.08077118520743136,0.10870285470427216,0.41025641025641024,0.1381584810906653,0.13357488792267236,0.717948717948718,0.22818792768185475,0.0,False
29,29000,incremental,0.06809205110767552,0.1150618187661102,0.5,0.11983384398037095,0.12793341815095483,0.7380952380952381,0.28403813883137186,0.0,False
30,30000,incremental,0.04089388473354674,0.08230461076898395,0.48,0.08136065242663354,0.09826204475055872,0.64,0.1601825396825397,0.0,False
31,31000,incremental,0.09068198285692741,0.19229856689698333,0.6451612903225806,0.141509163256567,0.18527109882408832,0.7741935483870968,0.3262113617376775,0.0,False
32,32000,incremental,0.044217888939299246,0.10171166063940837,0.39285714285714285,0.06756201400264783,0.10685110561729201,0.6071428571428571,0.21581719809135777,0.0,False
33,33000,incremental,0.06510555859867,0.1272471183733482,0.6285714285714286,0.11027622140354476,0.1354983661069788,0.6857142857142857,0.26531746031746034,0.0,False
34,34000,incremental,0.06330671999805731,0.11764654391769458,0.5833333333333334,0.11592819217889273,0.13478723092608533,0.6666666666666666,0.21240630511463843,0.0,False
35,35000,incremental,0.06465889578604744,0.190055522244544,0.7391304347826086,0.09081005804765171,0.15937854140450694,0.8260869565217391,0.32344455061846367,0.0,False
36,36000,incremental,0.06254180879446058,0.13036313820120043,0.5675675675675675,0.0949607235632985,0.12669517656736695,0.6486486486486487,0.2789329245211598,0.0,False
37,37000,incremental,0.04603196870948295,0.10190453720247267,0.45454545454545453,0.11801182373816449,0.12775484913329743,0.7272727272727273,0.23187044437044438,0.0,False
38,38000,incremental,0.06995877736745881,0.11967145434770662,0.696969696969697,0.10090811533880574,0.12216595689769809,0.7272727272727273,0.22686988936988936,0.0,False
39,39000,incremental,0.0506444545444561,0.09098197774225594,0.36363636363636365,0.10652214276417156,0.10649041924229358,0.6136363636363636,0.21349241729905957,0.0,False
40,40000,incremental,0.06601443187799465,0.09414787058947541,0.4827586206896552,0.10511958333536045,0.10620936666472897,0.5862068965517241,0.1276888341543514,448.6886534331759,True
41,41000,incremental,0.0660420390636295,0.09879902318897615,0.5,0.11377456960030047,0.11424782136765216,0.6590909090909091,0.19781550520186883,0.0,False
42,42000,incremental,0.048062116531493254,0.13758754556533678,0.3870967741935484,0.09357153081987335,0.13444665027662261,0.6129032258064516,0.29497079980950935,0.0,False
43,43000,incremental,0.07117213653605615,0.12867414208605688,0.5111111111111111,0.11939286621302202,0.13110142252802065,0.6888888888888889,0.25553637262099593,0.0,False
44,44000,incremental,0.05723622683885011,0.10109447736770867,0.46,0.1039133623763195,0.11353011212000816,0.64,0.24637233964865543,0.0,False
45,45000,incremental,0.0607061901949837,0.08730990492853546,0.46153846153846156,0.09349824654754595,0.09554870713067487,0.5769230769230769,0.20007020925543187,0.0,False
46,46000,incremental,0.05491643792315685,0.09946776254591883,0.5106382978723404,0.10674915376583935,0.11098518440274001,0.6808510638297872,0.22024840374916127,0.0,False
47,47000,incremental,0.07001529403107311,0.0996381018474202,0.46511627906976744,0.11880776877346064,0.11767752143010812,0.6511627906976745,0.23203454372365023,0.0,False
48,48000,incremental,0.058767021683738506,0.10383490306129806,0.43137254901960786,0.1037778180077119,0.11444600202585568,0.5686274509803921,0.2271287071892608,0.0,False
49,49000,incremental,0.0849234255719736,0.11530485996586343,0.5555555555555556,0.1390795963640342,0.13780830058480145,0.7777777777777778,0.2544286863043313,0.0,False
50,50000,incremental,0.0729921865588159,0.12799131239373332,0.5957446808510638,0.11816842417317376,0.12750441325198916,0.6808510638297872,0.27905249689964134,0.0,False
51,51000,incremental,0.05671964411732062,0.11233292784493379,0.6,0.1009816982361705,0.1143936946257531,0.7333333333333333,0.2419062818082426,0.0,False
52,52000,incremental,0.08013373298376124,0.14956231949275595,0.4772727272727273,0.1391995329746836,0.163872848646924,0.5909090909090909,0.2596579556806829,0.0,False
53,53000,incremental,0.05985064403857554,0.1274170982380283,0.5,0.0957830756875224,0.12071042247356469,0.6190476190476191,0.26232828990181933,0.0,False
54,54000,incremental,0.07890788669488369,0.10627575031929773,0.5740740740740741,0.13837417352230943,0.1249951524843959,0.8148148148148148,0.20874009302371874,0.0,False
55,55000,incremental,0.052366329170669516,0.12167672405830468,0.45454545454545453,0.0966739761927079,0.13618839151754225,0.6666666666666666,0.24678046255586364,0.0,False
56,56000,incremental,0.04917510184092405,0.1411359683550049,0.5789473684210527,0.10111900255712798,0.14479261830606607,0.8157894736842105,0.35738323424081936,0.0,False
57,57000,incremental,0.0879289508681979,0.17840400261389616,0.6222222222222222,0.13886619591339305,0.17404166901291712,0.7333333333333333,0.35255731922398587,0.0,False
58,58000,incremental,0.05552233106774309,0.11047014238472133,0.5135135135135135,0.11361767429210481,0.12818667874439574,0.6756756756756757,0.24695068445068444,0.0,False
59,59000,incremental,0.06226922644629141,0.15310859630593837,0.5333333333333333,0.10034319931919213,0.14655743243881186,0.6666666666666666,0.32005952380952374,0.0,False
60,60000,incremental,0.0888232969969435,0.14618389039729607,0.71875,0.1265888119711957,0.15224246162335958,0.8125,0.291729797979798,447.09063844169174,True
61,61000,incremental,0.08326847488118405,0.1364069661991296,0.5652173913043478,0.15055129651454602,0.15816767441073537,0.8043478260869565,0.2860375309544107,0.0,False
62,62000,incremental,0.044199314368048206,0.09202576159667923,0.48717948717948717,0.09569288665480634,0.1037896991063259,0.6666666666666666,0.21642815609236182,0.0,False
63,63000,incremental,0.04304653986832424,0.17891606342439778,0.52,0.08166547106055543,0.17610159057064337,0.68,0.3278799533799534,0.0,False
64,64000,incremental,0.0720972399942078,0.09876778128626958,0.6153846153846154,0.1165438844367511,0.11498133853303198,0.7692307692307693,0.19391617264920433,0.0,False
65,65000,incremental,0.07605065203475331,0.13770547378471243,0.6285714285714286,0.13651080544150265,0.1540734494552554,0.8,0.28777973193939577,0.0,False
66,66000,incremental,0.09418234099909778,0.1564839990433925,0.6590909090909091,0.14208772532898106,0.16103944353676364,0.7045454545454546,0.2812958283546519,0.0,False
67,67000,incremental,0.1018017612971746,0.1581085960090357,0.5531914893617021,0.14600653205701417,0.1543543918342882,0.7446808510638298,0.27619028818636876,0.0,False
68,68000,incremental,0.04621983401212669,0.08410630539500356,0.42857142857142855,0.08954778536335214,0.09534696911243683,0.6857142857142857,0.20642620328710554,0.0,False
69,69000,incremental,0.0689798861157649,0.12038047007507724,0.525,0.11115925574304172,0.1255376131264528,0.675,0.2586130189255189,0.0,False
70,70000,incremental,0.06818238413837632,0.1079078040300876,0.5428571428571428,0.12059941698184554,0.1322163448520839,0.8,0.22056570119153046,0.0,False
71,71000,incremental,0.07854404170632437,0.12308960367632014,0.6363636363636364,0.11117241190344597,0.13004183182331838,0.696969696969697,0.2392266824085006,0.0,False
72,72000,incremental,0.059415301330173684,0.11405746152020078,0.7142857142857143,0.09153886539407288,0.12520938511306806,0.7857142857142857,0.27418695548394795,0.0,False
73,73000,incremental,0.07087830210400498,0.09899150822416948,0.4888888888888889,0.1306118512852286,0.12246664534629019,0.7111111111111111,0.21339061036429455,0.0,False
74,74000,incremental,0.049899048081774394,0.14118764541364368,0.4838709677419355,0.09975624523869293,0.13960241336617388,0.6774193548387096,0.22948116541070698,0.0,False
75,75000,incremental,0.08416515615615101,0.14778411042333348,0.5151515151515151,0.16358377029476728,0.17643052411508175,0.7575757575757576,0.2537881013816843,0.0,False
76,76000,incremental,0.07779336621812567,0.14508557870589234,0.6190476190476191,0.10805476956552573,0.1413129884285891,0.6666666666666666,0.3308862433862434,0.0,False
77,77000,incremental,0.05688922256247222,0.16485082757222833,0.6333333333333333,0.09425681322571096,0.15371941581669663,0.7,0.30670634920634926,0.0,False
78,78000,incremental,0.05519901774747961,0.12033762148433125,0.6129032258064516,0.09793748775577787,0.1315557703331845,0.8064516129032258,0.2573053290795226,0.0,False
79,79000,incremental,0.059392541520678466,0.11603663514913809,0.5517241379310345,0.11429231967854253,0.12605597730571316,0.6551724137931034,0.25945539135194307,0.0,False
80,80000,incremental,0.046815032628897434,0.14721638728017625,0.5357142857142857,0.05909353969887184,0.12648619013506376,0.5357142857142857,0.3024234693877551,444.64250742333417,True
81,81000,incremental,0.0676078562251613,0.14601341673965984,0.631578947368421,0.1215229893748667,0.15322590292747615,0.8157894736842105,0.25933228436691036,0.0,False
82,82000,incremental,0.045464225924520756,0.10980546327262893,0.6333333333333333,0.06820630090477922,0.1080497349148838,0.6666666666666666,0.2956228956228956,0.0,False
83,83000,incremental,0.07942359925790896,0.12029147477950494,0.5277777777777778,0.11096804916113853,0.11971527511837314,0.6388888888888888,0.23609669651336318,0.0,False
84,84000,incremental,0.08193530222628526,0.1995118953472806,0.6060606060606061,0.12101236871504682,0.18536870254151488,0.7878787878787878,0.31748753326293433,0.0,False
85,85000,incremental,0.04798491287425266,0.16183256599031431,0.4666666666666667,0.09399752801222758,0.1605661402682233,0.6666666666666666,0.3293084985190248,0.0,False
86,86000,incremental,0.04680458989788087,0.1309042337950354,0.5151515151515151,0.0801714149575224,0.12134419681812363,0.6666666666666666,0.30116642616642614,0.0,False
87,87000,incremental,0.044159537824306434,0.08866818008519486,0.4594594594594595,0.0849672749292123,0.10252644287076292,0.5945945945945946,0.16058348279710508,0.0,False
88,88000,incremental,0.04444990027667319,0.08957304333288618,0.38095238095238093,0.09858480127108946,0.10658353308760975,0.6428571428571429,0.1559614302924785,0.0,False
89,89000,incremental,0.03620055980860392,0.12868749720468706,0.4,0.07527743016097568,0.1301438713330175,0.56,0.2921245421245421,0.0,False
90,90000,incremental,0.06808179835434351,0.14868072851999511,0.5769230769230769,0.09950605316367521,0.1425877962670217,0.6538461538461539,0.30566968456644567,0.0,False
91,91000,incremental,0.07250864587710064,0.1298408270346187,0.5714285714285714,0.11708253812422179,0.13509885331282784,0.7142857142857143,0.26483397554826127,0.0,False
92,92000,incremental,0.059962801887354304,0.11836312022945844,0.4666666666666667,0.09981522759442622,0.12059156906862878,0.6444444444444445,0.22590620164149577,0.0,False
93,93000,incremental,0.0580933652151375,0.12708961657382614,0.5,0.09564055072729567,0.13021419305714643,0.6578947368421053,0.2565391844997108,0.0,False
94,94000,incremental,0.05389220054315149,0.10834740913848084,0.4594594594594595,0.08642676250147763,0.11079328326798958,0.5405405405405406,0.18689403689403689,0.0,False
95,95000,incremental,0.080011117825342,0.13841631118226547,0.6060606060606061,0.1443417427218884,0.15011292041485638,0.7272727272727273,0.2941417292353121,0.0,False
96,96000,incremental,0.07472267882471176,0.10151797833513988,0.6666666666666666,0.10865699021308903,0.11453986749046187,0.7,0.1920117845117845,0.0,False
97,97000,incremental,0.0758352785558668,0.11624388042310968,0.5,0.11128225753685313,0.12903913359536628,0.625,0.2397794320080504,0.0,False
98,98000,incremental,0.04762539613431937,0.14152492640749506,0.5454545454545454,0.08859420963931004,0.14923706940357395,0.8181818181818182,0.3010770747999849,0.0,False
99,99000,incremental,0.07906277579248228,0.13373381614257437,0.6764705882352942,0.15265633340439966,0.155188975039194,0.7941176470588235,0.29615535608182664,0.0,False
100,100000,incremental,0.06005769975791405,0.0927450445842206,0.4,0.125648883062214,0.11460587301827813,0.6444444444444445,0.23956777561008727,481.92239535973727,True
101,101000,incremental,0.07074435935050032,0.097241743614926,0.47058823529411764,0.12046229689563137,0.10792857109957596,0.7352941176470589,0.21363138495491435,0.0,False
102,102000,incremental,0.06930516951919753,0.09454288946517263,0.45454545454545453,0.10841468766375217,0.11467582934820295,0.6136363636363636,0.18624352289125018,0.0,False
103,103000,incremental,0.062161223382211785,0.11525728923035201,0.5161290322580645,0.10826491226510455,0.1290233162256804,0.6774193548387096,0.21518646790917836,0.0,False
104,104000,incremental,0.08488094734500329,0.15369266899690673,0.6206896551724138,0.13465671825554978,0.16155016094223126,0.7931034482758621,0.27241852974611597,0.0,False
105,105000,incremental,0.07138148119115291,0.10428936332707169,0.5405405405405406,0.11067638860578266,0.11601665671456333,0.7027027027027027,0.21878046878046878,0.0,False
106,106000,incremental,0.053335024450228766,0.14979974088574513,0.5483870967741935,0.07851289554435946,0.1402070334506568,0.6129032258064516,0.2310834011023764,0.0,False
107,107000,incremental,0.04430628197695405,0.09594893566950205,0.5945945945945946,0.09784044930613484,0.11040620021853291,0.7297297297297297,0.19483938926663383,0.0,False
108,108000,incremental,0.050346709958987476,0.09706230398692954,0.3939393939393939,0.10489836261029678,0.11905671306774482,0.6060606060606061,0.18370818130176417,0.0,False
109,109000,incremental,0.04594307575572985,0.07683603160198958,0.2702702702702703,0.09599508967377471,0.1018044228589077,0.5675675675675675,0.16339836192777368,0.0,False
110,110000,incremental,0.03790237882775105,0.07789976960659546,0.5,0.06543462296161921,0.08757785641912638,0.625,0.18197466595904097,0.0,False
111,111000,incremental,0.05545264886203273,0.09810120967249429,0.5,0.08654150150276571,0.11695506185668235,0.6785714285714286,0.21986901618701707,0.0,False
112,112000,incremental,0.05082244836864159,0.11632651407417349,0.5833333333333334,0.0925694999080563,0.12382908512771827,0.7083333333333334,0.19351175444925447,0.0,False
113,113000,incremental,0.07287489326359102,0.12413534761332044,0.5581395348837209,0.10152224583221488,0.11951809640540363,0.627906976744186,0.21167377803834714,0.0,False
114,114000,incremental,0.06554161115582256,0.10423902266032772,0.5116279069767442,0.13349093568311401,0.12901651674540496,0.7674418604651163,0.22042413760590013,0.0,False
115,115000,incremental,0.06809857413472598,0.12046273673222178,0.5,0.11638439558136189,0.1338576014779983,0.6666666666666666,0.24370970610466408,0.0,False
116,116000,incremental,0.042734792058546696,0.09418323718868096,0.5263157894736842,0.08971507566870032,0.10697069759005733,0.7368421052631579,0.23216403479561368,0.0,False
117,117000,incremental,0.0744256367244312,0.11256355473875908,0.5,0.1299631625760341,0.12593348645701485,0.625,0.2036431246449629,0.0,False
118,118000,incremental,0.08467671642327665,0.13843044444505961,0.45454545454545453,0.1261718848442767,0.14390337760897726,0.5757575757575758,0.24647039120723332,0.0,False
119,119000,incremental,0.049281177104863745,0.09093493276548878,0.4418604651162791,0.09232546075961949,0.10336850783628772,0.6976744186046512,0.18549767416046484,0.0,False
120,120000,incremental,0.04767793853468571,0.11803821843816739,0.5428571428571428,0.09046127500649088,0.11523966480553846,0.7428571428571429,0.25661413688282325,522.5939754049377,True
121,121000,incremental,0.10461258266817842,0.19168797950724273,0.6666666666666666,0.1289360760391091,0.17905446815286716,0.7083333333333334,0.3684027777777777,0.0,False
122,122000,incremental,0.06008778327365078,0.10479553975106719,0.5714285714285714,0.12661109985850996,0.12708763489886693,0.7142857142857143,0.24951301322534022,0.0,False
123,123000,incremental,0.058205342869572844,0.11352930266599562,0.46511627906976744,0.08921302032459781,0.11326325253100143,0.6046511627906976,0.2685295946203859,0.0,False
124,124000,incremental,0.05556969286400412,0.08733593733876958,0.5813953488372093,0.099895148873511,0.0968525088206546,0.7209302325581395,0.22087397846271772,0.0,False
125,125000,incremental,0.05491088940171747,0.12122627983093637,0.5588235294117647,0.09482806570779935,0.12497154354913616,0.7352941176470589,0.2867695741398163,0.0,False
126,126000,incremental,0.046416893277965755,0.07314181820352927,0.48717948717948717,0.074194968618784,0.08438885039469475,0.6923076923076923,0.14685019396557852,0.0,False
127,127000,incremental,0.06961993063436693,0.1316321629902091,0.43902439024390244,0.12143204375486912,0.14179560690213622,0.7073170731707317,0.2741594085351165,0.0,False
128,128000,incremental,0.04158039464314292,0.11284359817727055,0.43243243243243246,0.06769402791703309,0.1040390308067958,0.5675675675675675,0.32213507213507214,0.0,False
129,129000,incremental,0.04629661503621451,0.07829338164563372,0.45161290322580644,0.09835254777537565,0.10243011550345796,0.6451612903225806,0.1269821576273189,0.0,False
130,130000,incremental,0.07900324474038824,0.12262788839062401,0.45454545454545453,0.14387289758080785,0.14488814307821296,0.6363636363636364,0.2275926186529902,0.0,False
131,131000,incremental,0.03466738000216963,0.06081082937133599,0.3111111111111111,0.08750803839080455,0.0816814070762102,0.5111111111111111,0.12863637270500014,0.0,False
132,132000,incremental,0.08176140508302593,0.1425693651896626,0.5510204081632653,0.1358700905095157,0.14706282950856517,0.6938775510204082,0.2969605791034362,0.0,False
133,133000,incremental,0.12047373041235447,0.1564033769105334,0.6590909090909091,0.1650398260494718,0.16162332829030937,0.7954545454545454,0.31489852381880246,0.0,False
134,134000,incremental,0.04800821276982086,0.1282087679634233,0.5142857142857142,0.07763238948955023,0.11943243602153486,0.6285714285714286,0.24313813170956025,0.0,False
135,135000,incremental,0.07655572051251146,0.13027336662658726,0.5151515151515151,0.11267321342486158,0.13898506707340172,0.6363636363636364,0.2314836678473042,0.0,False
136,136000,incremental,0.054767138554377724,0.13434822433901006,0.5,0.07637798869996477,0.1349173699797542,0.6,0.23832442067736184,0.0,False
137,137000,incremental,0.06953155300515139,0.1378260969305336,0.5714285714285714,0.09888164242242517,0.13517268262225768,0.7428571428571429,0.27045546890084704,0.0,False
138,138000,incremental,0.0430478399938676,0.08669426344770752,0.37209302325581395,0.0797696801483183,0.09235449703227726,0.46511627906976744,0.14984978301991764,0.0,False
139,139000,incremental,0.032212037508128434,0.07208739070130013,0.4,0.06622770100165129,0.08008876689105829,0.6,0.16270688665909255,0.0,False
140,140000,incremental,0.05397554862552976,0.0993130382803807,0.5405405405405406,0.10218015735987865,0.11248037185964391,0.7567567567567568,0.20503569253569254,443.8355095180146,True
141,141000,incremental,0.07824205045209265,0.14565666726617085,0.6774193548387096,0.12733084225682428,0.15408424271375587,0.8387096774193549,0.27931973607470456,0.0,False
142,142000,incremental,0.025886428858728827,0.07436997416127335,0.32142857142857145,0.04319281196248543,0.08091546594105957,0.42857142857142855,0.15122344392302375,0.0,False
143,143000,incremental,0.06419630433433694,0.11285851174894046,0.4857142857142857,0.11323712467168467,0.12651025957589676,0.6,0.21273912595341168,0.0,False
144,144000,incremental,0.024398460913239238,0.07783958928920284,0.40540540540540543,0.05822662879313125,0.07907755669504264,0.4864864864864865,0.18237813237813236,0.0,False
145,145000,incremental,0.08210654971290622,0.16635003821076425,0.675,0.12639009519562225,0.16100713906266856,0.725,0.3715724206349206,0.0,False
146,146000,incremental,0.0711165479855939,0.13441195487196786,0.6666666666666666,0.10112897447889797,0.13380744614922027,0.7666666666666667,0.27353294853294857,0.0,False
147,147000,incremental,0.029607798588673673,0.10427772445503736,0.3684210526315789,0.07303008250482702,0.10817302602460473,0.5789473684210527,0.2538887013263745,0.0,False
148,148000,incremental,0.06148128252516234,0.10955434182597172,0.4318181818181818,0.10936322589883173,0.12283486293172828,0.6590909090909091,0.20336404856440743,0.0,False
149,149000,incremental,0.05783359915091616,0.12259257461556779,0.5384615384615384,0.09306792756500813,0.11886745964556218,0.6410256410256411,0.23805898517436974,0.0,False
150,150000,incremental,0.07983850659761471,0.13476230671603223,0.5882352941176471,0.13459834433411255,0.14377265103529765,0.7058823529411765,0.2937525967324729,0.0,False
151,151000,incremental,0.06201375241660341,0.1074262128909423,0.5,0.10766352912423773,0.12062166011311615,0.71875,0.2334164213892832,0.0,False
152,152000,incremental,0.04405296274481334,0.137206585186345,0.4411764705882353,0.12005760311106324,0.14908643617255177,0.6764705882352942,0.26146659409612427,0.0,False
153,153000,incremental,0.07739053571171116,0.12715612207210789,0.575,0.126461279476975,0.1387303254607664,0.775,0.309265581232493,0.0,False
154,154000,incremental,0.07589364541376172,0.1683553023686092,0.5263157894736842,0.11995850212719983,0.16873907420884104,0.6052631578947368,0.32382518796992477,0.0,False
155,155000,incremental,0.06452052913387202,0.10033644116454978,0.5111111111111111,0.1326664236494734,0.1309694750794879,0.7333333333333333,0.2565275854749539,0.0,False
156,156000,incremental,0.07815879130375243,0.12280780787689456,0.5142857142857142,0.14346114199844692,0.14693011124674168,0.7428571428571429,0.23185684530222345,0.0,False
157,157000,incremental,0.09313153788284244,0.1348264075355877,0.6,0.12812675145219715,0.13170909229609787,0.725,0.2723298229548229,0.0,False
158,158000,incremental,0.04862666269694103,0.07985353634621291,0.45652173913043476,0.09719003730436597,0.09748012840392413,0.6521739130434783,0.16802456565883675,0.0,False
159,159000,incremental,0.07879157937803616,0.16686918352533328,0.6153846153846154,0.12425203950339207,0.16568534364409604,0.7692307692307693,0.32122215127097237,0.0,False
160,160000,incremental,0.07187335963782158,0.12790242172790578,0.6216216216216216,0.1195055169760455,0.13570159160273057,0.7837837837837838,0.24962219815160988,481.6313326845376,True
161,161000,incremental,0.07936353633459436,0.13502711455522665,0.5483870967741935,0.10644694435945411,0.1384814302799579,0.6451612903225806,0.2373731555183168,0.0,False
162,162000,incremental,0.06250552534551088,0.10553839394129046,0.5882352941176471,0.12713727208879969,0.13118965501378974,0.8235294117647058,0.23099535268652915,0.0,False
163,163000,incremental,0.08719523860432751,0.16313498030033574,0.6052631578947368,0.12662788096909453,0.15454532511511068,0.7105263157894737,0.31596315349777954,0.0,False
164,164000,incremental,0.049079439664306265,0.08343544760366446,0.575,0.1094516892632845,0.10562760180663713,0.75,0.221857146121852,0.0,False
165,165000,incremental,0.11464036009729352,0.1572527206861739,0.5681818181818182,0.17598042678206036,0.17501606593817295,0.7272727272727273,0.2760404368358914,0.0,False
166,166000,incremental,0.0913235750087179,0.13530316126138758,0.6111111111111112,0.1284988167855439,0.14002239295561483,0.6944444444444444,0.2259901477425987,0.0,False
167,167000,incremental,0.0981087656111012,0.12928760078797963,0.5581395348837209,0.17395344446147723,0.1566484848894232,0.6744186046511628,0.23244455802595335,0.0,False
168,168000,incremental,0.06733527972755804,0.1310717467654195,0.5789473684210527,0.11461231100415951,0.1361007190102439,0.7368421052631579,0.26619152046783623,0.0,False
169,169000,incremental,0.04770463457485563,0.11763804772791062,0.5277777777777778,0.0842840233256179,0.11804431232441319,0.7222222222222222,0.23668405790116318,0.0,False
