batch,interactions,recall_existing,precision_existing,ndcg_existing,recall_new_user,precision_new_user,ndcg_new_user,recall_overall,precision_overall,ndcg_overall,pct_new_user,n_new_users,n_new_user_interactions,n_unique_users,window_unique_users,n_users_trained
1,1000,0.13978494185084267,0.10500000000000001,0.18723621080641467,0.036585365853658534,0.3,0.3436966913921454,0.13487067632716723,0.11428571428571428,0.19468670988192568,0.047619047619047616,1,82,21,21,5328
2,2000,0.1365516155580718,0.1857142857142857,0.27654036056517733,0.06843194382190348,0.34,0.3610764336505318,0.11862538615381699,0.2263157894736842,0.29878669558763904,0.2631578947368421,5,311,19,38,5328
3,3000,0.018567035468443918,0.07272727272727274,0.0751123128617754,0.049067215383042206,0.2125,0.2210531358773004,0.03140921648511688,0.13157894736842105,0.13656108044725962,0.3684210526315789,7,604,19,53,5328
4,4000,0.05662542794895736,0.07058823529411765,0.08314518223858318,0.06716881381851446,0.35,0.43165094657370817,0.06053038567842295,0.17407407407407408,0.21222139125159245,0.2962962962962963,8,657,27,75,5328
5,5000,0.019605371222419333,0.05161290322580645,0.0638102565586819,0.0360139129875972,0.23333333333333336,0.24664369579717957,0.02226621583298872,0.08108108108108107,0.09345892238114098,0.13513513513513514,5,320,37,105,5328
6,6000,0.06271959333183823,0.03333333333333334,0.041267025433182246,0.10511778613527532,0.41818181818181815,0.4399360106244165,0.07729397210801973,0.16562500000000002,0.17830948909266903,0.28125,9,783,32,128,5328
7,7000,0.03155818540433925,0.015384615384615385,0.023540222987673602,0.06999348661963546,0.23333333333333334,0.2722751883685692,0.04728171771968769,0.10454545454545455,0.12529543609803995,0.2727272727272727,6,573,22,143,5328
8,8000,0.11886961722488038,0.06315789473684212,0.12226855607212063,0.0851637933981741,0.25,0.26871018875118186,0.10582220155002633,0.13548387096774195,0.17895563968982178,0.2903225806451613,9,624,31,168,5328
9,9000,0.03871483792338732,0.1,0.0919601328824056,0.045369101978691026,0.35,0.42179448006319076,0.04019356326901037,0.15555555555555556,0.16525665447813565,0.1111111111111111,2,500,18,182,5328
10,10000,0.026693665278210557,0.061290322580645165,0.07154162763707543,0.17806426207469359,0.3181818181818182,0.39187724832297005,0.06633834539157517,0.12857142857142856,0.15543905210242878,0.21428571428571427,9,494,42,215,5328
11,11000,0.07002535700117979,0.15000000000000002,0.19478426669144489,0.1008289853215724,0.36,0.391216300620881,0.08187290635517695,0.23076923076923078,0.2703350489719972,0.2692307692307692,7,479,26,230,5328
12,12000,0.07431623931623932,0.08421052631578947,0.09376148802641289,0.05569948869153252,0.19090909090909092,0.2133726186398654,0.06749009742051348,0.12333333333333334,0.1376189025846788,0.26666666666666666,8,595,30,246,5328
13,13000,0.042807641044496456,0.08461538461538462,0.09121259186693974,0.0685656629230948,0.37777777777777777,0.38239612264539785,0.053345013631195766,0.20454545454545456,0.21033312718539987,0.36363636363636365,8,807,22,264,5328
14,14000,0.027035768645357686,0.041666666666666664,0.04876750903188495,0.19828297935047753,0.27,0.3760434196681493,0.1048754098749576,0.14545454545454545,0.1975292865938233,0.2727272727272727,6,562,22,280,5328
15,15000,0.013157894736842105,0.025,0.01590519704973793,0.02621488270043839,0.3,0.3595751887755146,0.021466887077312466,0.2,0.23460428269341396,0.5454545454545454,6,897,11,289,5328
16,16000,0.004878048780487805,0.04,0.028403811435525405,0.03465822097934848,0.32,0.32288232230244357,0.01976813487991814,0.18,0.17564306686898448,0.3,3,860,10,295,5328
17,17000,0.005233796054691577,0.09,0.0930095496192381,0.05403420812903572,0.4166666666666667,0.3850890982547229,0.02353395058257063,0.2125,0.20253938035754493,0.25,4,456,16,302,5328
18,18000,0.03481673554892126,0.10909090909090911,0.09593412690905588,0.06359025407192768,0.29000000000000004,0.3183080547533158,0.04851841103606717,0.19523809523809527,0.20182647350156058,0.3333333333333333,7,627,21,313,5328
19,19000,0.0725999245852187,0.10588235294117646,0.12906827829374332,0.05583596906309813,0.3428571428571429,0.3756810024948836,0.06771043755793353,0.17500000000000002,0.20099698951907588,0.125,3,468,24,319,5328
20,20000,0.01685823754789272,0.05000000000000001,0.04417909994213212,0.04798483549604185,0.4166666666666667,0.4044179497555282,0.03242153652196728,0.2333333333333333,0.22429852484883017,0.3333333333333333,4,926,12,324,5328
21,21000,0.006319115323854661,0.13333333333333333,0.17248708330420526,0.05784233658737505,0.48,0.48566369496611744,0.0385211286135549,0.35000000000000003,0.3682224655929004,0.375,3,757,8,8,5328
22,22000,0.02564102564102564,0.1,0.12999919949889363,0.06687644215194133,0.27058823529411763,0.2967090495309031,0.05902207710224312,0.23809523809523808,0.26495479238194897,0.6190476190476191,13,931,21,28,5328
23,23000,0.3428571428571428,0.06666666666666667,0.1418794696815998,0.03540092901742186,0.2222222222222222,0.22074781247351538,0.07932324528023915,0.19999999999999996,0.20948090636038458,0.38095238095238093,8,932,21,41,5328
24,24000,0.02990338164251207,0.06000000000000001,0.04440598815349084,0.06884650667713312,0.2136363636363636,0.22376272899925276,0.06163481685590701,0.18518518518518515,0.1905485177315191,0.5925925925925926,16,899,27,60,5328
25,25000,0.003968253968253968,0.05,0.08973855254290868,0.0424915990184732,0.18,0.18034789770905785,0.036071041510103326,0.15833333333333333,0.16524634018136633,0.375,9,832,24,71,5328
26,26000,0.3,0.04,0.12305045097059224,0.10466723365504914,0.16153846153846158,0.17383820428776872,0.15892633541753548,0.1277777777777778,0.15973049503299747,0.2777777777777778,5,947,18,80,5328
27,27000,0.06190476190476191,0.05,0.06146389406020458,0.05678685459406372,0.1894736842105263,0.21541169553961276,0.057676925430706884,0.16521739130434782,0.18863816484754173,0.43478260869565216,10,933,23,91,5328
28,28000,0.0,0.0,0.0,0.06549113557144377,0.2318181818181818,0.259849448577903,0.06003354094049013,0.2125,0.23819532786307773,0.4583333333333333,11,998,24,104,5328
29,29000,0.0,0.0,0.0,0.06358133799416624,0.23529411764705882,0.2531839469122731,0.06358133799416624,0.23529411764705882,0.2531839469122731,0.47058823529411764,8,1000,17,113,5328
30,30000,0.11538461538461538,0.06000000000000001,0.06632771916358357,0.08680206545873403,0.24705882352941178,0.2892257906574453,0.09329809953279797,0.20454545454545456,0.23856713804520402,0.4090909090909091,9,943,22,128,5328
31,31000,0.0,0.0,0.0,0.046831383123893226,0.3153846153846154,0.3512766015021959,0.03581223415356541,0.24117647058823527,0.26862328350167924,0.4117647058823529,7,995,17,138,5328
32,32000,0.012121212121212121,0.06666666666666667,0.05152477985946608,0.08741170458193508,0.25000000000000006,0.27385116742140386,0.07665591994468893,0.22380952380952382,0.24209025491255562,0.7142857142857143,15,939,21,156,5328
33,33000,0.0024630541871921183,0.014285714285714287,0.011199752711239333,0.07137398958500384,0.195,0.22525089627254244,0.0535081915189045,0.14814814814814814,0.16975615534924163,0.4444444444444444,12,853,27,173,5328
34,34000,0.01417718084384751,0.08333333333333333,0.11933844779467111,0.09164443652466343,0.25,0.2888450579026929,0.07227762260445945,0.20833333333333334,0.2464684053756874,0.3333333333333333,8,847,24,185,5328
35,35000,0.017471091000502766,0.08,0.06869457372629362,0.0684241699531731,0.148,0.1627657848652418,0.059931990127728055,0.13666666666666666,0.14708724967541711,0.43333333333333335,13,696,30,201,5328
36,36000,0.015873015873015872,0.03333333333333333,0.021206929399650572,0.05061414424580172,0.185,0.18776074222429856,0.04608269271891661,0.16521739130434784,0.16603633185586622,0.21739130434782608,5,937,23,209,5328
37,37000,0.04942648814600035,0.15714285714285717,0.16311305492741188,0.08561748377017583,0.20999999999999996,0.23347906409182215,0.076234633052797,0.1962962962962963,0.21523602467882694,0.4074074074074074,11,793,27,224,5328
38,38000,0.12247383086766028,0.09090909090909091,0.13649600400684025,0.052928710146764105,0.1941176470588235,0.21468647657787127,0.08025000757283045,0.15357142857142855,0.18396879092496626,0.39285714285714285,11,684,28,244,5328
39,39000,0.12000000000000001,0.03333333333333334,0.06471541657238095,0.07570548479064498,0.3375,0.3172036959155663,0.09915552225442117,0.17647058823529413,0.18353343038093878,0.29411764705882354,5,932,17,255,5328
40,40000,0.013020022823944393,0.08888888888888888,0.09428918432266556,0.06160681468854469,0.2857142857142857,0.31196000691319753,0.042594591785005444,0.20869565217391303,0.22678446763864152,0.34782608695652173,8,801,23,272,5328
41,41000,0.0487241302573993,0.1,0.1110973030685706,0.03644510043192218,0.21538461538461537,0.19668775335971472,0.04178380905169484,0.16521739130434784,0.15947451410269553,0.34782608695652173,8,802,23,23,5328
42,42000,0.02309668218759128,0.07272727272727272,0.07961581906225645,0.042137448284730365,0.2692307692307692,0.25205855260912846,0.03341043049020829,0.17916666666666667,0.17302229973347882,0.3333333333333333,8,732,24,44,5328
43,43000,0.0935064935064935,0.018181818181818184,0.03403581070575829,0.08961711422320491,0.3444444444444444,0.38539623350818175,0.09175627282901364,0.16499999999999998,0.19214800096684886,0.2,4,703,20,60,5328
44,44000,0.019168231269315588,0.1111111111111111,0.09868139855481907,0.10808788347536794,0.21999999999999997,0.2582401532603831,0.05092524991433428,0.15,0.15566666809252053,0.14285714285714285,4,477,28,79,5328
45,45000,0.005952380952380952,0.008333333333333333,0.009170490262420007,0.06116357684862997,0.24666666666666667,0.26143924411223224,0.03662526756140819,0.14074074074074075,0.1493197979567601,0.3333333333333333,9,859,27,101,5328
46,46000,0.020630177204571668,0.029411764705882353,0.022808846218696083,0.09264097097773358,0.1933333333333333,0.22427731310091678,0.05438523678574132,0.10625,0.11724719006973705,0.21875,7,917,32,129,5328
47,47000,0.020833333333333332,0.0125,0.01304103910567388,0.043322474079495805,0.31666666666666665,0.33313225528557966,0.030471536510260105,0.14285714285714285,0.1502229888970621,0.21428571428571427,6,853,28,149,5328
48,48000,0.044101169879716594,0.03529411764705883,0.049321674917104937,0.06521851863754134,0.2136363636363636,0.23293603100230872,0.05601352046105364,0.13589743589743591,0.15289900399080966,0.28205128205128205,11,829,39,179,5328
49,49000,0.033582089552238806,0.04375,0.06758737280587922,0.05615001861537613,0.24285714285714288,0.26550513518504487,0.04411378978170289,0.1366666666666667,0.15994899524948986,0.16666666666666666,5,772,30,199,5328
50,50000,0.14834001782531195,0.05,0.11243533455768483,0.09784660365585761,0.2909090909090909,0.34392921041239616,0.11910698856931208,0.18947368421052632,0.24645810478935984,0.2631578947368421,5,653,19,210,5328
51,51000,0.10505510929774604,0.049999999999999996,0.09019934461232144,0.0655915525887958,0.2823529411764706,0.3137478031545233,0.08192130019249935,0.18620689655172412,0.22124499272326734,0.27586206896551724,8,878,29,228,5328
52,52000,0.006808278867102397,0.041666666666666664,0.03558017295487697,0.0974006799065699,0.19375000000000003,0.2598901327269382,0.05857536517536955,0.1285714285714286,0.16375729282462623,0.14285714285714285,4,747,28,243,5328
53,53000,0.09444444444444444,0.03333333333333333,0.04446505428610514,0.03721127376888979,0.2714285714285714,0.24291045828532618,0.054381224971556195,0.2,0.1833768370855599,0.25,5,904,20,255,5328
54,54000,0.007142857142857143,0.025,0.026528295746614323,0.04754774094657793,0.2833333333333333,0.29829545524256834,0.031385787425089615,0.18,0.18958859144418677,0.4,8,924,20,269,5328
55,55000,0.040405701754385966,0.03125,0.06730556977788378,0.03910353573044359,0.16923076923076924,0.17824244500361758,0.039821972157446275,0.09310344827586207,0.11703589315493686,0.1724137931034483,5,740,29,288,5328
56,56000,0.015895278167367927,0.04000000000000001,0.04198195542937388,0.05713570433065566,0.38888888888888895,0.3720682495726105,0.03136043797860083,0.1708333333333333,0.1657643157330876,0.2916666666666667,7,865,24,304,5328
57,57000,0.030288771752186385,0.07222222222222223,0.06217187534796584,0.06234625294587144,0.25000000000000006,0.2619273561787295,0.0443139197744236,0.15000000000000002,0.14956489821142493,0.28125,9,712,32,325,5328
58,58000,0.050571895424836595,0.03333333333333333,0.0446316598902373,0.03140576279585568,0.2,0.21766143649881856,0.039924043964291646,0.12592592592592594,0.14075931356167132,0.37037037037037035,10,795,27,344,5328
59,59000,0.05555567355299737,0.061111111111111116,0.08721573096910157,0.05168617368700219,0.2111111111111111,0.2472910866918392,0.0542658402643323,0.11111111111111113,0.14057418287668078,0.14814814814814814,4,752,27,361,5328
60,60000,0.04507079362170088,0.03125,0.06140521539998312,0.03799723942440236,0.14705882352941177,0.1631653841311574,0.04142684145945619,0.09090909090909091,0.11382712050392138,0.30303030303030304,10,689,33,379,5328
61,61000,0.022044578515166748,0.05999999999999999,0.05144863224484985,0.0606377812089971,0.29,0.2754196820557296,0.03748185959269889,0.152,0.14103705216920173,0.16,4,798,25,25,5328
62,62000,0.07113212874082439,0.02727272727272727,0.08428022390613453,0.03509796649947068,0.18571428571428572,0.187190314087588,0.057118843424742397,0.08888888888888889,0.12430081453225533,0.19444444444444445,7,755,36,58,5328
63,63000,0.054135338345864654,0.01578947368421053,0.026639298052206568,0.12081269896393441,0.26153846153846155,0.3735111243869272,0.0812230160969555,0.115625,0.1675559775006868,0.21875,7,836,32,83,5328
64,64000,0.06537771537771538,0.05,0.07141628267979466,0.044358493912443925,0.2416666666666667,0.25693763829586586,0.05795916662526662,0.11764705882352941,0.1368944081913492,0.20588235294117646,7,769,34,110,5328
65,65000,0.0307161753590325,0.05833333333333334,0.05887115449717701,0.03171430106401037,0.17333333333333334,0.1880605420049682,0.03127068963957575,0.12222222222222223,0.1306430364459499,0.2222222222222222,6,871,27,129,5328
66,66000,0.05009740259740259,0.016666666666666666,0.023070210376888594,0.039200772543469174,0.1733333333333333,0.18953319534598825,0.04590639103819743,0.07692307692307691,0.08709443536500383,0.20512820512820512,8,621,39,161,5328
67,67000,0.02107864357864358,0.06000000000000001,0.06107801361385494,0.03875882590632767,0.325,0.3630858113034183,0.02893650239094762,0.17777777777777778,0.19530370147588308,0.16666666666666666,3,732,18,173,5328
68,68000,0.025074033109747394,0.09,0.09942099514404901,0.04100042497043749,0.25,0.2762794427129876,0.033037229040092445,0.16999999999999998,0.1878502189285183,0.3,6,776,20,187,5328
69,69000,0.00816221469086731,0.0411764705882353,0.03141843411379577,0.035936930641163906,0.16923076923076924,0.19857887914455555,0.020197924935995835,0.09666666666666668,0.10385462696045834,0.16666666666666666,5,700,30,210,5328
70,70000,0.015656565656565657,0.049999999999999996,0.04246159762940479,0.044709944978237666,0.18000000000000002,0.18346520619171525,0.030684175650533937,0.11724137931034484,0.1153944986099102,0.13793103448275862,4,721,29,228,5328
71,71000,0.1013888888888889,0.020000000000000004,0.05556662296729121,0.03292969050445785,0.23846153846153845,0.26975906906711705,0.0696042610675459,0.12142857142857143,0.1550131157993532,0.32142857142857145,9,810,28,252,5328
72,72000,0.009563810414621654,0.04736842105263158,0.0423626306019121,0.07427527996818431,0.1823529411764706,0.2290290551704054,0.04012200437047068,0.1111111111111111,0.13051066442592282,0.19444444444444445,7,777,36,276,5328
73,73000,0.0327485380116959,0.04,0.06511542882944164,0.0769523185896554,0.3125,0.3627179415241777,0.05995086452120945,0.20769230769230768,0.24825543664158695,0.38461538461538464,10,955,26,294,5328
74,74000,0.024960753532182103,0.07692307692307693,0.08271778327830245,0.06388734694805051,0.32307692307692304,0.32656703128743775,0.04442405024011631,0.2,0.20464240728287006,0.3076923076923077,8,771,26,307,5328
75,75000,0.09183673469387754,0.049999999999999996,0.07313613049350133,0.02857054147134794,0.16111111111111112,0.19203249520600257,0.05624950100620464,0.1125,0.1400153356442833,0.21875,7,931,32,323,5328
76,76000,0.08813626460685284,0.058823529411764705,0.07638251473971246,0.05681076012220916,0.19999999999999998,0.2269494385863257,0.07398926258152988,0.12258064516129032,0.14438048034786036,0.22580645161290322,7,820,31,338,5328
77,77000,0.022026446919817245,0.01935483870967742,0.0212310782719408,0.07255213281051195,0.1653846153846154,0.16994057193792014,0.045073251010309574,0.08596491228070176,0.08906347889151033,0.24561403508771928,14,760,57,372,5328
78,78000,0.0820393374741201,0.03043478260869565,0.07526920349792007,0.07302254212113933,0.2222222222222222,0.21777980391799448,0.07808074439232364,0.11463414634146342,0.1378348329506357,0.24390243902439024,10,602,41,398,5328
79,79000,0.018781512605042017,0.016,0.016880518482010873,0.03697589366306995,0.14583333333333334,0.16898603718684682,0.027693046184484274,0.07959183673469387,0.09138118070478767,0.2653061224489796,13,869,49,424,5328
80,80000,0.0,0.0,0.0,0.03549504480768291,0.1636363636363636,0.1897937743343152,0.022311171021972116,0.10285714285714284,0.11929894386728385,0.3142857142857143,11,977,35,442,5328
81,81000,0.0625,0.00625,0.024178300452158852,0.04779318968001584,0.2235294117647059,0.2544888278974802,0.05492376438061423,0.1181818181818182,0.14282311762096078,0.2727272727272727,9,950,33,33,5328
82,82000,0.006053268765133172,0.03571428571428571,0.04032458281217287,0.03721696377362119,0.22727272727272727,0.226752120486177,0.0197652945688679,0.12,0.1223526993887347,0.2,5,907,25,52,5328
83,83000,0.04487179487179487,0.03636363636363637,0.0335667607725223,0.04818717832708317,0.18888888888888888,0.20327818712075263,0.0469296190854221,0.1310344827586207,0.13890488747142388,0.20689655172413793,6,931,29,76,5328
84,84000,0.05263157894736842,0.005263157894736842,0.05263157894736842,0.046754013728823124,0.2583333333333333,0.3071310480165829,0.050356392411157344,0.1032258064516129,0.1511475024580321,0.1935483870967742,6,925,31,100,5328
85,85000,0.0,0.0,0.0,0.07770964088057691,0.3266666666666666,0.3406568863895292,0.055506886343269224,0.2333333333333333,0.24332634742109227,0.47619047619047616,10,838,21,116,5328
86,86000,0.011363636363636364,0.004545454545454546,0.006864528101263875,0.0365410418159438,0.26153846153846155,0.2801002371785305,0.020715244103064842,0.10000000000000002,0.10835207718710578,0.17142857142857143,6,937,35,140,5328
87,87000,0.09474025974025974,0.045,0.06617564028963648,0.06190161344834551,0.35000000000000003,0.34859382824624424,0.08121846420829505,0.17058823529411762,0.18246548238941615,0.23529411764705882,8,822,34,162,5328
88,88000,0.02092592592592592,0.016666666666666666,0.02064113710741339,0.051568662582372554,0.20666666666666667,0.21268421924361883,0.031140171478074796,0.08000000000000002,0.08465549781948187,0.17777777777777778,8,866,45,196,5328
89,89000,0.015821469091120983,0.06470588235294118,0.0671619667303743,0.025752599890530928,0.13333333333333333,0.12872300441566456,0.017900077863090506,0.07906976744186045,0.08004683508310947,0.046511627906976744,2,206,43,220,5328
90,90000,0.006288203540525522,0.010526315789473684,0.009446163425569334,0.018622969076092385,0.13846153846153844,0.14791735849534676,0.009432359461356293,0.04313725490196079,0.04474274256100279,0.0196078431372549,1,722,51,253,5328
91,91000,0.01126069600334306,0.008333333333333333,0.01736592747753668,0.04715765595235688,0.14375,0.15128572037067306,0.020234935990596517,0.042187499999999996,0.050845875700820775,0.0,0,507,64,287,5328
92,92000,0.02186364010491917,0.020930232558139538,0.030700061598318593,0.021965450023526248,0.1111111111111111,0.1110248792379433,0.021881261052370395,0.03653846153846155,0.04460243388209979,0.0,0,383,52,313,5328
93,93000,0.058621167720214015,0.0625,0.10383348895364669,0.07904061893735918,0.06842105263157897,0.08832886650316721,0.06622841425209164,0.06470588235294118,0.09805725706033082,0.0196078431372549,1,349,51,335,5328
94,94000,0.015943096478115384,0.043076923076923075,0.04277753587428566,0.02703098029478801,0.0625,0.06421420800292897,0.018133295750544544,0.04691358024691358,0.0470119402453757,0.012345679012345678,1,366,81,367,5328
95,95000,0.0369618919856732,0.041379310344827586,0.050256697308981496,0.11890628885858276,0.1111111111111111,0.15378894119009018,0.056369775455572826,0.05789473684210527,0.07477749191240199,0.013157894736842105,1,465,76,401,5328
96,96000,0.01984633303993351,0.03333333333333333,0.04203798641438427,0.04760602502687579,0.075,0.08104376504701996,0.026191405494091744,0.04285714285714286,0.05095359295898671,0.0,0,343,70,433,5328
97,97000,0.04655674085706126,0.06507936507936507,0.08466732044574185,0.05423534798534798,0.04,0.06072290591926399,0.04803339607403948,0.06025641025641026,0.08006262534449612,0.02564102564102564,2,126,78,471,5328
98,98000,0.0680729626983497,0.032,0.060824605575888535,0.02817911255411255,0.095,0.09850477414728986,0.05967425740482609,0.04526315789473683,0.06875727264355198,0.010526315789473684,1,454,95,509,5328
99,99000,0.028027734084792616,0.02857142857142857,0.0358330570675468,0.0057164836330839824,0.09166666666666667,0.08069603215246961,0.022331244607760627,0.04468085106382979,0.04728743368497391,0.0425531914893617,2,492,47,530,5328
100,100000,0.026137035063647607,0.03333333333333333,0.036286899202610155,0.023935715696927786,0.043750000000000004,0.03682074819210045,0.025459706027733824,0.03653846153846154,0.036451160430145624,0.0,0,349,52,549,5328
101,101000,0.05640224938900952,0.03194444444444444,0.04341076742763071,0.08335877085877086,0.037500000000000006,0.05779976771803785,0.061303435110784295,0.03295454545454546,0.04602694929861383,0.0,0,123,88,88,5328
102,102000,0.06750367301775825,0.0509433962264151,0.08013143458749063,0.028344671201814057,0.18571428571428572,0.18482880477628263,0.0629351228058981,0.06666666666666667,0.09234612777618303,0.0,0,141,60,139,5328
103,103000,0.026416536290646855,0.031746031746031744,0.04131738355101109,0.02053937854211452,0.0642857142857143,0.0869037666560468,0.025347962154550065,0.03766233766233767,0.049605816842835763,0.012987012987012988,1,244,77,197,5328
104,104000,0.038422041415939204,0.03333333333333333,0.03619772856152602,0.013823250097759901,0.09166666666666667,0.1141210871460198,0.03350228315230334,0.045,0.051782400278424776,0.016666666666666666,1,397,60,232,5328
105,105000,0.024464307151532638,0.032432432432432434,0.03884019756251511,0.058145046137189696,0.13846153846153844,0.1662640971402586,0.03322129928780347,0.06,0.07197041145272844,0.0,0,602,50,255,5328
106,106000,0.06517660729727578,0.0348314606741573,0.06609418112215387,0.014508614365867681,0.058823529411764705,0.07095105143358998,0.05705060843091788,0.038679245283018866,0.06687311315323326,0.02830188679245283,3,194,106,310,5328
107,107000,0.035051931092420885,0.025000000000000005,0.03605630730853002,0.02582569959802103,0.05625,0.06128510769961677,0.033374434457075455,0.030681818181818185,0.04064336192509125,0.011363636363636364,1,335,88,349,5328
108,108000,0.045564297378038736,0.04375,0.06151418056668936,0.0516987337921594,0.07058823529411766,0.08399580610238258,0.046639404790822764,0.048453608247422675,0.06545425926882116,0.010309278350515464,1,169,97,391,5328
109,109000,0.06914865414597525,0.05096153846153846,0.08192008494826021,0.06066176470588235,0.011764705882352941,0.022640946983676826,0.06795628124943327,0.045454545454545456,0.07359161101935181,0.0,0,130,121,436,5328
110,110000,0.026200340126490564,0.031034482758620693,0.036042902367228104,0.009092098377812663,0.03571428571428571,0.025584151665223175,0.02287373756424764,0.03194444444444445,0.034009256397393814,0.013888888888888888,1,141,72,463,5328
111,111000,0.02732824053874427,0.04,0.04494404085627519,0.0038966365873666937,0.0125,0.020633603090445016,0.022968872361743792,0.034883720930232565,0.040421168713795155,0.011627906976744186,1,132,86,488,5328
112,112000,0.040781341648469964,0.040740740740740744,0.05987663078614447,0.005697278911564625,0.08,0.08205228949141825,0.03529945684582851,0.046875,0.0633415774588435,0.0,0,341,64,506,5328
113,113000,0.06645224704882823,0.037349397590361454,0.058933804702159365,0.08655342530940616,0.07272727272727274,0.09556018893135644,0.06880451258995968,0.041489361702127664,0.06321987094174626,0.0,0,195,94,530,5328
114,114000,0.042115046233704004,0.024242424242424246,0.03315413820501952,0.028191478091363673,0.09444444444444444,0.1008184914641485,0.039972958827190104,0.03504273504273504,0.043564038706423974,0.008547008547008548,1,276,117,558,5328
115,115000,0.02928131565265785,0.02989690721649485,0.036549239680326605,0.011382113821138212,0.025,0.028556199240328622,0.026746915393327637,0.02920353982300885,0.03541748174191981,0.0,0,113,113,583,5328
116,116000,0.026837096724088613,0.02441860465116279,0.03301505506813175,0.010866166353971233,0.02307692307692308,0.018376044141098766,0.024739903847204512,0.024242424242424246,0.031092760703975902,0.0,0,179,99,600,5328
117,117000,0.027290996557839654,0.030337078651685397,0.03422491045507584,0.04696969696969697,0.03333333333333333,0.05633399194769979,0.029629059973109835,0.030693069306930693,0.03685173201855591,0.009900990099009901,1,114,101,623,5328
118,118000,0.022679570850691055,0.028947368421052635,0.035792216969997036,0.0062499999999999995,0.018750000000000003,0.02401945953777551,0.019822254181005656,0.02717391304347826,0.033744780894828075,0.0,0,139,92,636,5328
119,119000,0.025934417454203832,0.029591836734693875,0.040833671222745886,0.00625,0.03333333333333333,0.03303059216467872,0.023321441685946687,0.03008849557522124,0.0397978642681352,0.0,0,186,113,657,5328
120,120000,0.04912553805214286,0.02463768115942029,0.0458323430694227,0.001349527665317139,0.007692307692307693,0.008465067934541545,0.04155129250301196,0.02195121951219512,0.03990826286511228,0.012195121951219513,1,174,82,669,5328
121,121000,0.036049644837482304,0.02631578947368421,0.033190085462691185,0.01111111111111111,0.037500000000000006,0.03837684129280817,0.03171250853724384,0.02826086956521739,0.03409212995488545,0.021739130434782608,1,115,46,46,5328
122,122000,0.03299837065295129,0.023170731707317073,0.026564440914494176,0.024679412320798996,0.09166666666666667,0.09367374692448589,0.03193637597225099,0.031914893617021274,0.035131586362578224,0.02127659574468085,2,181,94,130,5328
123,123000,0.041869741979632086,0.026373626373626374,0.039524976982882896,0.09401709401709403,0.04615384615384615,0.050134588164339584,0.04838816098431483,0.028846153846153848,0.04085117838056497,0.0,0,85,104,198,5328
124,124000,0.06382009867351372,0.0326530612244898,0.05271526939458327,0.017759330211437493,0.03333333333333333,0.041158014776324955,0.056672738050088094,0.032758620689655175,0.05092190229864663,0.0,0,138,116,257,5328
125,125000,0.04520536108973298,0.03580246913580247,0.05295727407327657,0.028326873385012916,0.041666666666666664,0.05488140183831469,0.04302749170847877,0.03655913978494624,0.05320554862360407,0.0,0,99,93,297,5328
126,126000,0.027332097346488792,0.02291666666666667,0.02677922804988848,0.07058823529411765,0.023529411764705882,0.04817180063766965,0.03383965792268074,0.023008849557522124,0.029997579678138743,0.0,0,76,113,341,5328
127,127000,0.044109087521190485,0.03333333333333333,0.04885018993555431,0.040782616076733724,0.07499999999999998,0.08836400376000443,0.04321004118485082,0.04459459459459459,0.05952959907729759,0.013513513513513514,1,311,74,369,5328
128,128000,0.038504095383386006,0.027631578947368424,0.040662358266730834,0.06628117913832199,0.08181818181818183,0.09614709671962678,0.04473976724673898,0.039795918367346944,0.05311811587860543,0.0,0,324,98,402,5328
129,129000,0.02871685647079825,0.019000000000000003,0.02586820963606286,0.06136752136752137,0.09333333333333332,0.11574968095837693,0.0329756388486317,0.028695652173913046,0.03759187980853861,0.0,0,205,115,436,5328
130,130000,0.021349560961655367,0.029670329670329672,0.04166667329608025,0.004830917874396135,0.022222222222222223,0.03498668118529233,0.019862883083802036,0.029000000000000005,0.04106547400610934,0.0,0,66,100,466,5328
131,131000,0.0418201716040407,0.025263157894736845,0.03762919567818341,0.06314142036124794,0.10833333333333334,0.1410094913120423,0.04421133968896114,0.034579439252336454,0.049223247524971314,0.0,0,391,107,493,5328
132,132000,0.03398942059731735,0.029870129870129873,0.038172864561844065,0.03611111111111111,0.025000000000000005,0.0349470439941233,0.03427549122839066,0.029213483146067417,0.037737922462825535,0.0,0,124,89,512,5328
133,133000,0.046784127105453585,0.02989690721649485,0.04253812401365873,0.015985060690943045,0.04,0.04310492025045587,0.042659252139224495,0.03125,0.04261403422394406,0.0,0,194,112,541,5328
134,134000,0.048646105922491384,0.05,0.0618076026244101,0.030207600281491907,0.14,0.12372123516629481,0.04601203368806289,0.06285714285714286,0.07065240727325077,0.014285714285714285,1,189,70,551,5328
135,135000,0.01186071407146837,0.026250000000000002,0.031920151562279675,0.013574660633484163,0.01764705882352941,0.01666073626454507,0.012161096458625778,0.024742268041237112,0.02924582104618186,0.0,0,85,97,568,5328
136,136000,0.03026710618008251,0.05714285714285714,0.06523994070555444,0.008928571428571428,0.0071428571428571435,0.006022445303991836,0.02721874407272378,0.05,0.056780298505331214,0.0,0,69,98,584,5328
137,137000,0.06998217282660008,0.035526315789473684,0.06290181076677848,0.043097523314205695,0.1,0.11193867681907073,0.06555063719268892,0.046153846153846156,0.07098481066550796,0.02197802197802198,2,415,91,595,5328
138,138000,0.037314350393935165,0.029411764705882353,0.03948260107951924,0.015740440901731222,0.07142857142857142,0.08285352152402548,0.034263494506148746,0.03535353535353536,0.045615862556520136,0.010101010101010102,1,265,99,611,5328
139,139000,0.03714703329018021,0.034343434343434336,0.045232705790564404,0.11058519793459554,0.04285714285714286,0.06550783323895092,0.046245566962939626,0.035398230088495575,0.04774466848328486,0.008849557522123894,1,136,113,634,5328
140,140000,0.022300426394907112,0.027173913043478267,0.034785836281645686,0.09998103408029879,0.05,0.07211888842209929,0.033808664570520695,0.03055555555555556,0.04031665882097215,0.018518518518518517,2,159,108,652,5328
141,141000,0.05952054064304386,0.055421686746987955,0.06695217818965035,0.10287178379416283,0.05625000000000001,0.09675316449188083,0.06652680216241663,0.05555555555555555,0.07176849920819266,0.010101010101010102,1,154,99,99,5328
142,142000,0.04644783424634195,0.04459459459459459,0.060209704673529034,0.14970558115719407,0.09,0.13432540742272397,0.05874042316430054,0.05,0.06903300261986176,0.011904761904761904,1,119,84,150,5328
143,143000,0.04818097920834848,0.03521126760563382,0.05308732305774233,0.0318140978518337,0.06153846153846154,0.09338744517028469,0.04564800947460214,0.03928571428571429,0.059324246718016754,0.023809523809523808,2,271,84,198,5328
144,144000,0.047835509876835026,0.03561643835616438,0.052838204188292354,0.08143939393939394,0.03888888888888889,0.07545062004886104,0.05448243199909943,0.036263736263736274,0.057310989743130106,0.0,0,82,91,241,5328
145,145000,0.03660626920660436,0.0328125,0.05096329788550395,0.12493224932249324,0.03333333333333334,0.09189292664785577,0.04749577360445367,0.03287671232876712,0.05600941650004048,0.0273972602739726,2,175,73,277,5328
146,146000,0.05914559302964721,0.030107526881720432,0.05617105867661645,0.033965811965811964,0.07200000000000001,0.0768033985949966,0.053810893651716,0.03898305084745763,0.06054231713390038,0.00847457627118644,1,279,118,331,5328
147,147000,0.03498936960492302,0.034722222222222224,0.046870061582199946,0.052845740065937875,0.030000000000000006,0.03733578856284426,0.037166975758705326,0.03414634146341464,0.0457073453603273,0.0,0,182,82,355,5328
148,148000,0.015858250708859385,0.023148148148148154,0.023909223178045044,0.08756613756613756,0.07142857142857142,0.11126342822074145,0.027531627639113973,0.031007751937984496,0.03812967516173981,0.0,0,159,129,385,5328
149,149000,0.03013242133530522,0.016417910447761197,0.020129617213929068,0.037632821723730815,0.09090909090909091,0.1275638450184018,0.031190170108031906,0.026923076923076925,0.03528059805814957,0.02564102564102564,2,182,78,402,5328
150,150000,0.035931732799001984,0.027835051546391754,0.040409331850517496,0.01048951048951049,0.0125,0.01400034759469847,0.03232929424190585,0.025663716814159295,0.03667000664615375,0.008849557522123894,1,69,113,427,5328
151,151000,0.04459183467393914,0.02857142857142857,0.0576460212297498,0.04537060151880401,0.08666666666666667,0.08956403743797542,0.04470982965043382,0.03737373737373738,0.062482084291602166,0.010101010101010102,1,363,99,452,5328
152,152000,0.04807275106432457,0.030882352941176472,0.048891298328893835,0.041457455191007825,0.06875,0.0660316072968915,0.04681269470750233,0.0380952380952381,0.05215611908470292,0.0,0,414,84,468,5328
153,153000,0.032921293971043895,0.045569620253164564,0.0647963633924055,0.005547584887613583,0.013333333333333334,0.008482771759860229,0.02855314890453906,0.04042553191489361,0.055810151961680196,0.010638297872340425,1,133,94,483,5328
154,154000,0.0832171520321834,0.04819277108433735,0.0834033521731774,0.012499999999999999,0.024999999999999998,0.026044092935128858,0.0742844591439076,0.04526315789473684,0.07615797205889759,0.0,0,106,95,497,5328
155,155000,0.058613359338946396,0.034408602150537634,0.06461485224862823,0.04988054721388055,0.03333333333333333,0.06490892784137585,0.057400468766020576,0.03425925925925926,0.06465569608095427,0.009259259259259259,1,310,108,517,5328
156,156000,0.040895403401790965,0.028000000000000004,0.04188713774860786,0.01052991452991453,0.02666666666666667,0.02900732637286946,0.036934687461981,0.027826086956521737,0.04020716235177242,0.017391304347826087,2,138,115,528,5328
157,157000,0.03427016719377408,0.03942307692307692,0.045224005135876474,0.03379217273954116,0.038461538461538464,0.04498007003791406,0.034217056698859306,0.039316239316239315,0.04519690123610288,0.0,0,165,117,544,5328
158,158000,0.045760134891550834,0.04148936170212767,0.05131261855818286,0.1708333333333333,0.05833333333333333,0.13078799767788088,0.05991936490382809,0.04339622641509434,0.06030983128871471,0.0,0,56,106,555,5328
159,159000,0.02993496781470385,0.042553191489361715,0.05230255591587231,0.011931818181818182,0.025,0.02164832916852826,0.028522956078791246,0.04117647058823529,0.04989830283764924,0.0,0,74,102,565,5328
160,160000,0.04594698012940389,0.04777777777777777,0.061724286150870195,0.03317793317793318,0.045454545454545456,0.03958861323409702,0.044556291847560554,0.047524752475247525,0.05931347028864739,0.009900990099009901,1,76,101,577,5328
161,161000,0.03348319886805536,0.032584269662921356,0.039651340372420726,0.036976328993135715,0.023529411764705882,0.033433777339387356,0.034043417850379565,0.031132075471698113,0.03865418403693425,0.009433962264150943,1,212,106,106,5328
162,162000,0.018234633134873203,0.034146341463414644,0.039509455235700854,0.059459485578352664,0.1,0.11565412674062789,0.022715595356990536,0.041304347826086954,0.04778604996449727,0.010869565217391304,1,177,92,161,5328
163,163000,0.044148103087572305,0.04814814814814815,0.057025561339712934,0.022742807431802643,0.05000000000000001,0.05598108895760091,0.04138612945456977,0.04838709677419354,0.056890790709762995,0.010752688172043012,1,212,93,206,5328
164,164000,0.06596632224984286,0.03814432989690722,0.05992104949508762,0.0669784051174492,0.1111111111111111,0.139917305726179,0.06612473522042472,0.049565217391304345,0.07244220264430191,0.008695652173913044,1,361,115,252,5328
165,165000,0.05390667686162274,0.05135135135135135,0.07054069009683003,0.009259259259259259,0.038461538461538464,0.03524074243300944,0.04723522365667188,0.04942528735632184,0.06526598527350051,0.0,0,184,87,280,5328
166,166000,0.030905514555802385,0.025000000000000005,0.028486714736713395,0.024088541666666664,0.0375,0.04298014683412085,0.029931661285925854,0.026785714285714284,0.030557205036343033,0.0,0,155,112,305,5328
