batch,interactions,recall_existing,precision_existing,ndcg_existing,hr_existing,mrr_existing,recall_new_content,precision_new_content,ndcg_new_content,hr_new_content,mrr_new_content,recall_overall_content,precision_overall_content,ndcg_overall_content,hr_overall_content,mrr_overall_content,n_new_users,pct_new_users,n_users_trained,id_resolution_emissions_mg,recovered_history_seed_emissions_mg,expand_embeddings_emissions_mg,gt_split_emissions_mg,scoring_emissions_mg,history_update_emissions_mg,apply_content_seeds_emissions_mg,batch_emissions_mg,update_emissions_mg,updated
1,1000,0.13978494185084267,0.10500000000000001,0.18723621080641467,0.5,0.31333333333333335,0.036585365853658534,0.3,0.3436966913921454,1.0,0.5,0.13487067632716723,0.11428571428571428,0.19468670988192568,0.5238095238095238,0.32222222222222224,1,0.047619047619047616,5328,11.725420472688677,11.657248441094236,56.68270129401433,11.660806181472253,11.742760552894966,11.664410709795778,11.689606268073183,126.82295392003341,0.0,False
2,2000,0.1365516155580718,0.1857142857142857,0.27654036056517733,0.5714285714285714,0.4507936507936508,0.06843194382190348,0.34,0.3610764336505318,0.8,0.6666666666666666,0.11862538615381699,0.2263157894736842,0.29878669558763904,0.631578947368421,0.5076023391812865,5,0.2631578947368421,5328,11.719767625314809,11.658150578560798,56.983583307998074,11.662858701103616,11.722659320545189,11.666583667904609,11.756709731462323,127.17031293288942,0.0,False
3,3000,0.018567035468443918,0.07272727272727274,0.0751123128617754,0.2727272727272727,0.13636363636363635,0.04982479114061796,0.225,0.241957532425932,0.875,0.5104166666666666,0.03172819575146457,0.1368421052631579,0.1453629316256308,0.5263157894736842,0.29385964912280704,7,0.3684210526315789,5328,11.729765304826817,11.657850980367051,56.799415235102984,11.661988585165005,11.714398783376563,11.6734392084228,11.777745044079307,127.01460314134054,0.0,False
4,4000,0.05662542794895736,0.07058823529411765,0.08314518223858318,0.29411764705882354,0.14313725490196078,0.07053960033536841,0.38,0.4704753518504073,0.9,0.9,0.061778825129109594,0.18518518518518517,0.22660080061333285,0.5185185185185185,0.42345679012345677,8,0.2962962962962963,5328,11.722643330939444,11.656860331344548,56.59329146730468,11.662863305454858,11.743800265068554,11.671418584172848,11.791232687572696,126.84210997185765,0.0,False
5,5000,0.019605371222419333,0.05161290322580645,0.0638102565586819,0.2903225806451613,0.14093701996927804,0.04695408392776814,0.26666666666666666,0.2854593001855266,0.8333333333333334,0.5722222222222223,0.024040297607070493,0.08648648648648649,0.09975334471438645,0.3783783783783784,0.21087516087516087,5,0.13513513513513514,5328,11.717038987984129,11.667918015802842,57.25748707862332,11.655745096778285,11.73149679265645,11.666042779460659,11.726049948204308,127.42177869950999,0.0,False
6,6000,0.06271959333183823,0.03333333333333334,0.041267025433182246,0.19047619047619047,0.052380952380952375,0.1500344079749741,0.41818181818181815,0.48677830822540985,0.8181818181818182,0.6666666666666666,0.09273406086541619,0.165625,0.1944115288930105,0.40625,0.2635416666666667,9,0.28125,5328,11.728970273714584,11.66981145273526,60.5161911775582,11.66546008068395,11.76643759414806,11.67254532506842,11.778648495127655,130.7980643990361,0.0,False
7,7000,0.03155818540433925,0.015384615384615385,0.023540222987673602,0.15384615384615385,0.05128205128205128,0.044037202466629996,0.23333333333333334,0.2632268676528614,0.7777777777777778,0.5308641975308642,0.03666323783891274,0.10454545454545455,0.12159385035070498,0.4090909090909091,0.2474747474747475,6,0.2727272727272727,5328,11.740590568102009,11.6568272454544,58.36524660768035,11.662318785737348,11.730296441177321,11.674540196306452,11.775634371730385,128.60545421618826,0.0,False
8,8000,0.11886961722488038,0.06315789473684212,0.12226855607212063,0.47368421052631576,0.15657894736842107,0.08768904592342663,0.25833333333333336,0.2698022441694877,0.9166666666666666,0.4968584656084656,0.1067997186565757,0.13870967741935483,0.17937837081948854,0.6451612903225806,0.288300051203277,9,0.2903225806451613,5328,11.740309123193507,11.667315310962596,58.27921383493506,11.664396136540226,11.755820453065525,11.670281348849683,11.788655090570105,128.56599129811673,0.0,False
9,9000,0.03871483792338732,0.1,0.0919601328824056,0.42857142857142855,0.13174603174603175,0.053976407914764074,0.4,0.46947048919575207,1.0,0.875,0.04210629792147105,0.16666666666666666,0.17585132317426036,0.5555555555555556,0.29691358024691356,2,0.1111111111111111,5328,11.739208257514292,11.65812352799762,57.755939928255934,11.663908280302396,11.730755603004154,11.674481214883192,11.714055384715168,127.93647219667275,0.0,False
10,10000,0.026693665278210557,0.061290322580645165,0.07154162763707543,0.25806451612903225,0.13292370711725549,0.18311476712519867,0.33636363636363636,0.39047865948461824,1.0,0.61010101010101,0.06766109671432649,0.13333333333333333,0.15507275502571757,0.4523809523809524,0.2578987150415722,9,0.21428571428571427,5328,11.747653733494307,11.659875105185167,57.88681590339177,11.662801462080253,11.784323121443807,11.670532818170743,11.811173627987666,128.22317577175372,0.0,False
11,11000,0.07002535700117979,0.15000000000000002,0.19478426669144489,0.5625,0.36934523809523806,0.1008289853215724,0.36,0.4055056037417426,0.9,0.72,0.08187290635517695,0.23076923076923078,0.27583093478771326,0.6923076923076923,0.5042124542124541,7,0.2692307692307692,5328,11.724190326446942,11.673567176272332,57.172002433975194,11.66283565175283,11.74737774442677,11.668632202707771,11.770402511677991,127.41900804725982,0.0,False
12,12000,0.07431623931623932,0.08421052631578947,0.09376148802641289,0.5789473684210527,0.19143692564745196,0.059005273815499464,0.2090909090909091,0.23940407225372623,0.8181818181818182,0.5069264069264069,0.06870221863263469,0.13,0.1471637689097611,0.6666666666666666,0.3071164021164021,8,0.26666666666666666,5328,11.720232898425808,11.657762669857377,56.884420344485015,11.663724315184952,11.756297551363025,11.669476880394507,11.790253446934251,127.14216810664493,0.0,False
13,13000,0.042807641044496456,0.08461538461538462,0.09121259186693974,0.38461538461538464,0.16666666666666666,0.07148963953128194,0.4222222222222223,0.4171522091900618,1.0,0.5444444444444445,0.05454118587999961,0.22272727272727275,0.22455152622639876,0.6363636363636364,0.3212121212121212,8,0.36363636363636365,5328,11.726829002060455,11.659062791987774,56.33018914470407,11.660656299591638,11.72678818969048,11.674712808229037,11.783360847523756,126.5615990837872,0.0,False
14,14000,0.027035768645357686,0.041666666666666664,0.04876750903188495,0.25,0.10357142857142858,0.19725733832483652,0.26,0.3171266835951646,0.9,0.5033333333333333,0.10440920940875714,0.1409090909090909,0.17074895201519394,0.5454545454545454,0.2852813852813853,6,0.2727272727272727,5328,11.728188085903534,11.657653899944595,56.63094785342206,11.661459782526771,11.73151435119842,11.674151152283327,11.76364004082408,126.84755516610281,0.0,False
15,15000,0.013157894736842105,0.025,0.01590519704973793,0.25,0.025,0.02485433848275131,0.27142857142857146,0.3258458273107121,0.8571428571428571,0.6785714285714286,0.0206010862115116,0.18181818181818185,0.21314014357944877,0.6363636363636364,0.44090909090909086,6,0.5454545454545454,5328,11.719214717906095,11.658014631937917,56.78601652589228,11.659947071825279,11.697086513572097,11.679500576586374,11.770841269736955,126.97062130745701,0.0,False
16,16000,0.004878048780487805,0.04,0.028403811435525405,0.2,0.03333333333333333,0.03505269829690272,0.34,0.3427577293413223,0.8,0.5,0.019965373538695264,0.19,0.18558077038842385,0.5,0.2666666666666667,3,0.3,5328,11.718365065312586,11.659352239321713,56.540177050671325,11.662636403185749,11.693605470331978,11.71775875740983,11.722530804746112,126.71442579097928,0.0,False
17,17000,0.005233796054691577,0.09,0.0930095496192381,0.3,0.1625,0.05119748546472685,0.4166666666666667,0.3922707263215713,0.8333333333333334,0.4444444444444444,0.0224701795834548,0.2125,0.20523249088261306,0.5,0.26822916666666663,4,0.25,5328,11.71480344986861,11.656331922914147,56.353543868232876,11.662126897036238,11.714734329411423,11.683116517855439,11.733433912304841,126.51809089762358,0.0,False
18,18000,0.03481673554892126,0.10909090909090911,0.09593412690905588,0.5454545454545454,0.14177489177489175,0.06827775407192768,0.31,0.3359565323637043,0.9,0.5092857142857143,0.050750553893210024,0.20476190476190478,0.21023051045888846,0.7142857142857143,0.3167800453514739,7,0.3333333333333333,5328,11.71863715566197,11.658935730816944,56.73517276969788,11.662463117167402,11.72953999910081,11.668842481218737,11.782705969235439,126.95629722289918,0.0,False
19,19000,0.0725999245852187,0.10588235294117646,0.12906827829374332,0.5882352941176471,0.22628384687208214,0.054097247258586854,0.31428571428571433,0.3583993610893654,0.8571428571428571,0.6571428571428571,0.06720331036495109,0.16666666666666666,0.19595651077579976,0.6666666666666666,0.35195105820105815,3,0.125,5328,11.731300899311611,11.658232471361933,56.645092170033024,11.66207669857063,11.740303454480395,11.679605022035625,11.713100545561028,126.82971126135426,0.0,False
20,20000,0.01685823754789272,0.05000000000000001,0.04417909994213212,0.3333333333333333,0.075,0.04834096085216721,0.4333333333333333,0.44153881668111444,0.8333333333333334,0.638888888888889,0.03259959920002996,0.2416666666666667,0.2428589583116233,0.5833333333333334,0.35694444444444445,4,0.3333333333333333,5328,11.725461060359786,11.657096544810328,57.973450359902806,11.664234582156423,11.707787427828794,11.718537188416985,11.745806824949804,128.19237398842492,204.027940806162,True
21,21000,0.006319115323854661,0.13333333333333333,0.16063328017505188,0.3333333333333333,0.3333333333333333,0.05504811574114181,0.42000000000000004,0.39924901526907347,0.8,0.41666666666666663,0.03677474058465913,0.3125,0.30976811460881537,0.625,0.38541666666666663,3,0.375,5328,11.708076221316615,11.655040256810643,63.966945021269076,11.662870267171218,11.696210917005924,11.72204314561255,11.7269242566353,134.13811008582132,0.0,False
22,22000,0.06135531135531135,0.125,0.1482464072957001,0.5,0.275,0.06924853173075009,0.25882352941176473,0.29986545881417,0.8235294117647058,0.5862745098039216,0.06774506118304746,0.23333333333333334,0.2709856394773186,0.7619047619047619,0.526984126984127,13,0.6190476190476191,5328,11.737999917988198,11.657547089555937,63.07403080487448,11.663950543357865,11.719724125503795,11.674543054315638,11.805048263741243,133.33284379933718,0.0,False
23,23000,0.3428571428571428,0.06666666666666667,0.14319036973579408,0.6666666666666666,0.10317460317460318,0.037412361745613104,0.20555555555555555,0.20249846024631835,0.6666666666666666,0.3587962962962963,0.08104733047583164,0.18571428571428572,0.194025875887672,0.6666666666666666,0.32227891156462585,8,0.38095238095238093,5328,11.73426845238381,11.661385572965965,59.32180148684411,11.662958924583359,11.723756275679175,11.68949151408036,11.784181380644371,129.57784360718117,0.0,False
24,24000,0.004347826086956522,0.02,0.018957672873910154,0.2,0.05,0.07501885300222434,0.21818181818181817,0.22858414319380838,0.7272727272727273,0.3993686868686868,0.061931625795693265,0.18148148148148147,0.18976442646790126,0.6296296296296297,0.33467078189300414,16,0.5925925925925926,5328,11.717116885895125,11.65698837275091,59.06813474560466,11.662790483383136,11.738665778799131,11.680470852931755,11.81997085189122,129.34413797125592,0.0,False
25,25000,0.003968253968253968,0.05,0.08973855254290868,0.25,0.25,0.05299577051293032,0.19,0.18818171938146075,0.75,0.29430555555555554,0.04482451775548426,0.16666666666666666,0.17177452490836875,0.6666666666666666,0.2869212962962963,9,0.375,5328,11.732649066105092,11.65658145667282,58.715561153840824,11.664609943214197,11.729008157117596,11.676698108645072,11.787646144410195,128.96275403000578,0.0,False
26,26000,0.3,0.04,0.12305045097059224,0.4,0.07222222222222222,0.10643126817112376,0.19230769230769235,0.2298827591369898,0.6153846153846154,0.391025641025641,0.16020036034581162,0.15000000000000002,0.20020711797965715,0.5555555555555556,0.3024691358024691,5,0.2777777777777778,5328,11.720376820897622,11.656790599865168,58.26679618889169,11.657883778485711,11.717148259074786,11.690755883740547,11.731816969471742,128.44156850042728,0.0,False
27,27000,0.06190476190476191,0.05,0.06146389406020458,0.5,0.15625,0.0618509923617832,0.20526315789473684,0.24386920085045946,0.7368421052631579,0.5329573934837092,0.06186034358664906,0.1782608695652174,0.21214653879998036,0.6956521739130435,0.46744306418219456,10,0.43478260869565216,5328,11.728388965390625,11.665125693620555,58.88122728144171,11.665115897548182,11.733019039763573,11.682559360857384,11.80299015131293,129.15842638993496,0.0,False
28,28000,0.0,0.0,0.0,0.0,0.0,0.05465018451310141,0.21363636363636365,0.23970741066663426,0.5909090909090909,0.4265151515151515,0.05009600247034296,0.1958333333333333,0.21973179311108146,0.5416666666666666,0.3909722222222222,11,0.4583333333333333,5328,11.737264374510945,11.666572047264612,58.62228091594538,11.664615536408942,11.730868791990332,11.67036186197146,11.721108402284672,128.81307193037634,0.0,False
29,29000,0.0,0.0,0.0,0.0,0.0,0.05678195843925567,0.2235294117647059,0.22265870292065668,0.8235294117647058,0.3392857142857143,0.05678195843925567,0.2235294117647059,0.22265870292065668,0.8235294117647058,0.3392857142857143,8,0.47058823529411764,5328,11.693184329364392,11.657060884739945,58.89872939429924,11.663217229473423,11.709671186951008,11.677200516707273,11.799227021796165,129.09829056333143,0.0,False
30,30000,0.11538461538461538,0.06000000000000001,0.0640386144932309,0.4,0.05333333333333333,0.08424764079183639,0.22941176470588237,0.2701473217257854,0.7647058823529411,0.45588235294117646,0.0913242259265589,0.19090909090909092,0.22330443371838668,0.6818181818181818,0.3643939393939393,9,0.4090909090909091,5328,11.72083382490214,11.657486933082383,57.993736561444756,11.662938697763574,11.72699896884611,11.690557515342883,11.77920063583863,128.23175313722047,0.0,False
31,31000,0.0,0.0,0.0,0.0,0.0,0.044708716312252435,0.3230769230769231,0.37462194586488246,0.6923076923076923,0.6346153846153846,0.03418901835642833,0.24705882352941172,0.28647560566138064,0.5294117647058824,0.4852941176470588,7,0.4117647058823529,5328,11.73368633357926,11.657614372693331,58.299601169022054,11.66153071239899,11.71650683116747,11.680653281139278,11.784539967514204,128.53413266751457,0.0,False
32,32000,0.012121212121212121,0.06666666666666667,0.06827808250619695,0.3333333333333333,0.1111111111111111,0.09556369762488906,0.2777777777777778,0.30431417108055975,0.8333333333333334,0.5111111111111111,0.08364334255293521,0.24761904761904763,0.27059472985565075,0.7619047619047619,0.45396825396825397,15,0.7142857142857143,5328,11.722160565240392,11.657236157568313,59.25136763882711,11.663580137496501,11.716375906757268,11.673439887095737,11.835262231906299,129.5194225248916,0.0,False
33,33000,0.0024630541871921183,0.014285714285714287,0.011199752711239333,0.14285714285714285,0.023809523809523808,0.06856203066134278,0.18000000000000002,0.18792699033712063,0.75,0.32666666666666666,0.051425258982859275,0.13703703703703704,0.14210881761929955,0.5925925925925926,0.24814814814814815,12,0.4444444444444444,5328,11.717806280008535,11.657040169102405,58.6655925769626,11.65878637717551,11.689026419421829,11.675373140135163,11.787574948862908,128.85119991166894,0.0,False
34,34000,0.01417718084384751,0.08333333333333333,0.1145356876739187,0.3333333333333333,0.3333333333333333,0.08392866377024139,0.2277777777777778,0.26208366120784854,0.8333333333333334,0.5131172839506173,0.06649079303864293,0.19166666666666668,0.22519666782436606,0.7083333333333334,0.4681712962962963,8,0.3333333333333333,5328,11.735662820372937,11.658038576141742,59.595661327135375,11.663742929693758,11.733530406230104,11.685554545839798,11.775722768701986,129.8479133741157,0.0,False
35,35000,0.019180492709904472,0.1,0.07958957930871924,0.6,0.10555555555555554,0.07008578305284983,0.14,0.15386691729555857,0.64,0.32666666666666666,0.06160156799569228,0.13333333333333333,0.14148736096441866,0.6333333333333333,0.2898148148148148,13,0.43333333333333335,5328,11.736120145188975,11.658122349315034,58.57938631455371,11.663639047962416,11.744883636626707,11.680720112276257,11.80319067788007,128.8660622838032,0.0,False
36,36000,0.015873015873015872,0.03333333333333333,0.023143740645592423,0.3333333333333333,0.041666666666666664,0.06316798280719275,0.225,0.22448255559209138,0.75,0.3526190476190476,0.05699907407664794,0.19999999999999998,0.19822097103385242,0.6956521739130435,0.3120600414078675,5,0.21739130434782608,5328,11.730713083713331,11.657656836795878,58.29100323463936,11.662974231685732,11.726011231315454,11.676958444803951,11.732170307053591,128.4774873700073,0.0,False
37,37000,0.04682908554859775,0.14285714285714285,0.1302109208990899,0.5714285714285714,0.18707482993197275,0.08924435404274358,0.2,0.22976070668220427,0.7,0.4291666666666667,0.07824780295166874,0.18518518518518517,0.2039515029606561,0.6666666666666666,0.3664021164021164,11,0.4074074074074074,5328,11.723784745392742,11.656969140677944,58.603693358189396,11.663717479615949,11.739346506679446,11.67824324161456,11.809736535601385,128.87549100777142,0.0,False
38,38000,0.12247383086766028,0.09090909090909091,0.14277609030428842,0.5454545454545454,0.2772727272727273,0.05389921346048578,0.19411764705882353,0.23362942080965907,0.8823529411764706,0.5637254901960783,0.08083924172759004,0.15357142857142855,0.1979370409682635,0.75,0.4511904761904762,11,0.39285714285714285,5328,11.720787107778914,11.65797906647892,58.381386357713765,11.663043336374718,11.746476222636824,11.671254187951494,11.79859993593116,128.63952621486578,0.0,False
39,39000,0.12000000000000001,0.03333333333333334,0.06471541657238095,0.3333333333333333,0.06216931216931217,0.04143942763251364,0.3125,0.2966762476272753,0.75,0.3895833333333333,0.08303031888588877,0.1647058823529412,0.17387345471586063,0.5294117647058824,0.21624649859943978,5,0.29411764705882354,5328,11.73319229818854,11.6571918170362,58.09527668010697,11.664258100614438,11.714721057736432,11.701010082575646,11.758523205981746,128.32417324223997,0.0,False
40,40000,0.013020022823944393,0.08888888888888888,0.09484855619814503,0.2222222222222222,0.12962962962962965,0.06057816154685374,0.2928571428571428,0.3298591835618604,0.7142857142857143,0.5535714285714286,0.04196845509006312,0.21304347826086958,0.2378985032891023,0.5217391304347826,0.3876811594202899,8,0.34782608695652173,5328,11.736523948365635,11.657638746583391,58.18316949792335,11.662064651569645,11.748646398454522,11.684811689539886,11.776961476763457,128.44981640919988,207.95696158284505,True
41,41000,0.04103182256509161,0.09,0.10266494799859775,0.3,0.14444444444444443,0.0544667913910718,0.22307692307692312,0.22212285212387062,0.7692307692307693,0.35531135531135527,0.048625500597167366,0.16521739130434784,0.17018463293896938,0.5652173913043478,0.26363008971704627,8,0.34782608695652173,5328,11.7594036395793,11.656906280246675,65.13787332049388,11.66223197726461,11.714841940351981,11.659042624298857,11.761796455453561,135.35209623768887,0.0,False
42,42000,0.01832872287417742,0.07272727272727274,0.08396879069169677,0.2727272727272727,0.21212121212121213,0.02904061171274944,0.23846153846153847,0.23278041841888458,0.5384615384615384,0.31410256410256415,0.024130995995070598,0.1625,0.16457508904392348,0.4166666666666667,0.2673611111111111,8,0.3333333333333333,5328,11.713457595191775,11.659659004219918,60.67433053327104,11.654143090046587,11.69556628418094,11.663360532020334,11.7708620169122,130.8313790558428,0.0,False
43,43000,0.0939052175894281,0.02727272727272728,0.04166000189289692,0.2727272727272727,0.03571428571428571,0.06902914566767596,0.3,0.35517146840839287,0.8888888888888888,0.6805555555555556,0.08271098522463963,0.14999999999999997,0.18274016182487007,0.55,0.3258928571428571,4,0.2,5328,11.686065726997096,11.652279029505246,61.36044046931542,11.666141926751187,11.68594786664541,11.675532974053834,11.743309688791795,131.46971768205998,0.0,False
44,44000,0.01453541309498518,0.08888888888888888,0.09071206353452223,0.3333333333333333,0.16997354497354497,0.0716342493901549,0.2,0.22348003371117264,0.5,0.3,0.03492785462897437,0.1285714285714286,0.1381291957404688,0.39285714285714285,0.21641156462585034,4,0.14285714285714285,5328,11.723812730227676,11.656837747159484,60.940761379746355,11.661762881288139,11.755230843819332,11.667036775309288,11.71746262036439,131.12290497791466,0.0,False
45,45000,0.005952380952380952,0.008333333333333333,0.007899030364129232,0.08333333333333333,0.020833333333333332,0.06670803836083342,0.28,0.2975825774204928,0.7333333333333333,0.4827777777777778,0.03970552395707676,0.15925925925925924,0.16883433428433123,0.4444444444444444,0.2774691358024692,9,0.3333333333333333,5328,11.719397460977637,11.666078364630343,61.353948747824326,11.662615521980564,11.752736104954192,11.678362107392024,11.789082924674837,131.62222123243393,0.0,False
46,46000,0.013709761979658173,0.017647058823529415,0.013975500494452241,0.17647058823529413,0.030462184873949576,0.09702420384689894,0.22,0.2276234999206281,0.8,0.3944444444444445,0.05276340660492729,0.1125,0.1141230002254722,0.46875,0.20107886904761904,7,0.21875,5328,11.723051951339006,11.658042100362586,61.746752461742766,11.662061158886072,11.74647520880978,11.6765691501753,11.783922329593361,131.99687436090886,0.0,False
47,47000,0.010416666666666666,0.00625,0.01891265084367584,0.0625,0.0625,0.04897158320082715,0.32499999999999996,0.3479941366736314,0.75,0.5305555555555556,0.026940202324164022,0.14285714285714285,0.1599475733422282,0.35714285714285715,0.2630952380952381,6,0.21428571428571427,5328,11.711370838498118,11.656415530521096,60.47481205243791,11.657966254714248,11.749201796782543,11.673173977295482,11.754731579199234,130.67767202944864,0.0,False
48,48000,0.044101169879716594,0.03529411764705883,0.05112945278472193,0.29411764705882354,0.09908963585434172,0.12170006340855982,0.2136363636363636,0.23166439045694223,0.6818181818181818,0.3742965367965368,0.08787490469085893,0.13589743589743591,0.152969674035718,0.5128205128205128,0.2543345543345543,11,0.28205128205128205,5328,11.701707425445726,11.653928412172151,60.48711477368938,11.663875655635973,11.776982260061283,11.684148487775548,11.797496493447072,130.76525350822715,0.0,False
49,49000,0.0960820895522388,0.05,0.07501454938300015,0.25,0.09652777777777778,0.06359745374228064,0.25714285714285723,0.2839058676922164,0.6428571428571429,0.5357142857142857,0.080922592840925,0.14666666666666667,0.1724971645939677,0.43333333333333335,0.30148148148148146,5,0.16666666666666666,5328,11.733197777172993,11.656596125159298,60.57655980100992,11.663405720101043,11.758418178337179,11.680155568008152,11.734147720770736,130.8024808905593,0.0,False
50,50000,0.14834001782531195,0.05,0.11511338984145868,0.375,0.12916666666666665,0.08142278357350094,0.2818181818181818,0.32086656271800496,0.6363636363636364,0.5227272727272727,0.10959846115321084,0.18421052631578946,0.23423364782261705,0.5263157894736842,0.3570175438596491,5,0.2631578947368421,5328,11.71744146715413,11.657574787492763,60.25626647887354,11.661692688584926,11.728725076246352,11.674549779507222,11.751647148301043,130.44789742615995,0.0,False
51,51000,0.02172177596441271,0.041666666666666664,0.05645591601192532,0.3333333333333333,0.20277777777777775,0.06598730309976765,0.28823529411764703,0.3185453382460156,0.8235294117647058,0.5720588235294118,0.047670533250655275,0.18620689655172412,0.21009454283880577,0.6206896551724138,0.41925287356321833,8,0.27586206896551724,5328,11.715732141195575,11.657777549457967,60.63214964733415,11.662909609143172,11.74801817498735,11.662513094877307,11.733882193987014,130.81298241098256,0.0,False
52,52000,0.009886804963531306,0.041666666666666664,0.034690377219416264,0.25,0.056944444444444436,0.060656713766250606,0.25625,0.26121860212092163,0.75,0.3818452380952381,0.03889818142222805,0.16428571428571428,0.1641350771631336,0.5357142857142857,0.24260204081632653,4,0.14285714285714285,5328,11.6947487764597,11.654436141705048,60.627261087618265,11.65952628222073,11.725090106549581,11.672270184153593,11.715955590201402,130.74928816890832,0.0,False
53,53000,0.08333333333333333,0.016666666666666666,0.05109559939712153,0.16666666666666666,0.05555555555555555,0.04325153269841565,0.2785714285714285,0.2908494149187696,0.8571428571428571,0.496031746031746,0.055276072888890956,0.19999999999999998,0.21892327026227515,0.65,0.3638888888888888,5,0.25,5328,11.705635331218932,11.654215438449029,60.399887183086584,11.662317130063487,11.711262229670456,11.667789298957718,11.6998299933644,130.5009366048106,0.0,False
54,54000,0.007142857142857143,0.025,0.02243463813572717,0.125,0.041666666666666664,0.052714845667254075,0.31666666666666665,0.3467493625837011,0.75,0.59375,0.03448605025749531,0.19999999999999998,0.21702347280451156,0.5,0.3729166666666667,8,0.4,5328,11.68519546314046,11.653875011318968,61.239496632605956,11.66264502451813,11.727471395260938,11.684966923026542,11.797117584515064,131.45076803438604,0.0,False
55,55000,0.039994517543859645,0.025,0.061562571883848366,0.1875,0.13392857142857142,0.023849544962474586,0.16153846153846155,0.1690311391082574,0.46153846153846156,0.3269230769230769,0.03275711604185945,0.08620689655172416,0.1097381365016869,0.3103448275862069,0.22044334975369456,5,0.1724137931034483,5328,11.72408375931834,11.657444333320125,60.91833520058179,11.66328162337596,11.753440374057297,11.67937271517351,11.762178959562677,131.1581369653897,0.0,False
56,56000,0.012996727442730248,0.03333333333333333,0.037353207300255396,0.13333333333333333,0.07777777777777778,0.05298688370850195,0.38888888888888895,0.3844933306339221,1.0,0.5,0.02799303604239464,0.16666666666666666,0.1675307535503804,0.4583333333333333,0.23611111111111108,7,0.2916666666666667,5328,11.734131341806577,11.658181356747656,60.13786646677944,11.66137991595595,11.734070814702417,11.677191246113432,11.782896860590245,130.38571800269574,0.0,False
57,57000,0.026869968333382968,0.07222222222222224,0.06440243535976045,0.2777777777777778,0.09166666666666666,0.05975812275015796,0.23571428571428577,0.2587261950175156,0.7142857142857143,0.5059523809523809,0.04125853589072203,0.14375,0.14941908021002834,0.46875,0.2729166666666667,9,0.28125,5328,11.722487339061935,11.670621173145122,61.46724697228285,11.661304787765822,11.76451604577647,11.671804553371398,11.79345329226783,131.75143416367143,0.0,False
58,58000,0.050571895424836595,0.03333333333333333,0.04335849860109368,0.25,0.06283068783068783,0.03535594273287772,0.2333333333333333,0.24343675876919277,0.6666666666666666,0.4262962962962963,0.04211858837374833,0.14444444444444446,0.15451308758337096,0.48148148148148145,0.264756025867137,10,0.37037037037037035,5328,11.714807294133795,11.656595995161723,60.12957517407581,11.66243880240843,11.743241550893693,11.677886723900771,11.79277822878355,130.3773237693578,0.0,False
59,59000,0.054614053967309985,0.055555555555555566,0.09416692848484955,0.3333333333333333,0.20925925925925926,0.048556283233168074,0.1888888888888889,0.21575659317300472,0.5555555555555556,0.39814814814814814,0.05259479705592934,0.1,0.1346968167142346,0.4074074074074074,0.2722222222222222,4,0.14814814814814814,5328,11.714675150407277,11.65832503855456,61.31763914907912,11.663604578401529,11.750999539686738,11.69603616960925,11.7400444661752,131.54132409191368,0.0,False
60,60000,0.0393889754398827,0.025,0.058849147836132154,0.25,0.125,0.047638303554630584,0.17647058823529413,0.19675717589282204,0.7058823529411765,0.4071895424836601,0.04363862931717706,0.10303030303030304,0.12989267744109362,0.48484848484848486,0.27037037037037037,10,0.30303030303030304,5328,11.716014486455595,11.659463029349906,60.632554789202125,11.663004936558405,11.75986326657115,11.675137835572002,11.79161709686724,130.89765544057641,202.7500009409728,True
61,61000,0.04203033350092174,0.07333333333333333,0.06571629697215707,0.4,0.09574074074074074,0.05500918925497411,0.28,0.31354554906743826,0.8,0.5583333333333333,0.04722187580254269,0.156,0.16484799781026954,0.56,0.2807777777777778,4,0.16,5328,11.749311958251033,11.67510122545949,64.70209336808738,11.661203795566843,11.695236362983808,11.667764962624421,11.700960542917679,134.85167221589066,0.0,False
62,62000,0.08249576510446076,0.031818181818181815,0.09595853311523937,0.2727272727272727,0.1787878787878788,0.03603610037371003,0.19285714285714284,0.194442686447052,0.5714285714285714,0.31079931972789115,0.06442811770916881,0.09444444444444446,0.13425792607761095,0.3888888888888889,0.23012566137566134,7,0.19444444444444445,5328,11.69677893660473,11.657470735070701,65.31709992282919,11.659130504047473,11.703877531524936,11.66706087325428,11.713971560294024,135.41539006362532,0.0,False
63,63000,0.0015037593984962405,0.010526315789473684,0.010657012214342433,0.05263157894736842,0.02631578947368421,0.12880865038093844,0.2846153846153846,0.37604968291388186,0.8461538461538461,0.7307692307692307,0.053221371360113394,0.12187500000000001,0.1590977846860303,0.375,0.3125,7,0.21875,5328,11.702112052517158,11.663777793463614,61.71229919360588,11.662503658750948,11.759623096531044,11.674398679523135,11.754821399525758,131.92953587391753,0.0,False
64,64000,0.06537771537771538,0.05,0.07357788734011547,0.2727272727272727,0.13939393939393938,0.039299837537998074,0.2333333333333333,0.24164877194441045,0.6666666666666666,0.37777777777777777,0.05617375849310927,0.11470588235294119,0.1328970230828078,0.4117647058823529,0.2235294117647059,7,0.20588235294117646,5328,11.718099723806441,11.658278467567909,62.35981987022521,11.660190622356584,11.765189445886449,11.676191187342393,11.784417214562303,132.6221865317473,0.0,False
65,65000,0.02952569916855631,0.05833333333333333,0.058074720458365724,0.4166666666666667,0.1416666666666667,0.037111528083943614,0.23333333333333336,0.264332688590906,0.7333333333333333,0.52,0.033740048565993705,0.15555555555555556,0.1726624805319992,0.5925925925925926,0.35185185185185186,6,0.2222222222222222,5328,11.721291879488588,11.657540445577167,62.334758908507915,11.664735762594718,11.744204022655705,11.685604282704599,11.783910558539612,132.5920458600683,0.0,False
66,66000,0.05176406926406926,0.020833333333333332,0.028135424096779767,0.16666666666666666,0.034126984126984124,0.039137870401915346,0.17999999999999997,0.19431906579764227,0.5333333333333333,0.3222222222222222,0.0469078389324716,0.08205128205128204,0.09205220936634227,0.3076923076923077,0.14493284493284492,8,0.20512820512820512,5328,11.733609196958387,11.65869055305864,63.145629161147355,11.664488762134702,11.77840697956338,11.668701342873803,11.796335640709351,133.44586163644564,0.0,False
67,67000,0.02107864357864358,0.06000000000000001,0.06613676646153027,0.4,0.16944444444444445,0.05887998116454746,0.3625,0.352286692244851,0.625,0.359375,0.03787923806126753,0.19444444444444445,0.19331451125411725,0.5,0.25385802469135804,3,0.16666666666666666,5328,11.724019681623801,11.656869559758047,62.084365883266834,11.66730601070455,11.71627140217693,11.679555442477286,11.72423080768141,132.25261878768885,0.0,False
68,68000,0.029619487655201938,0.1,0.11531960924442615,0.4,0.2416666666666667,0.04231617078095682,0.27999999999999997,0.30829913244861745,0.6,0.5166666666666667,0.03596782921807938,0.19,0.21180937084652185,0.5,0.3791666666666667,6,0.3,5328,11.733570000843283,11.65801096580238,62.20651519124772,11.662410033098578,11.726657911780707,11.685214872068917,11.763085318999833,132.43546429384142,0.0,False
69,69000,0.0042368534438539975,0.023529411764705882,0.016908684498188335,0.11764705882352941,0.018207282913165267,0.04608733221846203,0.18461538461538465,0.2173663299644342,0.6923076923076923,0.483974358974359,0.022372060912850808,0.09333333333333335,0.10377366420022821,0.36666666666666664,0.22003968253968256,5,0.16666666666666666,5328,11.715441771451701,11.657105062385861,61.5295782103991,11.661846252369878,11.759135964361372,11.68212507647419,11.743240478158043,131.74847281560017,0.0,False
70,70000,0.014033189033189033,0.04285714285714286,0.03820393606055322,0.2857142857142857,0.07091836734693877,0.045053379321672006,0.18000000000000002,0.1872953193030202,0.4666666666666667,0.2833333333333333,0.03007811504447333,0.11379310344827587,0.11532016877217408,0.3793103448275862,0.1807881773399015,4,0.13793103448275862,5328,11.715376470300063,11.65651784894653,62.42495847957538,11.664459895765338,11.756182043964891,11.681414204860879,11.744007670779974,132.64291661419307,0.0,False
71,71000,0.1013888888888889,0.020000000000000004,0.04602031623054846,0.2,0.03407407407407407,0.02794554997655074,0.21538461538461537,0.27403927988967447,0.6153846153846154,0.5769230769230769,0.06729019582244618,0.11071428571428572,0.15188626364371413,0.39285714285714285,0.28611111111111115,9,0.32142857142857145,5328,11.720675972617943,11.658922241013919,61.6403706071144,11.662933454795187,11.74139956551523,11.68083844808876,11.794448010868722,131.89958830001416,0.0,False
72,72000,0.022195389361990076,0.05789473684210527,0.045360546772004844,0.2631578947368421,0.05175438596491228,0.05857671367388454,0.16470588235294117,0.22802268164539333,0.5294117647058824,0.4901960784313725,0.039375459175940236,0.10833333333333334,0.1316176660177716,0.3888888888888889,0.2587962962962963,7,0.19444444444444445,5328,11.718474875934554,11.659956844245132,62.32634866152123,11.663526268952326,11.705966864216169,11.665200853347088,11.712969601439596,132.4524439696561,0.0,False
73,73000,0.0327485380116959,0.04,0.07134804294317547,0.2,0.2,0.06152589718497313,0.30625,0.3487751743104265,0.75,0.625,0.050457682118328046,0.20384615384615382,0.2420724314768684,0.5384615384615384,0.46153846153846156,10,0.38461538461538464,5328,11.693315037477129,11.656722228404332,63.53420493913561,11.664429320981315,11.741551560844748,11.676117837032193,11.803485754463896,133.76982667833923,0.0,False
74,74000,0.024960753532182103,0.07692307692307693,0.0865750276188101,0.3076923076923077,0.18846153846153849,0.14517652076224646,0.3307692307692307,0.34816917598766123,1.0,0.4480769230769231,0.08506863714721427,0.20384615384615384,0.21737210180323563,0.6538461538461539,0.3182692307692307,8,0.3076923076923077,5328,11.739349309439206,11.662800061316632,62.13626125605581,11.662845976066066,11.738922574867916,11.67778280668913,11.792231398830705,132.41019338326544,0.0,False
75,75000,0.02040816326530612,0.04285714285714286,0.05060292500880643,0.07142857142857142,0.07142857142857142,0.04471631389096051,0.21666666666666665,0.2397851437924054,0.6111111111111112,0.4555555555555555,0.03408149799223671,0.140625,0.15701792307458085,0.375,0.2875,7,0.21875,5328,11.71892182915378,11.657822762946301,62.52118154122764,11.66325098551739,11.758566128132822,11.688417268328546,11.795761990269702,132.8039225055762,0.0,False
76,76000,0.08546246781540899,0.05294117647058823,0.06898723172010393,0.23529411764705882,0.06029411764705882,0.06876763224477836,0.19999999999999998,0.1958139367912024,0.6428571428571429,0.22885487528344672,0.07792286465447902,0.11935483870967742,0.1262638082038258,0.41935483870967744,0.13641833077316948,7,0.22580645161290322,5328,11.736763551286472,11.658234359617978,62.94357925381612,11.66274145571536,11.753570450445325,11.684925249352482,11.791685188576595,133.23149950881032,0.0,False
77,77000,0.03348039736395001,0.025806451612903226,0.030732673035652344,0.1935483870967742,0.04408602150537634,0.08246382368374129,0.16923076923076924,0.17994709257663072,0.6153846153846154,0.31634615384615383,0.05582371463262673,0.0912280701754386,0.09879539072101091,0.38596491228070173,0.1682748538011696,14,0.24561403508771928,5328,11.73532954469765,11.657888528693316,62.41940434367592,11.66385170749129,11.802214825584398,11.675118251310707,11.822028361901243,132.77583556335452,0.0,False
78,78000,0.08247851182633792,0.034782608695652174,0.07269869424410512,0.21739130434782608,0.0823671497584541,0.1133052320770319,0.25555555555555554,0.2730900987949422,0.7222222222222222,0.41820987654320985,0.0960121938876182,0.13170731707317074,0.16067540843715553,0.43902439024390244,0.22981029810298098,10,0.24390243902439024,5328,11.737837844128657,11.67077587903298,63.153690551591424,11.662414879690456,11.78571279929902,11.669832594119258,11.799021770701398,133.4792863185632,0.0,False
79,79000,0.018781512605042017,0.016,0.015805334418112372,0.12,0.03166666666666666,0.054852872303921406,0.13749999999999998,0.16701370927503154,0.625,0.37366071428571423,0.03644911735551356,0.07551020408163266,0.08986657924599115,0.3673469387755102,0.19917395529640428,13,0.2653061224489796,5328,11.735689665946444,11.659526774980208,62.95584839633231,11.663857835610136,11.78420078682893,11.675349994456214,11.7961891849018,133.27066263905604,0.0,False
80,80000,0.0,0.0,0.0,0.0,0.0,0.03528880429649517,0.1636363636363636,0.1845127799368112,0.45454545454545453,0.3611111111111111,0.022181534129225536,0.10285714285714283,0.11597946167456705,0.2857142857142857,0.22698412698412698,11,0.3142857142857143,5328,11.731480709474898,11.673448807390796,62.632847229791494,11.665312061622316,11.77039952796749,11.685214592181692,11.796275563791953,132.95497849222065,202.13441598988456,True
81,81000,0.08333333333333333,0.0125,0.04791135793774408,0.125,0.0375,0.05830359861258149,0.23529411764705882,0.25274458960219615,0.7647058823529411,0.4882352941176471,0.07043922756809753,0.1272727272727273,0.15343150758306787,0.45454545454545453,0.2696969696969697,9,0.2727272727272727,5328,11.76349787359622,11.677671454712879,69.05958774794559,11.663685260983673,11.76619439137265,11.690089760426487,11.808416977700936,139.42914346673842,0.0,False
82,82000,0.004842615012106538,0.028571428571428574,0.036479742946405005,0.07142857142857142,0.07142857142857142,0.04026687215519817,0.23636363636363636,0.26389937765265853,0.6363636363636364,0.4939393939393939,0.020429288155066852,0.12,0.13654438221715656,0.32,0.25733333333333336,5,0.2,5328,11.727956614762668,11.657163169928944,66.75101917187446,11.66351076868806,11.715131485165454,11.700571912812151,11.74679516785515,136.9621482910869,0.0,False
83,83000,0.14487179487179486,0.05454545454545454,0.06688568188705503,0.45454545454545453,0.06186868686868686,0.05674214778859589,0.20555555555555557,0.22226281394907174,0.6666666666666666,0.38148148148148153,0.09017063461325756,0.1482758620689655,0.16332666040830682,0.5862068965517241,0.26024904214559386,6,0.20689655172413793,5328,11.716731000505076,11.657165527294982,63.76343785772891,11.662240117558605,11.723746814682952,11.664688926759162,11.710342669288623,133.89835291381831,0.0,False
84,84000,0.05263157894736842,0.005263157894736842,0.05263157894736842,0.05263157894736842,0.05263157894736842,0.026018097731918117,0.225,0.2705565859894155,0.5833333333333334,0.5208333333333334,0.04232958621880702,0.0903225806451613,0.13698964618945117,0.25806451612903225,0.23387096774193547,6,0.1935483870967742,5328,11.70641292650397,11.654777654791088,63.425306016452396,11.660582188459042,11.703348774150246,11.670225327930009,11.709806831114445,133.5304597194012,0.0,False
85,85000,0.0,0.0,0.0,0.0,0.0,0.0727125103236642,0.33333333333333326,0.34039403184923084,0.8666666666666667,0.5373015873015874,0.051937507374045865,0.23809523809523805,0.24313859417802203,0.6190476190476191,0.3837868480725624,10,0.47619047619047616,5328,11.686175305813604,11.658527635132963,64.1449901743231,11.664039389368275,11.723540643823055,11.675175907022508,11.792842953115349,134.34529200859885,0.0,False
86,86000,0.011363636363636364,0.004545454545454546,0.011195563124578636,0.045454545454545456,0.022727272727272728,0.043725506863512835,0.2846153846153846,0.29232162562135267,0.7692307692307693,0.42264957264957265,0.023383759692161908,0.10857142857142858,0.11561381490909471,0.3142857142857143,0.17126984126984127,6,0.17142857142857143,5328,11.719510772065581,11.66298234843259,64.28079122126549,11.665640730511296,11.787171109337718,11.67130495271368,11.74464662938822,134.5320477637146,0.0,False
87,87000,0.11974025974025974,0.05,0.07354970626345153,0.3,0.07527777777777778,0.0771586954068721,0.35,0.3529774125995038,0.8571428571428571,0.5223922902494331,0.10220667442651188,0.17352941176470585,0.1886081735782966,0.5294117647058824,0.2593837535014006,8,0.23529411764705882,5328,11.796707691913433,11.666002676664899,68.37956324280692,11.661288333518135,11.75880617598768,11.668068102406796,11.716655489081573,138.64709171237942,0.0,False
88,88000,0.009814814814814813,0.013333333333333334,0.010804319917296057,0.1,0.02037037037037037,0.06625770639659169,0.21333333333333332,0.22209163683155672,0.7333333333333333,0.39851851851851844,0.02862911200874043,0.08,0.08123342555538295,0.3111111111111111,0.14641975308641972,8,0.17777777777777778,5328,11.714299569066943,11.675277294590988,67.76224069093145,11.662953389902572,11.73295757650808,11.66487690269953,11.722589004019637,137.93519442771918,0.0,False
89,89000,0.016521749203165802,0.06764705882352941,0.07702107503478646,0.2647058823529412,0.15126050420168066,0.030197044334975373,0.14444444444444443,0.1398677543321792,0.4444444444444444,0.1962962962962963,0.019384020277265476,0.08372093023255812,0.09017503116679888,0.3023255813953488,0.16068660022148396,2,0.046511627906976744,5328,11.686567471186695,11.653257046821686,69.783484291909,11.657889311759636,11.72726121267606,11.667377085926647,11.703818299709305,139.87965471998902,0.0,False
90,90000,0.00947969290222765,0.015789473684210527,0.012528171101101123,0.13157894736842105,0.024342105263157894,0.007230371670980151,0.12307692307692308,0.13386578866072416,0.3076923076923077,0.2435897435897436,0.008906336509948876,0.04313725490196079,0.04345736773394621,0.17647058823529413,0.08022875816993465,1,0.0196078431372549,5328,11.724624703886994,11.66953383558919,65.83009560673716,11.662164082690968,11.806248233292918,11.685800208096827,11.660112134661075,136.0385788049551,0.0,False
91,91000,0.014236886479533537,0.010416666666666666,0.01900108917096408,0.10416666666666667,0.03170469576719576,0.097536833930972,0.15625,0.2133788955158777,0.4375,0.2630208333333333,0.035061873342393156,0.046875,0.06759554075719248,0.1875,0.08953373015873016,0,0.0,5328,11.721036337997843,11.656639251528961,11.658152045013193,11.660711487478451,11.834740943676703,11.677425169229553,11.660410770986813,81.86911600591152,0.0,False
92,92000,0.027677593593291264,0.023255813953488372,0.03517442641863142,0.18604651162790697,0.08300110741971206,0.028873476795436868,0.07777777777777778,0.08860092622651969,0.4444444444444444,0.19907407407407407,0.027884573378278005,0.032692307692307694,0.04442132061615055,0.23076923076923078,0.10309065934065932,0,0.0,5328,11.720373697749615,11.656305440012337,68.11616628771624,11.663082355098734,11.814220147411334,11.67401113349141,11.661023776487339,138.305182837967,0.0,False
93,93000,0.061990195972622446,0.078125,0.10955054049110671,0.3125,0.19375,0.08204813773435166,0.06315789473684212,0.07423185451384476,0.42105263157894735,0.13157894736842102,0.0694627625113059,0.07254901960784314,0.0963925986564405,0.35294117647058826,0.17058823529411762,1,0.0196078431372549,5328,11.715901985778418,11.668956403431546,67.91364733928738,11.663285679777008,11.807504598318822,11.675846795277181,11.6612455080458,138.10638830991616,0.0,False
94,94000,0.023094093629112532,0.043076923076923075,0.04675846365323616,0.16923076923076924,0.08299145299145298,0.014882729534249114,0.043750000000000004,0.045327025487483054,0.3125,0.10069444444444445,0.021472095783213584,0.04320987654320988,0.04647571043530962,0.19753086419753085,0.08648834019204389,1,0.012345679012345678,5328,11.713123924807917,11.671711863114886,68.16590322735946,11.661671192413763,11.844010981587605,11.680916391058545,11.660475094987799,138.39781267532996,0.0,False
95,95000,0.03857170535855665,0.04482758620689655,0.05320433726880413,0.22413793103448276,0.10239463601532565,0.12667719941587588,0.13333333333333336,0.1592094833676149,0.6666666666666666,0.24378306878306877,0.05943879605634276,0.06578947368421052,0.0783108192395751,0.32894736842105265,0.13588137009189638,1,0.013157894736842105,5328,11.71901082731852,11.669882926614376,65.90921995241854,11.6600786742721,11.770787326293927,11.670121032278033,11.659093378598925,136.05819411779441,0.0,False
96,96000,0.040322577195211984,0.04444444444444445,0.05560002546496524,0.24074074074074073,0.10663580246913582,0.0724016751212086,0.11875000000000001,0.1504967606239876,0.3125,0.265625,0.04765494243543978,0.06142857142857144,0.0772907077870275,0.2571428571428571,0.14297619047619048,0,0.0,5328,11.694137454231617,11.654923704964778,11.655623432317228,11.660334109327152,11.764228085063902,11.672618423691494,11.660261831265146,81.76212704086132,0.0,False
97,97000,0.045858735025023946,0.06031746031746032,0.07995730059552723,0.23809523809523808,0.12213403880070547,0.05863095238095238,0.04000000000000001,0.060656396360225004,0.2,0.1111111111111111,0.048314930670394794,0.05641025641025642,0.07624558824258451,0.23076923076923078,0.12001424501424503,2,0.02564102564102564,5328,11.691622926589956,11.685154148247111,69.97708988490045,11.656749390827684,11.771626812259045,11.665643836870215,11.66095171523801,140.10883871493246,0.0,False
98,98000,0.07307754932832333,0.03333333333333334,0.06167786385559801,0.24,0.0938095238095238,0.038257575757575754,0.13,0.13314209191047527,0.25,0.175,0.06574702857658699,0.053684210526315786,0.07672296449873005,0.24210526315789474,0.11090225563909774,1,0.010526315789473684,5328,11.69150187315185,11.666394657539742,67.23429718621249,11.661523214448813,11.79193125594967,11.677440850827933,11.66112699594983,137.38421603408034,0.0,False
99,99000,0.04551411478612659,0.04,0.04835273990017049,0.22857142857142856,0.07721088435374149,0.005520424806593834,0.08333333333333333,0.08456479006497697,0.25,0.10912698412698413,0.03530295989773524,0.05106382978723405,0.05759836972948278,0.23404255319148937,0.08535967578520769,2,0.0425531914893617,5328,11.691380626550549,11.668051443435717,65.79540237883555,11.66525648979913,11.807961679113909,11.677528455109401,11.660417811544185,135.96599888438843,0.0,False
100,100000,0.030591961688385558,0.030555555555555558,0.03861330396029281,0.2222222222222222,0.08449074074074076,0.05837829193402353,0.08125,0.07749999943066166,0.3125,0.12239583333333333,0.03914160176396648,0.04615384615384616,0.05057844102809861,0.25,0.09615384615384617,0,0.0,5328,11.725813068005909,11.657894638920224,11.657638565245806,11.661041318746651,11.803883473207252,11.677533863045653,11.660345028894486,81.84414995606598,251.6075157415077,True
101,101000,0.03808019335862015,0.030555555555555558,0.04070944189886414,0.19444444444444445,0.07252535273368606,0.01673789173789174,0.03125,0.03643498573042564,0.125,0.09375,0.03419977488212408,0.030681818181818185,0.039932268050057146,0.18181818181818182,0.0763843795093795,0,0.0,5328,11.725166326696096,11.653830037528651,11.657554930046347,11.66427966380057,11.845761096262313,11.670585956821341,11.661712580331162,81.87889059148648,0.0,False
102,102000,0.06906344570505774,0.0509433962264151,0.07434569658465104,0.2641509433962264,0.11619496855345912,0.021541950113378682,0.14285714285714285,0.14697649509571456,0.2857142857142857,0.21428571428571427,0.06351927121936184,0.06166666666666667,0.08281928974427513,0.26666666666666666,0.12763888888888889,0,0.0,5328,11.718517493777835,11.654627761080796,11.657372506281016,11.661451539633424,11.824844766260972,11.667116649764427,11.658208403724293,81.84213912052276,0.0,False
103,103000,0.007855301664825474,0.026984126984126985,0.033952435072695825,0.12698412698412698,0.08664021164021164,0.028475886478622457,0.07142857142857142,0.0766480928932054,0.35714285714285715,0.15952380952380954,0.011604498903697653,0.03506493506493507,0.04171528194915211,0.16883116883116883,0.0998917748917749,1,0.012987012987012988,5328,11.690346355787765,11.660102326841587,69.44620589403871,11.66041679448622,11.826344153089211,11.673037991252745,11.659967172499009,139.61642068799523,0.0,False
104,104000,0.03664735005791451,0.03125,0.032612483920683985,0.16666666666666666,0.04785052910052911,0.01988157086196302,0.10000000000000002,0.09305515956207112,0.4166666666666667,0.17857142857142858,0.03329419421872421,0.045,0.044701019048961406,0.21666666666666667,0.073994708994709,1,0.016666666666666666,5328,11.718812644775229,11.671124437876227,69.16633808736785,11.661868765597273,11.811112553317821,11.678173396008699,11.662207827969201,139.36963771291232,0.0,False
105,105000,0.02277511796234345,0.02972972972972973,0.034671069919148804,0.16216216216216217,0.06201201201201201,0.06946585093625536,0.12307692307692308,0.141709784379338,0.38461538461538464,0.20146520146520147,0.03491470853556055,0.054000000000000006,0.062501135678798,0.22,0.09826984126984126,0,0.0,5328,11.716598263804972,11.656419448950045,11.659576559526485,11.661101727206136,11.792367624663402,11.695532332173936,11.659530641534854,81.84112659785984,0.0,False
106,106000,0.05550203561427714,0.0348314606741573,0.05492069038635795,0.21348314606741572,0.0923800606384876,0.017716990279888038,0.047058823529411764,0.053011451608516454,0.23529411764705882,0.11519607843137254,0.04944216985310152,0.036792452830188685,0.054614491714439974,0.2169811320754717,0.09603923330338425,3,0.02830188679245283,5328,11.719289735716634,11.692950859528914,66.95087594338345,11.660889055849916,11.873674107808554,11.670504864872214,11.65930321165437,137.22748777881407,0.0,False
107,107000,0.052413042203532,0.027777777777777776,0.039311249893354855,0.19444444444444445,0.06782407407407406,0.034474164301156726,0.07500000000000001,0.0769342857415242,0.5,0.1698660714285714,0.04915142803946377,0.03636363636363637,0.04615180186574929,0.25,0.0863771645021645,1,0.011363636363636364,5328,11.716120515063363,11.66906192506985,66.26054750746499,11.660262067787752,11.787121084324074,11.670952681386987,11.65827783289504,136.42234361399207,0.0,False
108,108000,0.03912843153179553,0.036250000000000004,0.05562198210544581,0.1375,0.07805059523809524,0.11699906206826621,0.08235294117647059,0.11220850578893292,0.47058823529411764,0.19771241830065361,0.05277586162581617,0.044329896907216504,0.06553920790564458,0.1958762886597938,0.09902225495009001,1,0.010309278350515464,5328,11.696924316630456,11.66583144841457,66.23073167009996,11.661763477272338,11.857773431841675,11.671023260413985,11.660252543720453,136.44430014839344,0.0,False
109,109000,0.07289178601410712,0.05096153846153846,0.07583615522068286,0.2403846153846154,0.10532661782661783,0.01752450980392157,0.017647058823529415,0.017805796932083336,0.17647058823529413,0.03790849673202614,0.06511291249697361,0.04628099173553719,0.0676831296760036,0.23140495867768596,0.09585465040010495,0,0.0,5328,11.723864347843241,11.658014541272161,65.12776499528576,11.662070854460277,11.895919768524847,11.6681550807584,11.658249319817724,135.3940389079624,0.0,False
110,110000,0.02519459300005378,0.03275862068965517,0.044764838546882554,0.1896551724137931,0.1023399014778325,0.036302982731554155,0.07142857142857142,0.07657739729555013,0.21428571428571427,0.15476190476190474,0.027354557670067742,0.04027777777777778,0.05095061385912347,0.19444444444444445,0.11253306878306879,1,0.013888888888888888,5328,11.72337846606572,11.657055756090703,65.23195075469786,11.66389896516476,11.828180867409777,11.667296609728025,11.69306626454085,135.4648276836977,0.0,False
111,111000,0.02616501913733104,0.037142857142857144,0.04542654350451004,0.17142857142857143,0.08642857142857142,0.04425160650806671,0.037500000000000006,0.051059094394245316,0.25,0.09374999999999999,0.02952996562490977,0.037209302325581395,0.046474459949111945,0.18604651162790697,0.0877906976744186,1,0.011627906976744186,5328,11.723560263559445,11.67256429322229,65.43846864799467,11.658378490004424,11.779212567569406,11.664446587299897,11.656191848933087,135.5928226985832,0.0,False
112,112000,0.047885743131264896,0.046296296296296294,0.06690833470713102,0.3148148148148148,0.15108759553203996,0.026020408163265306,0.09,0.09019490676800057,0.3,0.11428571428571428,0.04446928454251496,0.053125000000000006,0.07054686159164189,0.3125,0.14533730158730157,0,0.0,5328,11.694413246192067,11.654478474613928,11.655728429106269,11.657187831281766,11.748047689349658,11.667448923254401,11.65501584323575,81.73232043703383,0.0,False
113,113000,0.047132343005057614,0.033734939759036145,0.05137116363125088,0.20481927710843373,0.10174029451137882,0.09137110679338342,0.1,0.12374410516048343,0.45454545454545453,0.2222222222222222,0.052309219618585104,0.04148936170212766,0.05984033763999086,0.23404255319148937,0.11583924349881797,0,0.0,5328,11.69018065694423,11.655667063275448,11.656121794198505,11.659060774767832,11.780918801416323,11.665116362514356,11.656660956631953,81.76372640974864,0.0,False
114,114000,0.052479639761072956,0.026262626262626265,0.040061457215887046,0.1717171717171717,0.06669472502805836,0.11784791083990169,0.1277777777777778,0.17066096366956568,0.4444444444444444,0.24629629629629632,0.06253629685012353,0.04188034188034188,0.06015368897799145,0.21367521367521367,0.09432573599240264,1,0.008547008547008548,5328,11.692428400274235,11.666460399632067,65.66915877322805,11.66488982671035,11.87315475714712,11.672029379690418,11.660723732841161,135.8988452695234,0.0,False
115,115000,0.03368386038168106,0.032989690721649485,0.04376456720958135,0.1958762886597938,0.0787596138111602,0.08365437915742793,0.05625,0.08564434506147084,0.25,0.13020833333333331,0.04075933206674256,0.036283185840707964,0.049694447259406416,0.20353982300884957,0.08604438825677764,0,0.0,5328,11.723864926808936,11.65757261422512,11.658131936456012,11.66191310612852,11.894954950179837,11.67144256248101,11.65895588331467,81.9268359795941,0.0,False
116,116000,0.02772250765027988,0.027906976744186046,0.042185724783778966,0.12790697674418605,0.05771963824289406,0.04200169748950237,0.04615384615384616,0.041469297847087874,0.3076923076923077,0.052655677655677656,0.02959755278068283,0.030303030303030307,0.042091648519364984,0.15151515151515152,0.0570546737213404,0,0.0,5328,11.721347393734566,11.657304493550152,64.95307862293062,11.664402625205517,11.86448298710202,11.670095022734555,11.662225569062517,135.19293671431996,0.0,False
117,117000,0.016372973232166646,0.03258426966292135,0.03428701774724697,0.15730337078651685,0.05772248974496166,0.04696969696969697,0.03333333333333333,0.05113020153064704,0.25,0.11458333333333333,0.020008227537615796,0.032673267326732675,0.03628818809774995,0.16831683168316833,0.06447823353763948,1,0.009900990099009901,5328,11.744827878718,11.676265282704184,65.53922040633195,11.66057250670538,11.851833140869017,11.666110540205915,11.658922380631404,135.79775213616585,0.0,False
118,118000,0.016121590753304854,0.030263157894736846,0.03483139978132187,0.13157894736842105,0.05263157894736842,0.022916666666666665,0.03125,0.038019160592538986,0.25,0.10694444444444445,0.01730334308606343,0.03043478260869565,0.03538579296588137,0.15217391304347827,0.06207729468599033,0,0.0,5328,11.723174546656583,11.657426059460269,11.658415553453954,11.664303745974324,11.842873067897248,11.672375776747291,11.658988452217105,81.87755720240676,0.0,False
119,119000,0.03826868789707486,0.030612244897959183,0.04667236480706869,0.19387755102040816,0.08990929705215418,0.04268353174603175,0.060000000000000005,0.07222597236071907,0.26666666666666666,0.09841269841269841,0.038854729115962945,0.03451327433628319,0.05006443660622582,0.20353982300884957,0.09103806714426184,0,0.0,5328,11.722733573964195,11.657287505392745,11.663676461041995,11.661635414085547,11.881645063625824,11.674043608356222,11.659209926236786,81.92023155270331,0.0,False
120,120000,0.04384464686462933,0.030434782608695653,0.042713970751395464,0.2028985507246377,0.06553945249597422,0.03258932902895751,0.07692307692307693,0.09426521716235009,0.3076923076923077,0.20512820512820515,0.04206026720775453,0.037804878048780494,0.050886729328741935,0.21951219512195122,0.08766937669376693,1,0.012195121951219513,5328,11.722037665595069,11.674469924765479,65.29598514390042,11.663220950797887,11.853107784037809,11.671043160039336,11.661131249455364,135.54099587859136,282.7953065914074,True
121,121000,0.03817933903452307,0.03157894736842106,0.039710610862239884,0.18421052631578946,0.0743734335839599,0.021162280701754386,0.0625,0.04563372732367084,0.375,0.0625,0.03521985062882417,0.03695652173913044,0.040740718072923524,0.21739130434782608,0.07230848861283644,1,0.021739130434782608,5328,11.755609311239063,11.675706338913628,71.13291782948062,11.665269958036074,11.804650370074443,11.671965346935625,11.665141947763551,141.37126110244301,0.0,False
122,122000,0.02718326584965113,0.021951219512195124,0.02732898668252828,0.12195121951219512,0.0322977158343012,0.026711932646002245,0.10000000000000002,0.10553979759369712,0.25,0.20833333333333334,0.02712309565344063,0.031914893617021274,0.03731334552225196,0.13829787234042554,0.05477034785545423,2,0.02127659574468085,5328,11.743676223162359,11.734491576712719,68.16527614832493,11.66715912963648,11.866880383678419,11.67244219181865,11.690323239596513,138.54024889293007,0.0,False
123,123000,0.050269779932260304,0.03406593406593407,0.051992251132366545,0.2087912087912088,0.0902276295133438,0.03311965811965812,0.038461538461538464,0.04776584769507163,0.23076923076923078,0.11538461538461539,0.04812601470568504,0.03461538461538462,0.05146395070270468,0.21153846153846154,0.09337225274725275,0,0.0,5328,11.741300874331534,11.659438681282941,11.659722617587963,11.662919523480753,11.862380954921758,11.669046645561288,11.661041184718446,81.91585048188469,0.0,False
124,124000,0.04603207437288438,0.029591836734693882,0.04484825867952699,0.19387755102040816,0.0741051182377713,0.018646232439335886,0.03888888888888889,0.0363848078725859,0.2222222222222222,0.07043650793650794,0.04178254717629927,0.03103448275862069,0.04353496458879475,0.19827586206896552,0.07353585112205802,0,0.0,5328,11.725642399117165,11.657565558691878,67.01582208069185,11.663273672198049,11.898386512172731,11.671608422993835,11.660202136321713,137.2925007821872,0.0,False
125,125000,0.052275692421667685,0.03950617283950617,0.057197180729113485,0.18518518518518517,0.07967862041936116,0.028326873385012916,0.041666666666666664,0.047767490138123175,0.25,0.11805555555555557,0.04918552222338965,0.03978494623655915,0.05598044645930828,0.1935483870967742,0.08463048301757979,0,0.0,5328,11.728291198928599,11.65771713092928,11.658685641222078,11.662553453906794,11.862810870146706,11.668827174116798,11.661322416756104,81.90020788600637,0.0,False
126,126000,0.027791716309397228,0.021875000000000002,0.028058516469916528,0.13541666666666666,0.04971064814814815,0.01568627450980392,0.023529411764705882,0.025243596105212145,0.058823529411764705,0.058823529411764705,0.025970543649281422,0.022123893805309734,0.02763503287522649,0.12389380530973451,0.05108161258603736,0,0.0,5328,11.72538915264476,11.656946794658813,11.663048756781896,11.66330669501517,11.878853896200164,11.668993553610314,11.659560633515975,81.9160994824271,0.0,False
127,127000,0.030379154005929054,0.037037037037037035,0.0533073030852463,0.2037037037037037,0.11313932980599649,0.0737624878673472,0.08499999999999999,0.11186856884733223,0.4,0.22777777777777777,0.0421043793738799,0.05,0.06913467221013439,0.25675675675675674,0.14412269412269413,1,0.013513513513513514,5328,11.727471683032482,11.658081560596278,67.94319207577628,11.663924028917915,11.823774053926206,11.680981407673901,11.676853090648864,138.17427790057192,0.0,False
128,128000,0.03433742871671933,0.028947368421052635,0.04259798408039757,0.15789473684210525,0.08644005847953216,0.10999330035044319,0.08181818181818185,0.11874941565526562,0.4090909090909091,0.17727272727272728,0.0513213998998002,0.04081632653061224,0.05969320341353121,0.21428571428571427,0.10683106575963719,0,0.0,5328,11.728615453312358,11.656604525744212,11.658166973675666,11.662164031443767,11.85597221083426,11.67647177681766,11.660926563506619,81.89892153533454,0.0,False
129,129000,0.03571373397843986,0.026000000000000006,0.035652091602020264,0.21,0.06849603174603175,0.058632478632478634,0.08000000000000002,0.09540807502513556,0.3333333333333333,0.19285714285714287,0.038703135455053606,0.03304347826086957,0.04344635030938313,0.22608695652173913,0.08471704623878537,0,0.0,5328,11.727993981754114,11.657110388765823,11.658465298783337,11.66234055101356,11.905065889467048,11.68142342933276,11.660900740180502,81.95330027929714,0.0,False
130,130000,0.05149949023611739,0.03296703296703296,0.05024542187995017,0.1978021978021978,0.09415227629513344,0.004830917874396135,0.022222222222222223,0.017601016952055834,0.1111111111111111,0.027777777777777776,0.04729931872356248,0.032,0.047307425436439676,0.19,0.08817857142857143,0,0.0,5328,11.729605812148963,11.656988448991573,11.661469649554974,11.663189244635886,11.863405391526749,11.669917447422462,11.662761511779806,81.90733750606041,0.0,False
131,131000,0.033759613231364824,0.02736842105263158,0.03776933719249136,0.12631578947368421,0.056403508771929824,0.0880228288633461,0.12500000000000003,0.15797211871882275,0.4166666666666667,0.25,0.0398452075078487,0.0383177570093458,0.05125002297114535,0.1588785046728972,0.07811526479750779,0,0.0,5328,11.72497360227287,11.657240750095193,67.23934516066066,11.665788262910787,11.864976366487978,11.681784259878757,11.66309437056201,137.49720277286826,0.0,False
132,132000,0.04086117438465555,0.029870129870129873,0.0461385129993605,0.18181818181818182,0.09399092970521541,0.03611111111111111,0.025000000000000005,0.027447606954400443,0.25,0.04097222222222222,0.04022071641518888,0.029213483146067417,0.0436183908359951,0.19101123595505617,0.08684233993222758,0,0.0,5328,11.730548907844252,11.656563055035402,11.658630612452342,11.663064383146683,11.84891183217407,11.668134286279413,11.659825695134462,81.88567877206663,0.0,False
133,133000,0.053952843365957355,0.031958762886597936,0.050174199858300905,0.21649484536082475,0.08194239895270825,0.027096171802054154,0.04666666666666666,0.05345429778651676,0.3333333333333333,0.13841269841269843,0.050355967710077464,0.03392857142857143,0.050613498687972665,0.23214285714285715,0.08950538548752836,0,0.0,5328,11.725323927170434,11.659500587887784,11.658280956835382,11.66123727152843,11.879661526478792,11.674501347092026,11.661286354592432,81.91979197158528,0.0,False
134,134000,0.029586556886042583,0.05,0.053270847618920265,0.21666666666666667,0.08499999999999999,0.013019000703729766,0.11000000000000001,0.09410487086983382,0.2,0.06999999999999999,0.027219763145712183,0.058571428571428566,0.05910427951190792,0.21428571428571427,0.08285714285714285,1,0.014285714285714285,5328,11.729774261236974,11.673050073733593,67.94913644815604,11.664204772134784,11.827651843661357,11.673029606446006,11.661300889045933,138.17814789441468,0.0,False
135,135000,0.029842938632850195,0.03125,0.04282871209566589,0.2,0.09538194444444445,0.040271493212669686,0.041176470588235294,0.036288601228175815,0.17647058823529413,0.03202614379084967,0.03167062345611753,0.032989690721649485,0.04168250709827071,0.1958762886597938,0.08427835051546391,0,0.0,5328,11.754242311694252,11.657142450351849,67.85574642578437,11.663619333614205,11.863835571172126,11.667643982010006,11.661872167615522,138.12410224224234,0.0,False
136,136000,0.031723728715136415,0.05833333333333333,0.06842846508160565,0.23809523809523808,0.1439625850340136,0.14285714285714285,0.021428571428571432,0.10714285714285714,0.14285714285714285,0.09523809523809523,0.04759993073542305,0.05306122448979592,0.07395909251892728,0.22448979591836735,0.1370019436345967,0,0.0,5328,11.751857258050086,11.657146292615161,11.65955245288966,11.661184156800536,11.866398781187893,11.668025047258807,11.65969976140227,81.9238637502044,0.0,False
137,137000,0.07396941365594616,0.039473684210526314,0.06691598175804306,0.21052631578947367,0.10776420217209691,0.01078888823981852,0.05333333333333334,0.048427515348710905,0.26666666666666666,0.08174603174603173,0.06355504133460643,0.04175824175824176,0.0638684323499114,0.21978021978021978,0.10347549276120704,2,0.02197802197802198,5328,11.726060914554747,11.686689987137205,66.97579680686391,11.665255535548564,11.880266161709564,11.682240327170328,11.666638320310257,137.2829480532946,0.0,False
138,138000,0.049406053385292144,0.03529411764705882,0.04680497400684653,0.2,0.07329598506069095,0.023121581992549736,0.08571428571428572,0.08751723579965254,0.2857142857142857,0.17142857142857143,0.045689057430762924,0.04242424242424243,0.052562263553303956,0.21212121212121213,0.08717332050665383,1,0.010101010101010102,5328,11.729554013198417,11.673005678010384,66.95996976423257,11.663249720111207,11.8626077904721,11.67725440614359,11.662191417082662,137.22783278925093,0.0,False
139,139000,0.044255030968569385,0.050505050505050504,0.06054522481147802,0.2222222222222222,0.09935465768799104,0.06124497991967871,0.028571428571428574,0.036964441331057744,0.21428571428571427,0.03333333333333333,0.04635998039614045,0.04778761061946903,0.05762371181390382,0.22123893805309736,0.09117502458210422,1,0.008849557522123894,5328,11.729516567370728,11.67400992327372,67.5433765608066,11.663390037257997,11.853610643527968,11.669597774925656,11.658025338631695,137.79152684579438,0.0,False
140,140000,0.026974210407661202,0.03369565217391304,0.04214098759986346,0.2391304347826087,0.0949836093857833,0.10105333800186742,0.06875,0.08466936999933423,0.4375,0.15215773809523808,0.03794889597717324,0.03888888888888889,0.048441488696081364,0.26851851851851855,0.10345385067607289,2,0.018518518518518517,5328,11.708387574256573,11.673157633427383,67.30078696341388,11.662824148758745,11.870741313774886,11.670662398332448,11.660748307773527,137.54730833973744,228.17812423927066,True
141,141000,0.06468209862579445,0.05421686746987952,0.07700046645745384,0.26506024096385544,0.14203480589022757,0.1040994623655914,0.06875,0.10525231563539839,0.375,0.19791666666666669,0.0710525816544485,0.05656565656565657,0.08156642188015195,0.2828282828282828,0.1510662177328844,1,0.010101010101010102,5328,11.746938375793714,11.656928868373356,73.08805178143224,11.665741580780404,11.891690918527237,11.673074727509142,11.70080693520953,143.4232331876256,0.0,False
142,142000,0.031111134763301,0.041891891891891894,0.05260246890050521,0.17567567567567569,0.10555555555555556,0.14970558115719407,0.09,0.18089118826618739,0.5,0.23666666666666666,0.045229521238764454,0.047619047619047616,0.06787493549165785,0.21428571428571427,0.12116402116402118,1,0.011904761904761904,5328,11.726881550006702,11.670633159911736,70.66702301707431,11.664693022581801,11.831160375039978,11.667359190271204,11.6589714329908,140.88672174787655,0.0,False
143,143000,0.06817959739292172,0.03521126760563381,0.05778314809350182,0.28169014084507044,0.08663648558014755,0.04301008618860579,0.06923076923076923,0.10829928437611921,0.38461538461538464,0.266025641025641,0.06428431589701569,0.04047619047619048,0.06560112156581163,0.2976190476190476,0.11439909297052153,2,0.023809523809523808,5328,11.74271298822957,11.681296052796359,69.34259068508072,11.66683278835956,11.84535579871332,11.669053906877835,11.660800658615939,139.6086428786733,0.0,False
144,144000,0.0624915413394079,0.03561643835616438,0.058449974925405664,0.2602739726027397,0.1246901500326158,0.10138888888888889,0.044444444444444446,0.0815330142536884,0.2777777777777778,0.11031746031746031,0.07018552217337116,0.03736263736263737,0.06301585083649455,0.26373626373626374,0.121847200418629,0,0.0,5328,11.733494725784526,11.658520085628538,68.4717205692506,11.663845479001345,11.846304863040446,11.669922485402912,11.662163960486637,138.705972168595,0.0,False
145,145000,0.041826460185725126,0.040625,0.05434531463752899,0.203125,0.09784846230158731,0.13115104835258878,0.07777777777777778,0.1428501530514238,0.4444444444444444,0.2314814814814815,0.05283908064465352,0.045205479452054796,0.06525687005842012,0.2328767123287671,0.11432376603609481,2,0.0273972602739726,5328,11.72632301224552,11.684323457064604,67.34756953055351,11.66257061773271,11.835485635092875,11.67102692654909,11.66136993854816,137.58866911778648,0.0,False
146,146000,0.0642334737342262,0.03010752688172043,0.054412237437110565,0.23655913978494625,0.09366786140979688,0.03961660561660562,0.08,0.08485920717120324,0.28,0.13333333333333333,0.05901803557371336,0.04067796610169491,0.0608628666180624,0.2457627118644068,0.10207156308851224,1,0.00847457627118644,5328,11.727700276971397,11.674007289960015,67.5036430426261,11.663037312877044,11.91844213959889,11.679475201406554,11.662056755578492,137.8283620190185,0.0,False
147,147000,0.04676281130483531,0.0375,0.050705278057867405,0.2361111111111111,0.0740134479717813,0.054806524379663366,0.04,0.06355373114964588,0.3,0.09,0.047743751923716785,0.03780487804878049,0.05227216258125502,0.24390243902439024,0.07596302748741773,0,0.0,5328,11.72153031629014,11.656927115865495,11.658896944679448,11.662215010442567,11.851339007235701,11.67172969324462,11.660436359039322,81.8830744467973,0.0,False
148,148000,0.024620590432663958,0.026851851851851852,0.030764146113542768,0.16666666666666666,0.061430776014109345,0.196031746031746,0.08095238095238096,0.14035015826421693,0.5238095238095238,0.2029100529100529,0.05252473204181685,0.03565891472868218,0.04860372948690833,0.2248062015503876,0.08446228620647225,0,0.0,5328,11.723645727889503,11.65683464868228,11.658112399500626,11.665371032386352,11.916736491597579,11.672431533549243,11.661160338072296,81.95429217167788,0.0,False
149,149000,0.021152595191299972,0.016417910447761197,0.019686455672646413,0.13432835820895522,0.036170338782279085,0.05026564344746163,0.12727272727272726,0.15075831078731697,0.36363636363636365,0.23636363636363636,0.02525828148383559,0.03205128205128205,0.038170948060612775,0.16666666666666666,0.0644027269027269,2,0.02564102564102564,5328,11.72314405859659,11.681502731002158,72.35136509733952,11.664379307795015,11.836184226780844,11.673478893355766,11.66281156563323,142.59286588050313,0.0,False
150,150000,0.04117363034445114,0.031958762886597936,0.046595927394492864,0.20618556701030927,0.07442317133038781,0.011057692307692308,0.0125,0.01082416458426413,0.125,0.026041666666666664,0.03690942672862688,0.02920353982300885,0.04153089903198261,0.19469026548672566,0.06757269279393173,1,0.008849557522123894,5328,11.774284539512598,11.674770843551896,68.67578413271083,11.6628923901331,11.890909838437741,11.669634220692199,11.661103394705608,139.00937935974397,0.0,False
151,151000,0.07362015772663764,0.03333333333333334,0.05923668399637435,0.2261904761904762,0.07678099017384732,0.05815344515271147,0.07333333333333333,0.12876273422651466,0.4666666666666667,0.33,0.07127671642755791,0.03939393939393939,0.0697709340312441,0.26262626262626265,0.11514750681417349,1,0.010101010101010102,5328,11.725045785726529,11.658946540003823,68.31310711929301,11.663629949639626,11.869094012528086,11.68944202518951,11.693756751651046,138.61302218403162,0.0,False
152,152000,0.05229517459545961,0.025,0.04351173259877473,0.19117647058823528,0.08431372549019608,0.022511297182349815,0.03125,0.038399751307269005,0.1875,0.10267857142857142,0.04662205508820061,0.02619047619047619,0.04253802187658316,0.19047619047619047,0.08781179138321996,0,0.0,5328,11.724366352210136,11.658184003469907,11.657547948618758,11.66238644762646,11.832176375937975,11.694663820661228,11.65973244125762,81.88905738978208,0.0,False
153,153000,0.04008202838038276,0.049367088607594936,0.06350059328891382,0.189873417721519,0.1041993168575447,0.010880918220946915,0.02666666666666667,0.019425355775452294,0.2,0.03015873015873016,0.03542227675919619,0.045744680851063826,0.05646731070697846,0.19148936170212766,0.09238432961837216,1,0.010638297872340425,5328,11.722583640464551,11.670268339980527,68.45354077548993,11.664392904033733,11.850660855211581,11.674649656082114,11.661786171106996,138.69788234236944,0.0,False
154,154000,0.0879217509394356,0.05060240963855422,0.09546364902442232,0.3132530120481928,0.14755211321476383,0.008333333333333333,0.016666666666666666,0.02751147078726002,0.08333333333333333,0.08333333333333333,0.07786847713655953,0.04631578947368421,0.08688021598393865,0.28421052631578947,0.13944026733500417,0,0.0,5328,11.730275015966324,11.659175302936031,11.659062949670451,11.66252626931194,11.871147265102994,11.670925818822731,11.659696450051078,81.91280907186153,0.0,False
155,155000,0.08730075914287402,0.03978494623655914,0.08861292355809408,0.23655913978494625,0.14063406724697045,0.053378378378378374,0.03333333333333333,0.058679223757225354,0.2,0.08166666666666668,0.08258931737002738,0.03888888888888889,0.08445546525241789,0.23148148148148148,0.13244415049970604,1,0.009259259259259259,5328,11.722316588094749,11.670829290294504,69.48680308541122,11.664715445142138,11.895783185202069,11.67793045735166,11.66205340356538,139.78043145506172,0.0,False
156,156000,0.07037320791981751,0.029000000000000005,0.049569192596924626,0.19,0.06103968253968255,0.03452136752136752,0.05333333333333334,0.05290762364065914,0.3333333333333333,0.10388888888888889,0.06569688091132403,0.03217391304347826,0.05000464012436825,0.20869565217391303,0.06662870945479642,2,0.017391304347826087,5328,11.731867758806718,11.68687289971812,70.00700769712113,11.662806850904623,11.92072714763584,11.675007143743116,11.662698857582004,140.34698835551154,0.0,False
157,157000,0.03268643889914778,0.038461538461538464,0.046231232755279225,0.22115384615384615,0.09853861416361417,0.028162295370533354,0.03076923076923077,0.037455497088911056,0.3076923076923077,0.0923076923076923,0.03218375628485729,0.03760683760683761,0.04525615101457165,0.23076923076923078,0.09784628951295618,0,0.0,5328,11.727372950177257,11.65743988434248,11.65766008901295,11.66295329923378,11.905136703901226,11.676851076017346,11.660558922294006,81.94797292497904,0.0,False
158,158000,0.04948276891450729,0.04148936170212767,0.05687916396455167,0.22340425531914893,0.09059861533265788,0.16342592592592592,0.05000000000000001,0.13104071343539317,0.3333333333333333,0.13703703703703704,0.06238199423655469,0.04245283018867924,0.06527481107445826,0.2358490566037736,0.09585579514824796,0,0.0,5328,11.726686669263215,11.657564008660943,11.659389330367226,11.661670234489051,11.900675229742363,11.672387220613977,11.661323977819881,81.93969667095665,0.0,False
159,159000,0.03702165301607787,0.046808510638297864,0.05699844217925956,0.2127659574468085,0.11156703816278285,0.005681818181818182,0.0125,0.01375573539363001,0.125,0.041666666666666664,0.034563626754567305,0.04411764705882353,0.05360685733332784,0.20588235294117646,0.10608465608465609,0,0.0,5328,11.725768597904695,11.65803027017645,11.658032355536113,11.662100382593687,11.8880396362403,11.673520628172756,11.661901953983339,81.92739382460735,0.0,False
160,160000,0.05953782214816638,0.04666666666666667,0.06346557820870666,0.26666666666666666,0.12114197530864199,0.058003108003108,0.05454545454545454,0.06012355135189775,0.45454545454545453,0.13257575757575757,0.059370675063061006,0.047524752475247525,0.06310159508568787,0.2871287128712871,0.12238723872387239,1,0.009900990099009901,5328,11.725210647517414,11.670825813377833,73.41566356649024,11.662755603842474,11.875835346387282,11.671439327405608,11.660616654075168,143.682346959096,234.7250935443232,True
161,161000,0.05866902281271558,0.04157303370786517,0.054506341078552394,0.25842696629213485,0.09770376315320137,0.04227844984147505,0.03529411764705883,0.04903803698954861,0.23529411764705882,0.10784313725490195,0.056040346015441146,0.040566037735849055,0.0536293489133348,0.25471698113207547,0.09932988918837975,1,0.009433962264150943,5328,11.729220820589498,11.667865494224827,73.67454651430877,11.663368029858622,11.901508577417951,11.678302534654655,11.660583208207564,143.97539517926188,0.0,False
162,162000,0.04948450342952914,0.03902439024390244,0.050144706731636894,0.15853658536585366,0.05938346883468835,0.07206965506987809,0.08,0.1145912242075923,0.6,0.29428571428571426,0.05193941121652358,0.043478260869565216,0.057149762979023355,0.20652173913043478,0.08491632160110421,1,0.010869565217391304,5328,11.772088654396494,11.671821610759887,74.41881655056991,11.665386181806264,11.88433695340288,11.676207353820272,11.664385023812951,144.75304232856865,0.0,False
163,163000,0.0511618079028799,0.05555555555555555,0.06621102811320435,0.24691358024691357,0.0992798353909465,0.05329836298735819,0.06666666666666667,0.11443771666266862,0.4166666666666667,0.3194444444444445,0.05143749242990935,0.05698924731182795,0.07243382663571589,0.26881720430107525,0.12768817204301075,1,0.010752688172043012,5328,11.74655372718908,11.65836429456793,71.93873024417124,11.666153638675153,11.862957409441293,11.673503799426028,11.699969271045802,142.24623238451653,0.0,False
164,164000,0.07006816067582078,0.03711340206185566,0.06809459285422084,0.21649484536082475,0.10725740468008509,0.07826409404174714,0.12222222222222223,0.1722526458685433,0.5555555555555556,0.3505291005291005,0.07135100242005273,0.050434782608695654,0.08439759245646263,0.26956521739130435,0.14533471359558314,1,0.008695652173913044,5328,11.729101371576316,11.670278364694225,69.91498833565716,11.663315146834275,11.880115307363187,11.679836343377048,11.660726945632305,140.1983618151345,0.0,False
165,165000,0.0737452441139831,0.05135135135135135,0.07348433344031048,0.21621621621621623,0.10957207207207209,0.028490028490028487,0.04615384615384616,0.053126839035863974,0.23076923076923078,0.08974358974358973,0.06698297051500138,0.05057471264367817,0.07044240898907135,0.21839080459770116,0.10660919540229888,0,0.0,5328,11.722577955983887,11.658378403278657,11.658237615778944,11.661259378931144,11.857035701640095,11.673381358375673,11.66118571719471,81.89205613118311,0.0,False
166,166000,0.025761990430987144,0.02916666666666667,0.03155959046272299,0.1875,0.05203373015873016,0.039713541666666664,0.04375,0.0468814602694626,0.1875,0.043402777777777776,0.02775506917894136,0.03125,0.03374842900654293,0.1875,0.05080073696145125,0,0.0,5328,11.720678672944018,11.657177692556836,11.655347344697448,11.66204520527958,11.889672371753063,11.672219483831181,11.660702173593718,81.91784294465585,0.0,False
