batch,interactions,recall_existing,precision_existing,ndcg_existing,hr_existing,mrr_existing,recall_new_content,precision_new_content,ndcg_new_content,hr_new_content,mrr_new_content,recall_overall_content,precision_overall_content,ndcg_overall_content,hr_overall_content,mrr_overall_content,n_new_users,pct_new_users,n_users_trained,id_resolution_emissions_mg,recovered_history_seed_emissions_mg,expand_embeddings_emissions_mg,gt_split_emissions_mg,scoring_emissions_mg,history_update_emissions_mg,apply_content_seeds_emissions_mg,batch_emissions_mg
1,1000,0.13978494185084267,0.10500000000000001,0.18723621080641467,0.5,0.31333333333333335,0.036585365853658534,0.3,0.3436966913921454,1.0,0.5,0.13487067632716723,0.11428571428571428,0.19468670988192568,0.5238095238095238,0.32222222222222224,1,0.047619047619047616,5328,11.723178879002427,11.656223618167248,56.67954376158786,11.659691419955868,11.737041082442731,11.660952006951007,11.681846659084732,126.79847742719186
2,2000,0.1365516155580718,0.1857142857142857,0.27654036056517733,0.5714285714285714,0.4507936507936508,0.06843194382190348,0.34,0.3610764336505318,0.8,0.6666666666666666,0.11862538615381699,0.2263157894736842,0.29878669558763904,0.631578947368421,0.5076023391812865,5,0.2631578947368421,5328,11.726873259809343,11.656279414388733,57.55946298285284,11.662682750237977,11.720203127826357,11.663091437653103,11.750160380914428,127.73875335368278
3,3000,0.018567035468443918,0.07272727272727274,0.0751123128617754,0.2727272727272727,0.13636363636363635,0.04982479114061796,0.225,0.241957532425932,0.875,0.5104166666666666,0.03172819575146457,0.1368421052631579,0.1453629316256308,0.5263157894736842,0.29385964912280704,7,0.3684210526315789,5328,11.719933580119774,11.656461775078867,56.75557490635226,11.662707912544189,11.714766145951277,11.672801210126895,11.774237049696481,126.95648257986973
4,4000,0.05662542794895736,0.07058823529411765,0.08314518223858318,0.29411764705882354,0.14313725490196078,0.07053960033536841,0.38,0.4704753518504073,0.9,0.9,0.061778825129109594,0.18518518518518517,0.22660080061333285,0.5185185185185185,0.42345679012345677,8,0.2962962962962963,5328,11.731819168707977,11.656195759477285,56.50637684712187,11.663404123557507,11.744002557900886,11.66491616410518,11.793318923416173,126.76003354428687
5,5000,0.019605371222419333,0.05161290322580645,0.0638102565586819,0.2903225806451613,0.14093701996927804,0.04695408392776814,0.26666666666666666,0.2854593001855266,0.8333333333333334,0.5722222222222223,0.024040297607070493,0.08648648648648649,0.09975334471438645,0.3783783783783784,0.21087516087516087,5,0.13513513513513514,5328,11.715286567724553,11.665441943167071,56.41428784496452,11.660836933649913,11.775134681363935,11.664423671979433,11.730582076518765,126.62599371936821
6,6000,0.06271959333183823,0.03333333333333334,0.041267025433182246,0.19047619047619047,0.052380952380952375,0.1500344079749741,0.41818181818181815,0.48677830822540985,0.8181818181818182,0.6666666666666666,0.09273406086541619,0.165625,0.1944115288930105,0.40625,0.2635416666666667,9,0.28125,5328,11.731242284501556,11.665645851274592,56.736673907021164,11.663479858827234,11.761581442503084,11.671587533901729,11.791173796402761,127.02138467443211
7,7000,0.03155818540433925,0.015384615384615385,0.023540222987673602,0.15384615384615385,0.05128205128205128,0.044037202466629996,0.23333333333333334,0.2632268676528614,0.7777777777777778,0.5308641975308642,0.03666323783891274,0.10454545454545455,0.12159385035070498,0.4090909090909091,0.2474747474747475,6,0.2727272727272727,5328,11.718792012449303,11.655821080399374,56.74180007318751,11.662498481580407,11.726825698596182,11.672131911703897,11.762683869246402,126.94055312716307
8,8000,0.11886961722488038,0.06315789473684212,0.12226855607212063,0.47368421052631576,0.15657894736842107,0.08768904592342663,0.25833333333333336,0.2698022441694877,0.9166666666666666,0.4968584656084656,0.1067997186565757,0.13870967741935483,0.17937837081948854,0.6451612903225806,0.288300051203277,9,0.2903225806451613,5328,11.731019706695978,11.664824317548236,56.22965348504633,11.661778976807804,11.749891199821322,11.669707969153963,11.771641520164945,126.47851717523858
9,9000,0.03871483792338732,0.1,0.0919601328824056,0.42857142857142855,0.13174603174603175,0.053976407914764074,0.4,0.46947048919575207,1.0,0.875,0.04210629792147105,0.16666666666666666,0.17585132317426036,0.5555555555555556,0.29691358024691356,2,0.1111111111111111,5328,11.711256345226483,11.657478315692378,56.62398070774115,11.662944535986274,11.72030907126663,11.670078138490553,11.701236295460008,126.74728340986347
10,10000,0.026693665278210557,0.061290322580645165,0.07154162763707543,0.25806451612903225,0.13292370711725549,0.18311476712519867,0.33636363636363636,0.39047865948461824,1.0,0.61010101010101,0.06766109671432649,0.13333333333333333,0.15507275502571757,0.4523809523809524,0.2578987150415722,9,0.21428571428571427,5328,11.713640831482715,11.656395071117826,56.232323106812814,11.66053319232854,11.77529562866749,11.666594442229401,11.786511611350464,126.49129388398926
11,11000,0.07002535700117979,0.15000000000000002,0.19478426669144489,0.5625,0.36934523809523806,0.1008289853215724,0.36,0.4055056037417426,0.9,0.72,0.08187290635517695,0.23076923076923078,0.27583093478771326,0.6923076923076923,0.5042124542124541,7,0.2692307692307692,5328,11.724725436415431,11.668991263259027,57.099755087361466,11.66222760539239,11.741623949288078,11.66685548686648,11.761091374757694,127.32527020334058
12,12000,0.07431623931623932,0.08421052631578947,0.09376148802641289,0.5789473684210527,0.19143692564745196,0.059005273815499464,0.2090909090909091,0.23940407225372623,0.8181818181818182,0.5069264069264069,0.06870221863263469,0.13,0.1471637689097611,0.6666666666666666,0.3071164021164021,8,0.26666666666666666,5328,11.719284607068694,11.657139655413305,57.10370470339977,11.660691380723865,11.751577397850618,11.668648783102597,11.773327653970874,127.33437418152971
13,13000,0.042807641044496456,0.08461538461538462,0.09121259186693974,0.38461538461538464,0.16666666666666666,0.07148963953128194,0.4222222222222223,0.4171522091900618,1.0,0.5444444444444445,0.05454118587999961,0.22272727272727275,0.22455152622639876,0.6363636363636364,0.3212121212121212,8,0.36363636363636365,5328,11.713014257339234,11.656693789158581,56.92449204485633,11.661859389578646,11.726421710790301,11.671502956543158,11.796287968711058,127.1502721169773
14,14000,0.027035768645357686,0.041666666666666664,0.04876750903188495,0.25,0.10357142857142858,0.19725733832483652,0.26,0.3171266835951646,0.9,0.5033333333333333,0.10440920940875714,0.1409090909090909,0.17074895201519394,0.5454545454545454,0.2852813852813853,6,0.2727272727272727,5328,11.730832343504394,11.655832386289191,56.4334182029942,11.662156691288374,11.731790344208116,11.6707806726026,11.759772113355531,126.6445827542424
15,15000,0.013157894736842105,0.025,0.01590519704973793,0.25,0.025,0.02485433848275131,0.27142857142857146,0.3258458273107121,0.8571428571428571,0.6785714285714286,0.0206010862115116,0.18181818181818185,0.21314014357944877,0.6363636363636364,0.44090909090909086,6,0.5454545454545454,5328,11.750644357666658,11.658476687252499,56.62819546667667,11.660881759058705,11.693740577291019,11.678209399038682,11.76426985930075,126.834418106285
16,16000,0.004878048780487805,0.04,0.028403811435525405,0.2,0.03333333333333333,0.03505269829690272,0.34,0.3427577293413223,0.8,0.5,0.019965373538695264,0.19,0.18558077038842385,0.5,0.2666666666666667,3,0.3,5328,11.726630616808869,11.656118774567517,56.41055087680837,11.660532364491175,11.689968222112352,11.72118174561608,11.71715556662692,126.58213816703129
17,17000,0.005233796054691577,0.09,0.0930095496192381,0.3,0.1625,0.05119748546472685,0.4166666666666667,0.3922707263215713,0.8333333333333334,0.4444444444444444,0.0224701795834548,0.2125,0.20523249088261306,0.5,0.26822916666666663,4,0.25,5328,11.718728265049366,11.657033396606648,56.500203865750365,11.660862166913526,11.709200774423934,11.680479348117213,11.734924298998674,126.66143211585974
18,18000,0.03481673554892126,0.10909090909090911,0.09593412690905588,0.5454545454545454,0.14177489177489175,0.06827775407192768,0.31,0.3359565323637043,0.9,0.5092857142857143,0.050750553893210024,0.20476190476190478,0.21023051045888846,0.7142857142857143,0.3167800453514739,7,0.3333333333333333,5328,11.716966529117748,11.655820059400332,57.250155243029376,11.663545238248512,11.72446172641086,11.668420623309455,11.772754286988075,127.45212370650437
19,19000,0.0725999245852187,0.10588235294117646,0.12906827829374332,0.5882352941176471,0.22628384687208214,0.054097247258586854,0.31428571428571433,0.3583993610893654,0.8571428571428571,0.6571428571428571,0.06720331036495109,0.16666666666666666,0.19595651077579976,0.6666666666666666,0.35195105820105815,3,0.125,5328,11.711510999748779,11.655969933396793,56.46102565982393,11.663864661170653,11.736844928409393,11.67885752788745,11.706907188074444,126.61498089851143
20,20000,0.01685823754789272,0.05000000000000001,0.04417909994213212,0.3333333333333333,0.075,0.04834096085216721,0.4333333333333333,0.44153881668111444,0.8333333333333334,0.638888888888889,0.03259959920002996,0.2416666666666667,0.2428589583116233,0.5833333333333334,0.35694444444444445,4,0.3333333333333333,5328,11.72714234235015,11.656014206913937,56.238822204767935,11.661977768093537,11.700458474354306,11.712710579090887,11.739244520722007,126.43637009629276
21,21000,0.006319115323854661,0.13333333333333333,0.17248708330420526,0.3333333333333333,0.3333333333333333,0.05363181027158557,0.44000000000000006,0.45772390064087826,1.0,0.5785714285714285,0.03588954966618648,0.325,0.35076009413962583,0.75,0.48660714285714285,3,0.375,5328,11.721207388856216,11.656271841649964,56.21018586920252,11.660883221571108,11.692040755691135,11.725119616970598,11.715730130734768,126.38143882467632
22,22000,0.02564102564102564,0.1,0.12999919949889363,0.25,0.25,0.06452350097547074,0.2647058823529412,0.2807514559517333,0.8235294117647058,0.494187675070028,0.05711731519748121,0.2333333333333333,0.2520367404369067,0.7142857142857143,0.4476757369614513,13,0.6190476190476191,5328,11.714328496063592,11.658429165460442,56.741703726143676,11.659162564812107,11.696148513850366,11.66822331030411,11.764269926316153,126.90226570295044
23,23000,0.3428571428571428,0.06666666666666667,0.1418794696815998,0.6666666666666666,0.09722222222222221,0.03461836959147134,0.2,0.20010054805468294,0.6666666666666666,0.37003968253968256,0.07865248005799585,0.18095238095238098,0.1917832511442425,0.6666666666666666,0.3310657596371882,8,0.38095238095238093,5328,11.702617632353835,11.655294209380989,57.56292294441159,11.658765129356034,11.721471023440431,11.684503771812981,11.776222979249015,127.76179769000488
24,24000,0.02990338164251207,0.06000000000000001,0.04440598815349084,0.6,0.09,0.07245401028463672,0.2136363636363636,0.22477695338852596,0.6818181818181818,0.3948232323232323,0.06457426423979883,0.18518518518518517,0.1913749227894454,0.6666666666666666,0.3383744855967078,16,0.5925925925925926,5328,11.730874023132241,11.656319643330113,56.48955874118034,11.659397352501832,11.689968237880555,11.670338615468214,11.754900852178116,126.6513574656714
25,25000,0.003968253968253968,0.05,0.08973855254290868,0.25,0.25,0.051080608085368316,0.175,0.1797468697661977,0.75,0.3020833333333333,0.04322854906584927,0.15416666666666665,0.1647454835623162,0.6666666666666666,0.2934027777777778,9,0.375,5328,11.69182014498435,11.655402624505957,57.53135808830032,11.662370147117342,11.723223101273074,11.67419304872559,11.787059520415589,127.72542667532224
26,26000,0.3,0.04,0.12305045097059224,0.4,0.07222222222222222,0.10643126817112376,0.19230769230769235,0.22998270259138562,0.6153846153846154,0.391025641025641,0.16020036034581162,0.15000000000000002,0.20027929936338743,0.5555555555555556,0.3024691358024691,5,0.2777777777777778,5328,11.728085438043705,11.656836138790663,57.1860390781386,11.657490638639079,11.682059543311526,11.674278635256506,11.68854032923593,127.273329801416
27,27000,0.06190476190476191,0.05,0.06146389406020458,0.5,0.15625,0.06062745197015966,0.19999999999999998,0.24078570393889964,0.7894736842105263,0.5394736842105263,0.06084959282835133,0.17391304347826086,0.20959930222086567,0.7391304347826086,0.47282608695652173,10,0.43478260869565216,5328,11.687588903924565,11.662252964803141,57.460737557782274,11.658791663506346,11.682961846345465,11.667367697284007,11.720044360493796,127.5397449941396
28,28000,0.0,0.0,0.0,0.0,0.0,0.055229377715245435,0.21818181818181817,0.24365085304176032,0.5454545454545454,0.42196969696969694,0.05062692957230832,0.20000000000000004,0.2233466152882803,0.5,0.38680555555555557,11,0.4583333333333333,5328,11.692847920530443,11.663036962028354,57.6747803055222,11.663239395798188,11.72504909707512,11.685948221431056,11.791508132633338,127.8964100350187
29,29000,0.0,0.0,0.0,0.0,0.0,0.06570067268668965,0.2352941176470588,0.2418739574035915,0.8823529411764706,0.3948412698412699,0.06570067268668965,0.2352941176470588,0.2418739574035915,0.8823529411764706,0.3948412698412699,8,0.47058823529411764,5328,11.728319786904335,11.656812545432494,56.89935903793091,11.66270114399048,11.705872916528866,11.674303911883218,11.78453334870714,127.11190269137744
30,30000,0.11538461538461538,0.06000000000000001,0.06632771916358357,0.4,0.05833333333333333,0.08411645275043164,0.21764705882352942,0.264366701870971,0.7647058823529411,0.469187675070028,0.09122285334910975,0.18181818181818182,0.21935784216474657,0.6818181818181818,0.37581168831168826,9,0.4090909090909091,5328,11.720513625875125,11.656963566575133,56.76783115685178,11.661064971238075,11.724138574801222,11.690838294687971,11.791344090381767,127.01269428041108
31,31000,0.0,0.0,0.0,0.0,0.0,0.04706618790049325,0.33076923076923076,0.37951585264941723,0.7692307692307693,0.6423076923076922,0.03599179074743602,0.2529411764705882,0.29021800496720135,0.5882352941176471,0.49117647058823527,7,0.4117647058823529,5328,11.732569641964217,11.655931005341568,56.45524783474791,11.661168797780924,11.711288779869127,11.68159731060412,11.777542165289368,126.67534553559722
32,32000,0.012121212121212121,0.06666666666666667,0.05152477985946608,0.3333333333333333,0.06666666666666667,0.08918948235971286,0.27222222222222225,0.29899121251185956,0.8888888888888888,0.5166666666666667,0.07817972946849845,0.24285714285714288,0.2636388649900891,0.8095238095238095,0.4523809523809524,15,0.7142857142857143,5328,11.712062071206342,11.656046598996877,56.6797774601141,11.661112575814606,11.717902639442855,11.671862324576752,11.84349646078057,126.9422601309321
33,33000,0.0024630541871921183,0.014285714285714287,0.011199752711239333,0.14285714285714285,0.023809523809523808,0.07126877072978499,0.195,0.1964977596831127,0.75,0.32666666666666666,0.05343025162614979,0.14814814814814814,0.14845753565336775,0.5925925925925926,0.24814814814814815,12,0.4444444444444444,5328,11.714535797228107,11.657137968201955,56.64549829018095,11.662128324070077,11.733599523090776,11.676112065224682,11.786695805108584,126.87570777310513
34,34000,0.01417718084384751,0.08333333333333333,0.11933844779467111,0.3333333333333333,0.3333333333333333,0.08706160081176055,0.23888888888888887,0.27107517758625066,0.8333333333333334,0.5252204585537918,0.06884049581978229,0.20000000000000004,0.23314099513835576,0.7083333333333334,0.47724867724867726,8,0.3333333333333333,5328,11.729620121588013,11.656518721971272,57.186014763932135,11.700332249410181,11.757614405192781,11.745422821448498,11.761570024799822,127.53709310834272
35,35000,0.017471091000502766,0.08,0.06869457372629362,0.6,0.12333333333333334,0.06994893433972994,0.14400000000000002,0.15679356945191647,0.6,0.32266666666666666,0.061202627116525424,0.13333333333333336,0.142110403497646,0.6,0.2894444444444444,13,0.43333333333333335,5328,11.731257277439004,11.693479240341107,56.823260029395705,11.658783534147615,11.743893339816006,11.677028873077408,11.801222718388523,127.12892501260538
36,36000,0.015873015873015872,0.03333333333333333,0.021206929399650572,0.3333333333333333,0.03333333333333333,0.06085428088411582,0.215,0.21446642979474553,0.75,0.3292857142857143,0.054987159360928885,0.19130434782608696,0.18925866887364617,0.6956521739130435,0.29068322981366457,5,0.21739130434782608,5328,11.71447743865319,11.658753811640173,57.330372769744294,11.662296163257938,11.72688375381762,11.67801928548054,11.689585990006142,127.46038921259989
37,37000,0.04942648814600035,0.15714285714285717,0.16311305492741188,0.5714285714285714,0.3537414965986394,0.08410159668248023,0.195,0.22526532004462912,0.65,0.42472222222222217,0.07511175372857803,0.18518518518518517,0.2091517698290543,0.6296296296296297,0.4063198118753674,11,0.4074074074074074,5328,11.695169534528711,11.655697890352451,56.88072192984797,11.660201399974097,11.694618679099731,11.674639062130183,11.717447285666468,126.97849578159962
38,38000,0.12247383086766028,0.09090909090909091,0.13649600400684025,0.5454545454545454,0.247979797979798,0.05654210534810483,0.20588235294117646,0.23872113921124097,0.8823529411764706,0.5565359477124183,0.08244385465935875,0.16071428571428573,0.198561264666655,0.75,0.43531746031746027,11,0.39285714285714285,5328,11.67878747375395,11.655321732993718,56.80208241764205,11.660358422915621,11.729445216952968,11.666262088623828,11.722632352766105,126.91488970564822
39,39000,0.12000000000000001,0.03333333333333334,0.06471541657238095,0.3333333333333333,0.06216931216931217,0.039974226167312166,0.32499999999999996,0.30462884615214425,0.75,0.3895833333333333,0.08234081231402925,0.17058823529411765,0.17761585402168134,0.5294117647058824,0.21624649859943978,5,0.29411764705882354,5328,11.734173919844029,11.656405754159085,56.87456414958051,11.66254661575522,11.6817457299365,11.674644771880564,11.698638613551887,126.9827195547078
40,40000,0.013020022823944393,0.08888888888888888,0.09428918432266556,0.2222222222222222,0.12698412698412698,0.06224742967893547,0.3,0.3337241962711535,0.7142857142857143,0.5535714285714286,0.04298453134437374,0.21739130434782614,0.24003223507391908,0.5217391304347826,0.38664596273291924,8,0.34782608695652173,5328,11.689249032705538,11.655448640423595,56.52942510117522,11.662850282909144,11.730739447124785,11.681383347984797,11.79700350027301,126.74609935259609
41,41000,0.0487241302573993,0.1,0.1110973030685706,0.4,0.17250000000000001,0.04801588259093963,0.22307692307692312,0.21987309256532248,0.6923076923076923,0.33269230769230773,0.04832381635896558,0.16956521739130434,0.17257927104499557,0.5652173913043478,0.26304347826086955,8,0.34782608695652173,5328,11.732420308541853,11.658578456029064,57.07147012206856,11.662960848767694,11.726622829920547,11.670802994694258,11.805161807846783,127.32801736786875
42,42000,0.02309668218759128,0.07272727272727272,0.07961581906225645,0.36363636363636365,0.17676767676767677,0.03285850621890306,0.2307692307692308,0.21899370452588485,0.5384615384615384,0.26868131868131867,0.028384336871218486,0.15833333333333333,0.1551121736883885,0.4583333333333333,0.2265542328042328,8,0.3333333333333333,5328,11.732977576950354,11.666853216226423,56.87256661033886,11.660578128115835,11.726592006375443,11.671023288324818,11.77616464977365,127.10675547610538
43,43000,0.0935064935064935,0.018181818181818184,0.03403581070575829,0.18181818181818182,0.023088023088023088,0.0847623672929863,0.3555555555555555,0.4086458985838417,0.8888888888888888,0.7361111111111112,0.08957163671041525,0.16999999999999998,0.20261035025089585,0.5,0.3439484126984127,4,0.2,5328,11.711715045830024,11.655585257199647,56.858384417290445,11.66136986633943,11.721659319203527,11.672507037770174,11.74473894232069,127.02595988595394
44,44000,0.019168231269315588,0.1111111111111111,0.09868139855481907,0.3888888888888889,0.15493827160493825,0.0847545501420346,0.22999999999999998,0.26553130692701954,0.7,0.41,0.042591916581000956,0.15357142857142855,0.1582706515448907,0.5,0.24603174603174605,4,0.14285714285714285,5328,11.73268348190256,11.656416223060871,56.93251813721975,11.661632429927488,11.74335229025495,11.680247118854917,11.717119505334079,127.12396918655463
45,45000,0.005952380952380952,0.008333333333333333,0.009170490262420007,0.08333333333333333,0.027777777777777776,0.06639057804337309,0.2733333333333333,0.3132814851267479,0.7333333333333333,0.5373015873015873,0.03952915711404325,0.15555555555555553,0.17812104296482442,0.4444444444444444,0.3108465608465608,9,0.3333333333333333,5328,11.71320894491866,11.667985874793189,56.09756185677699,11.661420720440741,11.749226859173941,11.672739258191886,11.779212916986081,126.3413564312815
46,46000,0.020630177204571668,0.029411764705882353,0.022808846218696083,0.17647058823529413,0.03676470588235294,0.05128726346826799,0.1933333333333333,0.21084192668075435,0.6666666666666666,0.41555555555555557,0.03500068639067932,0.10625000000000001,0.11094935268528591,0.40625,0.21432291666666664,7,0.21875,5328,11.719068573117983,11.656083114498436,56.36480193494005,11.662027576292768,11.748982134908784,11.674211535444256,11.793227381322497,126.61840225052478
47,47000,0.020833333333333332,0.0125,0.01304103910567388,0.0625,0.010416666666666666,0.052614802121823845,0.35000000000000003,0.36984404716740166,0.8333333333333334,0.5875,0.03445396281411498,0.15714285714285717,0.16595661398927156,0.39285714285714285,0.25773809523809527,6,0.21428571428571427,5328,11.729298511129263,11.65605161332524,56.37689825510172,11.661147096621825,11.748810068168588,11.681693077182816,11.757658205139958,126.61155682666941
48,48000,0.044101169879716594,0.03529411764705883,0.049321674917104937,0.29411764705882354,0.09010270774976659,0.11079702419505749,0.2,0.2276730992839395,0.6363636363636364,0.39848484848484844,0.08172447231401146,0.1282051282051282,0.14993017071378084,0.48717948717948717,0.2640618640618641,11,0.28205128205128205,5328,11.714466725151057,11.655917022779064,56.80133547397715,11.661879941398007,11.782639021087892,11.6793569145731,11.789107372671415,127.08470247163768
49,49000,0.033582089552238806,0.04375,0.06758737280587922,0.1875,0.140625,0.06477391351746653,0.27142857142857146,0.29278136199291876,0.6428571428571429,0.5178571428571429,0.04813827406934508,0.15,0.1726779010931643,0.4,0.31666666666666665,5,0.16666666666666666,5328,11.717875793867613,11.655955402883714,56.873734240849366,11.657844026535281,11.722836394297172,11.676901099141011,11.74416520547273,127.04931216304688
50,50000,0.14834001782531195,0.05,0.11243533455768483,0.375,0.1220238095238095,0.09845673178276426,0.3,0.3492933211642583,0.6363636363636364,0.5681818181818182,0.11946022064278435,0.19473684210526315,0.24956364259306948,0.5263157894736842,0.38032581453634084,5,0.2631578947368421,5328,11.732715219600967,11.655987195771482,56.94091752553483,11.661030612055908,11.724037811256146,11.67065434130518,11.743584269052233,127.12892697457676
51,51000,0.10505510929774604,0.049999999999999996,0.09019934461232144,0.4166666666666667,0.26666666666666666,0.06853050594791722,0.3,0.3254508009286722,0.8235294117647058,0.5573529411764707,0.08364413492026018,0.196551724137931,0.22810537072880288,0.6551724137931034,0.4370689655172414,8,0.27586206896551724,5328,11.686652560684644,11.651086088628956,55.94355037863343,11.661109493106038,11.74517275690911,11.67714471218481,11.779442038373743,126.14415802852074
52,52000,0.006808278867102397,0.041666666666666664,0.03558017295487697,0.16666666666666666,0.048611111111111105,0.059488489467185185,0.24375,0.2524279633957667,0.75,0.3866319444444445,0.03691125635286398,0.1571428571428571,0.15949319606395676,0.5,0.24176587301587302,4,0.14285714285714285,5328,11.714243164473274,11.656611412549575,57.6659340179508,11.664081183938684,11.747363016811375,11.677775394620776,11.743372802847443,127.86938099319194
53,53000,0.09444444444444444,0.03333333333333333,0.04446505428610514,0.3333333333333333,0.044642857142857144,0.03941373587701228,0.2785714285714285,0.2905630355656762,0.7142857142857143,0.4722222222222222,0.055922948447241924,0.205,0.21673364118180488,0.6,0.3439484126984127,5,0.25,5328,11.715113863719484,11.65715412679378,56.64110551330086,11.66152520136899,11.719103633992326,11.678229592580399,11.753399547179827,126.82563147893566
54,54000,0.007142857142857143,0.025,0.026528295746614323,0.125,0.0625,0.05315289967673666,0.3166666666666667,0.3459138997745544,0.75,0.5952380952380952,0.034748882663184856,0.2,0.21815965816337837,0.5,0.3821428571428571,8,0.4,5328,11.737400381376869,11.65753129726832,55.94373324071134,11.660984036363821,11.718545695428052,11.683763427789915,11.788279259728613,126.19023733866692
55,55000,0.040405701754385966,0.03125,0.06730556977788378,0.1875,0.1375,0.017669656550589444,0.13846153846153847,0.1603925711952641,0.46153846153846156,0.36538461538461536,0.03021368149061511,0.0793103448275862,0.10903422558567494,0.3103448275862069,0.2396551724137931,5,0.1724137931034483,5328,11.711381701983575,11.656504286486346,57.10003615553259,11.663454933898143,11.748646912552834,11.676670635122482,11.815149460507428,127.37184408608339
56,56000,0.015895278167367927,0.04000000000000001,0.04198195542937388,0.13333333333333333,0.07777777777777778,0.05641196570369124,0.38888888888888895,0.38522290123592434,1.0,0.5,0.031089035993489167,0.1708333333333333,0.1706973101068303,0.4583333333333333,0.23611111111111108,7,0.2916666666666667,5328,11.753781004153474,11.735762881968231,57.31484137733948,11.719727830846253,11.770113011111242,11.674737568442666,11.785090076207178,127.75405375006854
57,57000,0.030288771752186385,0.07222222222222223,0.06217187534796584,0.3333333333333333,0.0912037037037037,0.0621042862404901,0.25000000000000006,0.27408727017739315,0.7142857142857143,0.5416666666666666,0.04420805934081927,0.15000000000000002,0.15488486058584028,0.5,0.28828125,9,0.28125,5328,11.710800400138375,11.667775075877538,57.41498959053668,11.661652057551667,11.761425631732006,11.67139586595676,11.787244641404438,127.67528326319746
58,58000,0.050571895424836595,0.03333333333333333,0.0446316598902373,0.25,0.06666666666666667,0.03433616572625861,0.22666666666666666,0.23936860821021538,0.6,0.41888888888888887,0.04155204559229327,0.14074074074074075,0.15281885340133627,0.4444444444444444,0.2623456790123457,10,0.37037037037037035,5328,11.710115991716945,11.657309265000748,56.84976644974079,11.66182978898974,11.745917219000042,11.679025508460478,11.787734614540287,127.09169883744903
59,59000,0.05555567355299737,0.061111111111111116,0.08721573096910157,0.3333333333333333,0.18148148148148147,0.048556283233168074,0.1888888888888889,0.21519722129752525,0.5555555555555556,0.39814814814814814,0.0532225434463876,0.10370370370370373,0.1298762277452428,0.4074074074074074,0.2537037037037037,4,0.14814814814814814,5328,11.730648074846986,11.658199505234709,57.92181180438831,11.661080183729931,11.75185648513103,11.694966418778797,11.745818556584998,128.16438102869475
60,60000,0.04507079362170088,0.03125,0.06140521539998312,0.25,0.11631944444444445,0.04394815125766714,0.16470588235294117,0.189172434908809,0.6470588235294118,0.39925303454715216,0.044492462706895615,0.1,0.127224692116651,0.45454545454545453,0.26207311207311207,10,0.30303030303030304,5328,11.71898041240748,11.655921998625189,56.21614292937449,11.661524736203758,11.753070200778982,11.67248287127845,11.782549961359551,126.4606731100279
61,61000,0.022044578515166748,0.05999999999999999,0.05144863224484985,0.3333333333333333,0.08833333333333333,0.0553252812089971,0.29,0.30734540732155063,0.8,0.46845238095238095,0.03535685959269889,0.152,0.15380734227553014,0.52,0.2403809523809524,4,0.16,5328,11.715429342031362,11.67097774119885,56.043889446336436,11.663394914856323,11.738654686777734,11.68526352523895,11.720867924391865,126.23847758083153
62,62000,0.07113212874082439,0.02727272727272727,0.08428022390613453,0.22727272727272727,0.15151515151515152,0.07247770100196733,0.19999999999999998,0.21402080618150568,0.6428571428571429,0.33571428571428574,0.07165540684237998,0.09444444444444446,0.1347348947910011,0.3888888888888889,0.22314814814814815,7,0.19444444444444445,5328,11.725686826788776,11.657802808130723,57.36410164651137,11.663021173991678,11.763515577025222,11.67643983019176,11.774167254259908,127.62473511689943
63,63000,0.054135338345864654,0.01578947368421053,0.026639298052206568,0.10526315789473684,0.032163742690058485,0.11724127039250584,0.2615384615384615,0.34031299565181805,0.7692307692307693,0.6217948717948717,0.07977212323981264,0.115625,0.15406923770204872,0.375,0.2717013888888889,7,0.21875,5328,11.733047035411905,11.663023365790504,56.26767038323724,11.661201524942182,11.747528686727529,11.665343966673833,11.700081872097549,126.43789683488075
64,64000,0.06537771537771538,0.05,0.07141628267979466,0.2727272727272727,0.1318181818181818,0.03890111345506347,0.225,0.23567277049737667,0.6666666666666666,0.37996031746031744,0.05603303234619117,0.11176470588235295,0.1293891607330589,0.4117647058823529,0.21939775910364145,7,0.20588235294117646,5328,11.714334527448619,11.653940202938431,56.12091582467109,11.660157243900334,11.746759074155941,11.672450845807633,11.780097501792527,126.34865522071458
65,65000,0.0307161753590325,0.05833333333333334,0.05887115449717701,0.3333333333333333,0.13425925925925927,0.03498289012855405,0.22000000000000003,0.25357795311845266,0.7333333333333333,0.4895238095238096,0.03308657245321113,0.14814814814814814,0.16704159817566352,0.5555555555555556,0.33162845385067613,6,0.2222222222222222,5328,11.711039278451338,11.657615464649718,56.07767254180857,11.662657934834176,11.742883487689607,11.681610086888492,11.775016761880405,126.3084955562023
66,66000,0.05009740259740259,0.016666666666666666,0.023070210376888594,0.16666666666666666,0.03159722222222222,0.03783172492442155,0.1733333333333333,0.18740203837021235,0.5333333333333333,0.3138888888888889,0.04537983426164066,0.07692307692307693,0.08627475960509003,0.3076923076923077,0.14017094017094017,8,0.20512820512820512,5328,11.727399275395303,11.65841016068439,56.87835489554156,11.661952130623959,11.77002502977635,11.671408906361453,11.77183667291047,127.13938707129348
67,67000,0.02107864357864358,0.06000000000000001,0.06107801361385494,0.4,0.12916666666666665,0.03997241813933738,0.3375,0.3374021703906749,0.625,0.36875,0.029475876716729712,0.18333333333333335,0.18388874995910826,0.5,0.23564814814814813,3,0.16666666666666666,5328,11.713923202781585,11.656590723873109,56.549105739685594,11.666180765800352,11.719093668410146,11.678141327174998,11.725784279506545,126.70881970723231
68,68000,0.025074033109747394,0.09,0.09942099514404901,0.4,0.19583333333333333,0.04197603472653505,0.27,0.30007141657315506,0.6,0.5142857142857142,0.033525033918141225,0.18,0.19974620585860203,0.5,0.3550595238095238,6,0.3,5328,11.721599350018527,11.657957243116357,56.40191684292556,11.66143576528285,11.72263615687591,11.680943421778222,11.766820132833033,126.61330891283046
69,69000,0.00816221469086731,0.0411764705882353,0.03141843411379577,0.17647058823529413,0.03725490196078431,0.04415480379809349,0.18461538461538465,0.21517906766464748,0.7692307692307693,0.4897435897435897,0.02375900330399865,0.10333333333333335,0.11104804198583151,0.43333333333333335,0.2333333333333333,5,0.16666666666666666,5328,11.727650736832047,11.655776948163096,56.68708407211703,11.662589384568017,11.754885277014127,11.67987848422862,11.745809978614199,126.91367488153715
70,70000,0.015656565656565657,0.049999999999999996,0.04246159762940479,0.35714285714285715,0.07596371882086166,0.044709944978237666,0.18000000000000002,0.1920163787040011,0.4666666666666667,0.3055555555555555,0.030684175650533937,0.11724137931034484,0.11981751887488562,0.41379310344827586,0.19471811713191023,4,0.13793103448275862,5328,11.713020631685596,11.65644410272733,56.365851454796484,11.660192751434748,11.748914375678265,11.679524024086826,11.735931110557276,126.55987845096654
71,71000,0.1013888888888889,0.020000000000000004,0.05556662296729121,0.2,0.047222222222222214,0.032658834599799125,0.23076923076923078,0.281915849263486,0.6153846153846154,0.5769230769230769,0.06947850654038293,0.11785714285714285,0.16065733517623879,0.39285714285714285,0.29315476190476186,9,0.32142857142857145,5328,11.713992843592063,11.655353182919715,55.96742013667076,11.660674048237507,11.740656439487504,11.679002986753757,11.781467161809875,126.1985667994712
72,72000,0.009563810414621654,0.04736842105263158,0.0423626306019121,0.15789473684210525,0.06315789473684211,0.09112151892630224,0.18823529411764708,0.24989431588274058,0.6470588235294118,0.5078431372549019,0.048077172767359705,0.11388888888888887,0.1403637042067478,0.3888888888888889,0.27314814814814814,7,0.19444444444444445,5328,11.731014373059235,11.656769919704892,56.019650187557474,11.660793457296537,11.761377000835822,11.67241589531201,11.778644769861248,126.28066560362721
73,73000,0.0327485380116959,0.04,0.06511542882944164,0.2,0.2,0.060608927785057706,0.3,0.3468490670026002,0.75,0.625,0.04989339325684164,0.19999999999999998,0.23848997539753924,0.5384615384615384,0.46153846153846156,10,0.38461538461538464,5328,11.711019903120137,11.65616105733465,56.15871327521553,11.659240662891326,11.727612008016752,11.668277813523323,11.799983221530072,126.38100794163178
74,74000,0.024960753532182103,0.07692307692307693,0.08271778327830245,0.3076923076923077,0.13931623931623932,0.06661567827981724,0.3076923076923077,0.3080930579765405,0.9230769230769231,0.42197802197802203,0.04578821590599967,0.19230769230769224,0.19540542062742153,0.6153846153846154,0.28064713064713065,8,0.3076923076923077,5328,11.710809053006727,11.65670457576283,57.116188709701795,11.662443996853996,11.741817465934362,11.67387611719986,11.782071980034893,127.34391189849444
75,75000,0.09183673469387754,0.049999999999999996,0.07313613049350133,0.14285714285714285,0.08035714285714286,0.0332880284303874,0.19444444444444445,0.22522998391922433,0.6111111111111112,0.4666666666666667,0.05890308742066434,0.13125,0.1586889230454705,0.40625,0.29765625,7,0.21875,5328,11.712969715759607,11.6557388722318,56.09851825573963,11.66252155973893,11.75883386186384,11.687750432224849,11.777823614573386,126.35415631213203
76,76000,0.08813626460685284,0.058823529411764705,0.07638251473971246,0.23529411764705882,0.06568627450980392,0.05841566537107235,0.19999999999999998,0.19431760681581983,0.5714285714285714,0.21683673469387754,0.07471405850037133,0.12258064516129032,0.1296435240644061,0.3870967741935484,0.13394777265745006,7,0.22580645161290322,5328,11.726796377394683,11.656451228745853,57.243839164531494,11.66338431516159,11.7546527437333,11.681700927940186,11.788387675529254,127.51521243303637
77,77000,0.022026446919817245,0.01935483870967742,0.0212310782719408,0.12903225806451613,0.028853046594982078,0.07036278369808592,0.1653846153846154,0.1783072075766737,0.6153846153846154,0.33466117216117214,0.044074600537974885,0.08596491228070176,0.092879839007433,0.3508771929824561,0.16834447229184074,14,0.24561403508771928,5328,11.733351274450381,11.656161967955187,56.45349196558083,11.661428917023041,11.830013074559664,11.708953805552799,11.801830665267993,126.8452316703899
78,78000,0.0820393374741201,0.03043478260869565,0.07526920349792007,0.17391304347826086,0.08152173913043478,0.1102188123239455,0.25,0.2633387035556891,0.7222222222222222,0.4052469135802469,0.09441081423745806,0.12682926829268293,0.15783630108425772,0.4146341463414634,0.2236449864498645,10,0.24390243902439024,5328,11.727157848072725,11.709897404229425,57.58369948487968,11.661062822803867,11.76091964586075,11.668061155224382,11.782406608975768,127.8932049700466
79,79000,0.018781512605042017,0.016,0.016880518482010873,0.12,0.034666666666666665,0.05306269094056931,0.125,0.15481187950289296,0.5833333333333334,0.35462962962962963,0.03557229383060641,0.06938775510204082,0.08443873612489189,0.3469387755102041,0.1913832199546485,13,0.2653061224489796,5328,11.710560573191877,11.660086652515167,57.077756061748794,11.663147068307483,11.794650204169018,11.674466810517037,11.73933695502137,127.32000432547075
80,80000,0.0,0.0,0.0,0.0,0.0,0.03244789520558608,0.15909090909090906,0.1823330617933685,0.4090909090909091,0.356060606060606,0.02039581984351125,0.09999999999999999,0.1146093531272602,0.2571428571428571,0.2238095238095238,11,0.3142857142857143,5328,11.691684064949955,11.664721885372431,56.83886942074896,11.66210157704621,11.766492033840613,11.679785813775712,11.83164160452159,127.13529640025547
81,81000,0.0625,0.00625,0.024178300452158852,0.0625,0.0125,0.0481737366356402,0.22941176470588234,0.25064293406632004,0.7647058823529411,0.4956582633053221,0.05511980372139041,0.12121212121212122,0.14084189958672674,0.42424242424242425,0.2613997113997114,9,0.2727272727272727,5328,11.71952975108012,11.667344819799377,56.749797449540466,11.659854282483964,11.751395360148214,11.68728364884554,11.786649435255313,127.02185474715299
82,82000,0.006053268765133172,0.03571428571428571,0.04032458281217287,0.07142857142857142,0.07142857142857142,0.03848918351963281,0.2545454545454546,0.2651464112900799,0.6363636363636364,0.4318181818181818,0.020325071257113015,0.132,0.13924618734245195,0.32,0.23,5,0.2,5328,11.711725396813117,11.656208474705027,55.89921530198619,11.66197730956449,11.737865899922456,11.698413031878754,11.74507088169685,126.11047629656689
83,83000,0.04487179487179487,0.03636363636363637,0.0335667607725223,0.2727272727272727,0.039502164502164504,0.039876272379206074,0.18888888888888888,0.19577910851555533,0.5555555555555556,0.2972222222222222,0.041771125738463886,0.1310344827586207,0.13425028695785313,0.4482758620689655,0.1994663382594417,6,0.20689655172413793,5328,11.727660841912012,11.65629287156432,57.37466381774276,11.656951101713526,11.735838006473806,11.680108855530516,11.777591307710402,127.60910680264735
84,84000,0.05263157894736842,0.005263157894736842,0.05263157894736842,0.05263157894736842,0.05263157894736842,0.03630465557175141,0.25,0.30527053740716864,0.6666666666666666,0.6041666666666666,0.04631147957616184,0.10000000000000002,0.15042730480277494,0.2903225806451613,0.2661290322580645,6,0.1935483870967742,5328,11.686983194937259,11.654747577690555,56.70801863105236,11.658923486711908,11.697881678715897,11.66579222076046,11.726586981909357,126.79893377177783
85,85000,0.0,0.0,0.0,0.0,0.0,0.07318502939521708,0.3266666666666666,0.34138273961556664,0.8666666666666667,0.5629629629629629,0.052275020996583633,0.2333333333333333,0.24384481401111904,0.6190476190476191,0.40211640211640204,10,0.47619047619047616,5328,11.681316957650594,11.654558668985903,55.87745129528171,11.661886288150125,11.71929905873989,11.670548905806308,11.791791047937803,126.05685222255235
86,86000,0.011363636363636364,0.004545454545454546,0.006864528101263875,0.045454545454545456,0.009090909090909092,0.03471677912211589,0.2692307692307693,0.2692080717182131,0.7692307692307693,0.36739926739926737,0.0200376608167859,0.10285714285714286,0.10430641573041642,0.3142857142857143,0.14217687074829932,6,0.17142857142857143,5328,11.712270839899647,11.664763765940888,57.014615665837084,11.66026979032564,11.763798248380294,11.681646700942295,11.708418299593779,127.20578331091963
87,87000,0.09474025974025974,0.045,0.06617564028963648,0.25,0.08589285714285713,0.08678951339446152,0.3571428571428571,0.37235609446830364,0.8571428571428571,0.597704081632653,0.09146642300963692,0.17352941176470588,0.1922499449514406,0.5,0.2966386554621849,8,0.23529411764705882,5328,11.731052034686524,11.716604258325825,56.02277869434617,11.661465591906659,11.754920625658277,11.679320084443875,11.776475225598256,126.34261651496558
88,88000,0.02092592592592592,0.016666666666666666,0.02064113710741339,0.13333333333333333,0.053703703703703705,0.06808851447739975,0.20666666666666664,0.2129149272384439,0.8,0.37470899470899466,0.0366467887764172,0.08,0.08473240048442358,0.35555555555555557,0.160705467372134,8,0.17777777777777778,5328,11.717101979037691,11.669706382612736,56.45743793237894,11.662537721059477,11.79327699544,11.677188435409505,11.769805913568534,126.74705535950687
89,89000,0.015821469091120983,0.06470588235294118,0.0671619667303743,0.2647058823529412,0.13018207282913163,0.036461412151067324,0.15555555555555556,0.14976797904045341,0.4444444444444444,0.2175925925925926,0.02014145717343533,0.08372093023255814,0.08445159721387924,0.3023255813953488,0.14847729789590255,2,0.046511627906976744,5328,11.712761510783778,11.656390313025469,56.65772470210897,11.66138341652384,11.791477281489215,11.662792568745834,11.701491091899163,126.84402088457628
90,90000,0.006288203540525522,0.010526315789473684,0.009446163425569334,0.10526315789473684,0.02412280701754386,0.008476302709769103,0.14615384615384613,0.1566328910864866,0.3076923076923077,0.2692307692307692,0.006845954309156239,0.04509803921568628,0.04696434890776392,0.1568627450980392,0.08660130718954247,1,0.0196078431372549,5328,11.716045008436371,11.672120475725647,56.18984979399548,11.660084094635911,11.789859297915706,11.679256510493952,11.6572598297688,126.36447501097187
91,91000,0.01126069600334306,0.008333333333333333,0.01736592747753668,0.08333333333333333,0.029861111111111116,0.1107182249084156,0.16249999999999998,0.1735065882376996,0.5625,0.22291666666666665,0.036125078229611196,0.046875,0.05640109266757741,0.203125,0.078125,0,0.0,5328,11.71588091481747,11.655886699020805,11.658075616385876,11.660012418665197,11.799022984225472,11.676951192973739,11.657395108914322,81.82322493500288
92,92000,0.02186364010491917,0.020930232558139538,0.030700061598318593,0.16279069767441862,0.07441860465116279,0.02927577564601158,0.07777777777777778,0.06477104294538828,0.3333333333333333,0.08796296296296297,0.023146509717800554,0.030769230769230774,0.03659696221608065,0.19230769230769232,0.07676282051282052,0,0.0,5328,11.711534943951301,11.65573399587727,56.44011776173921,11.662159031136307,11.790215516538014,11.670702842934977,11.65785834685712,126.5883224390342
93,93000,0.058621167720214015,0.0625,0.10383348895364669,0.34375,0.21279761904761904,0.09579960814216883,0.05789473684210527,0.07264478634736303,0.47368421052631576,0.11812865497076024,0.0724719592499619,0.060784313725490195,0.09221416837483513,0.39215686274509803,0.17752878929349517,1,0.0196078431372549,5328,11.734557082280702,11.668759894611913,56.03038988638391,11.661570842860444,11.793059846849225,11.671329208914894,11.658129535730561,126.21779629763166
94,94000,0.015943096478115384,0.043076923076923075,0.04277753587428566,0.15384615384615385,0.06736874236874237,0.014343936430800838,0.0375,0.03289477668028507,0.25,0.055803571428571425,0.01562721301197918,0.041975308641975316,0.040825385910038633,0.1728395061728395,0.06508426415833823,1,0.012345679012345678,5328,11.712972077066938,11.667123639076335,56.355108298747695,11.66013805384801,11.838312042567258,11.681497120916845,11.662811884829289,126.57796311705238
95,95000,0.0369618919856732,0.041379310344827586,0.050256697308981496,0.22413793103448276,0.0971264367816092,0.05871526930321104,0.10555555555555556,0.09959850318995025,0.5555555555555556,0.1267636684303351,0.04211400766614269,0.05657894736842105,0.06194291449131619,0.3026315789473684,0.10414578111946533,1,0.013157894736842105,5328,11.735568674576744,11.678490737510733,58.91103218996427,11.664048358225182,11.788388716522935,11.669786391447362,11.66062642899042,129.10794149723765
96,96000,0.01984633303993351,0.03333333333333333,0.04203798641438427,0.2222222222222222,0.11131687242798353,0.04409082950997781,0.08125,0.09358016994098178,0.25,0.16666666666666666,0.025387932233086493,0.04428571428571428,0.053819056934749414,0.22857142857142856,0.12396825396825396,0,0.0,5328,11.700940184884711,11.655462189357271,11.657412944154553,11.658195742988987,11.840409980805322,11.679767979798362,11.660825383350351,81.85301440533955
97,97000,0.04655674085706126,0.06507936507936507,0.08466732044574185,0.23809523809523808,0.12607709750566895,0.05863095238095238,0.04000000000000001,0.05533124082029094,0.2,0.10833333333333334,0.04887870461165571,0.06025641025641026,0.07902576667161669,0.23076923076923078,0.12266483516483517,2,0.02564102564102564,5328,11.696711238335864,11.674702764887662,58.91113485161602,11.66127633382176,11.864020986681462,11.665618560243937,11.662426404563526,129.13589114015025
98,98000,0.0680729626983497,0.032,0.060824605575888535,0.24,0.09651322751322751,0.03039772727272727,0.10500000000000001,0.11160190968159767,0.3,0.16666666666666666,0.06014133418769233,0.04736842105263158,0.07151456433498521,0.25263157894736843,0.11128237259816207,1,0.010526315789473684,5328,11.73959654672714,11.66821138438856,57.27705666614367,11.662077159791535,11.861528668716605,11.686710965727599,11.65780843742116,127.55298982891628
99,99000,0.028027734084792616,0.02857142857142857,0.0358330570675468,0.22857142857142856,0.06931972789115647,0.008031298447898799,0.10000000000000002,0.1092707296049907,0.25,0.17592592592592593,0.02292226115622398,0.04680851063829788,0.054583101119660145,0.23404255319148937,0.09653833164471462,2,0.0425531914893617,5328,11.712691398482397,11.67945609399472,58.479686170372425,11.663669583323113,11.802998850405158,11.675812144380446,11.663514306155253,128.6778285471135
100,100000,0.026137035063647607,0.03333333333333333,0.036286899202610155,0.2222222222222222,0.06697530864197532,0.024539473684210524,0.03125,0.03623642332527637,0.1875,0.10069444444444445,0.02564547771612851,0.032692307692307694,0.03627136816343053,0.21153846153846154,0.07735042735042735,0,0.0,5328,11.713293217540526,11.65938695699316,11.692314351524624,11.723903416808318,11.8686762197312,11.77432018017316,11.71648537789255,82.14837972066354
101,101000,0.05640224938900952,0.03194444444444444,0.04341076742763071,0.2361111111111111,0.061921296296296294,0.08932387057387056,0.05,0.05632629186418939,0.25,0.060069444444444446,0.062387998695347884,0.035227272727272725,0.045759044597914106,0.23863636363636365,0.06158459595959596,0,0.0,5328,11.726404558015657,11.709583996462673,11.691659253727435,11.660447714924304,11.83220274452064,11.666421109886999,11.653508378227025,81.94022775576474
102,102000,0.06750367301775825,0.0509433962264151,0.08013143458749063,0.2641509433962264,0.12127882599580714,0.023809523809523808,0.15714285714285717,0.1866111333725369,0.2857142857142857,0.2857142857142857,0.06240602227679757,0.06333333333333332,0.09255406611241271,0.26666666666666666,0.14046296296296296,0,0.0,5328,11.68091202690541,11.652051326808271,11.658156337940317,11.659417520192699,11.809922348246168,11.663840314875273,11.659492963745146,81.78379283871328
103,103000,0.026416536290646855,0.031746031746031744,0.04131738355101109,0.1746031746031746,0.08698664651045604,0.02300800165027251,0.049999999999999996,0.051460216980937265,0.35714285714285715,0.12131519274376416,0.0257968027196697,0.03506493506493507,0.04316153508372494,0.2077922077922078,0.09322820037105752,1,0.012987012987012988,5328,11.71253111080517,11.668678498513717,58.54979893400204,11.66248894174382,11.84381854033717,11.67003551670598,11.65821037993689,128.76556192204478
104,104000,0.038422041415939204,0.03333333333333333,0.03619772856152602,0.16666666666666666,0.05343915343915343,0.006503128316853807,0.049999999999999996,0.05573821591738548,0.3333333333333333,0.15357142857142855,0.03203825879612212,0.03666666666666666,0.040105826032697904,0.2,0.07346560846560847,1,0.016666666666666666,5328,11.756584893220582,11.67296889838937,56.888132359246555,11.663251813353453,11.801000885635835,11.675915801413057,11.657005056982598,127.11485970824144
105,105000,0.024464307151532638,0.032432432432432434,0.03884019756251511,0.1891891891891892,0.07447447447447447,0.05480056453183853,0.13076923076923078,0.14630350934107964,0.3076923076923077,0.20512820512820515,0.03235173407041217,0.05800000000000001,0.06678065862494188,0.22,0.10844444444444445,0,0.0,5328,11.711681266133104,11.658472433746098,11.656464451751877,11.660826864321946,11.80694503810989,11.696772124343905,11.65733033389564,81.84849251230247
106,106000,0.06517660729727578,0.0348314606741573,0.06609418112215387,0.23595505617977527,0.10687979311574816,0.014926941454033582,0.047058823529411764,0.050842032624049044,0.17647058823529413,0.10784313725490195,0.05711769862430297,0.036792452830188685,0.06364808183472197,0.22641509433962265,0.10703429170410302,3,0.02830188679245283,5328,11.71241957463598,11.684412725500998,56.78905238678221,11.663331303469333,11.858611622018664,11.6675299405445,11.66004154380673,127.03539909675841
107,107000,0.035051931092420885,0.025000000000000005,0.03605630730853002,0.16666666666666666,0.07243165784832452,0.03235950264702139,0.0625,0.05206244969299767,0.4375,0.09970238095238096,0.03456239864780279,0.031818181818181815,0.038966515014796865,0.2159090909090909,0.07738997113997113,1,0.011363636363636364,5328,11.731208847766405,11.666789224418912,56.355916482474235,11.661561277121619,11.827537280352866,11.672893205050618,11.65877887195424,126.5746851891389
108,108000,0.045564297378038736,0.04375,0.06151418056668936,0.1875,0.08250992063492063,0.11307749344081523,0.07647058823529412,0.10189320523032369,0.47058823529411764,0.18218954248366015,0.05739650699728823,0.04948453608247423,0.06859091684794485,0.23711340206185566,0.09997954508263786,1,0.010309278350515464,5328,11.713754848303656,11.667140499358602,56.70441879180449,11.658482805362858,11.818639727005989,11.657436519024039,11.65448241089405,126.8743556017537
109,109000,0.06914865414597525,0.05096153846153846,0.08192008494826021,0.22115384615384615,0.119253663003663,0.0,0.0,0.0,0.0,0.0,0.059433553976706,0.04380165289256198,0.07041065152577737,0.19008264462809918,0.10249901613537976,0,0.0,5328,11.714230882239885,11.655687175775656,56.31517647740336,11.660587896592661,11.893085695463546,11.659335880804742,11.651935960593427,126.55003996887328
110,110000,0.026200340126490564,0.031034482758620693,0.036042902367228104,0.20689655172413793,0.07768199233716473,0.021781789638932497,0.05714285714285715,0.04672503248914543,0.14285714285714285,0.047619047619047616,0.025341177531687607,0.036111111111111115,0.03811998322426759,0.19444444444444445,0.07183641975308641,1,0.013888888888888888,5328,11.685832528049097,11.65890063052448,56.26822453693413,11.652242620441983,11.801771713417647,11.66138870942017,11.674939365814014,126.40330010460151
111,111000,0.02732824053874427,0.04,0.04494404085627519,0.17142857142857143,0.06765873015873017,0.021880127153404427,0.03125,0.031744490728089284,0.1875,0.05208333333333333,0.02631463804844849,0.03837209302325582,0.0424883105998685,0.1744186046511628,0.0647609819121447,1,0.011627906976744186,5328,11.677946478378178,11.668027044517068,57.02384787104227,11.662497137332126,11.826671929279081,11.666435107237152,11.65791992747793,127.18334549526381
112,112000,0.040781341648469964,0.040740740740740744,0.05987663078614447,0.2962962962962963,0.13774250440917107,0.006530612244897959,0.09,0.08396942089107673,0.2,0.1,0.03542966517916184,0.048437499999999994,0.06364112924004013,0.28125,0.1318452380952381,0,0.0,5328,11.69340613863673,11.650753948398707,11.65644834835028,11.659756297476703,11.820271825571659,11.673118453079182,11.656970268112895,81.81072527962615
113,113000,0.06645224704882823,0.037349397590361454,0.058933804702159365,0.2289156626506024,0.09465959074392809,0.08785834048991945,0.0818181818181818,0.1065803084145791,0.36363636363636365,0.20454545454545456,0.06895721543023252,0.0425531914893617,0.0645094593919106,0.24468085106382978,0.10751857480580884,0,0.0,5328,11.710576458372202,11.655413173515539,11.655825838492381,11.654554705791547,11.8485072369591,11.671173564098414,11.658935797831047,81.85498677506024
114,114000,0.042115046233704004,0.024242424242424246,0.03315413820501952,0.15151515151515152,0.04977152477152477,0.03191795914908043,0.1,0.10953958013769699,0.2777777777777778,0.18015873015873016,0.04054626360530038,0.0358974358974359,0.04490574465620067,0.17094017094017094,0.06983109483109484,1,0.008547008547008548,5328,11.710116042961543,11.66975485504887,58.64481219567015,11.660943259474143,11.851953120459516,11.669995894842897,11.661140820828573,128.8687161892857
115,115000,0.02928131565265785,0.02989690721649485,0.036549239680326605,0.16494845360824742,0.06265750286368843,0.014904379157427938,0.0375,0.03333485489089585,0.1875,0.050694444444444445,0.027245643228554505,0.030973451327433628,0.03609410555084968,0.168141592920354,0.060963618485742374,0,0.0,5328,11.71072452295363,11.65584650682401,11.658372090677174,11.657687196572203,11.82983521484833,11.664337063024831,11.658456716622315,81.83525931152249
116,116000,0.026837096724088613,0.02441860465116279,0.03301505506813175,0.11627906976744186,0.04422757475083056,0.0006253908692933084,0.007692307692307693,0.007291412643811598,0.07692307692307693,0.019230769230769232,0.023395155551236706,0.022222222222222223,0.029637203032614964,0.1111111111111111,0.04094516594516595,0,0.0,5328,11.704756081476475,11.659563929098532,62.05114530125414,11.661094207250992,11.845373220378125,11.667215184960057,11.658456752144247,132.24760467656256
117,117000,0.027290996557839654,0.030337078651685397,0.03422491045507584,0.15730337078651685,0.05433832709113607,0.05075757575757576,0.041666666666666664,0.049276924696501016,0.3333333333333333,0.08690476190476189,0.03007910497761028,0.031683168316831684,0.036013268582769924,0.1782178217821782,0.0582076064749332,1,0.009900990099009901,5328,11.733691783566078,11.672919042885962,56.3659120285144,11.661596620058528,11.839061805114445,11.664112491649448,11.657742174351476,126.59503594614034
118,118000,0.022679570850691055,0.028947368421052635,0.035792216969997036,0.14473684210526316,0.05321637426900585,0.014062499999999999,0.025,0.02904788215805288,0.1875,0.08541666666666667,0.021180949833179568,0.02826086956521739,0.03461928917661544,0.15217391304347827,0.05881642512077295,0,0.0,5328,11.71399928495513,11.6572018575168,11.656587669391094,11.66117525885045,11.83778354929728,11.668869192765774,11.657430746596365,81.85304755937288
119,119000,0.025934417454203832,0.029591836734693875,0.040833671222745886,0.17346938775510204,0.0760204081632653,0.011979166666666667,0.05999999999999999,0.05818253589491872,0.13333333333333333,0.07777777777777778,0.024081950535504208,0.033628318584070796,0.04313661786064494,0.168141592920354,0.07625368731563423,0,0.0,5328,11.71148694516927,11.655299361678848,11.656362157415682,11.660032165594982,11.867593037402646,11.669328614767952,11.657381127613831,81.8774834096432
120,120000,0.04912553805214286,0.02463768115942029,0.0458323430694227,0.17391304347826086,0.07282608695652175,0.009596641175588543,0.04615384615384615,0.04399364406763511,0.15384615384615385,0.07692307692307693,0.042858761718054986,0.028048780487804882,0.0455408420081637,0.17073170731707318,0.07347560975609756,1,0.012195121951219513,5328,11.710569059368916,11.668719460910387,56.72754941594971,11.667063588119072,11.859128824712531,11.672855669983552,11.661608745903996,126.96749476494816
121,121000,0.036049644837482304,0.02631578947368421,0.033190085462691185,0.13157894736842105,0.0642857142857143,0.007638888888888889,0.025,0.039360016333453866,0.25,0.15625,0.031108643802944317,0.026086956521739136,0.034263116918476,0.15217391304347827,0.08027950310559007,1,0.021739130434782608,5328,11.737473088600792,11.672998093953737,62.37882056792619,11.655094972640168,11.745800103700812,11.658009412621183,11.662406024001704,132.51060226344458
122,122000,0.03299837065295129,0.023170731707317073,0.026564440914494176,0.15853658536585366,0.036904761904761905,0.02019591160343888,0.075,0.07960567549902335,0.25,0.15277777777777776,0.031364014178545445,0.02978723404255319,0.03333566235081705,0.1702127659574468,0.05169706180344478,2,0.02127659574468085,5328,11.704976534502102,11.673103697363436,61.57944369436161,11.665723667965075,11.87365060117962,11.669943177387495,11.68813954175417,131.8549809145135
123,123000,0.041869741979632086,0.026373626373626374,0.039524976982882896,0.15384615384615385,0.06587301587301589,0.003205128205128205,0.007692307692307693,0.004893906784534747,0.07692307692307693,0.007692307692307693,0.03703666525781911,0.02403846153846154,0.03519609320808938,0.14423076923076922,0.05860042735042736,0,0.0,5328,11.733676929802025,11.656336744079315,11.656934324213996,11.660998850705415,11.86890914073313,11.666559105413462,11.658977963841313,81.90239305878865
124,124000,0.06382009867351372,0.0326530612244898,0.05271526939458327,0.21428571428571427,0.07889536767087788,0.012615297289626792,0.022222222222222223,0.025544956862116632,0.2222222222222222,0.08472222222222221,0.05587452604497954,0.031034482758620693,0.0484991864154074,0.21551724137931033,0.07979953475643133,0,0.0,5328,11.713229733105804,11.656181679508757,59.78799767911852,11.685246191651261,11.820296622770677,11.706641308400698,11.696873449885612,130.06646666444132
125,125000,0.04520536108973298,0.03580246913580247,0.05295727407327657,0.1728395061728395,0.08069272976680383,0.008882428940568475,0.016666666666666666,0.016265750065888422,0.16666666666666666,0.044444444444444446,0.040518531135002075,0.03333333333333333,0.04822288387877488,0.17204301075268819,0.07601553166069296,0,0.0,5328,11.70383441428946,11.695153593883207,11.701047298640077,11.657881365933347,11.849226193781995,11.666235633972857,11.65821741260821,81.93159591310915
126,126000,0.027332097346488792,0.02291666666666667,0.02677922804988848,0.16666666666666666,0.04909887566137566,0.00392156862745098,0.0058823529411764705,0.00431552482937412,0.058823529411764705,0.008403361344537815,0.023810159397606997,0.020353982300884955,0.023399732875120833,0.1504424778761062,0.04297654164910802,0,0.0,5328,11.713749857632585,11.659262198239484,11.656472875980207,11.660210347680389,11.895061902546939,11.664863710769344,11.659201241829425,81.90882213467836
127,127000,0.044109087521190485,0.03333333333333333,0.04885018993555431,0.2037037037037037,0.09019694297472075,0.058132586367880476,0.065,0.07884109349729121,0.3,0.15083333333333332,0.04789922234462022,0.041891891891891894,0.05695583954683455,0.22972972972972974,0.10658515658515659,1,0.013513513513513514,5328,11.710717699207201,11.655922001627129,59.07922548849601,11.662182782156554,11.820175127401356,11.677207898148218,11.673348582593585,129.27877957963003
128,128000,0.038504095383386006,0.027631578947368424,0.040662358266730834,0.15789473684210525,0.07962092731829574,0.07211451247165533,0.07727272727272728,0.08557431153070579,0.3181818181818182,0.1111111111111111,0.04604929105626279,0.03877551020408163,0.05074463348925582,0.19387755102040816,0.08669015225137673,0,0.0,5328,11.730299504172926,11.656977147046083,11.657106331736806,11.660939329218717,11.863841365734872,11.673329894504313,11.659643536689885,81.90213710910359
129,129000,0.02871685647079825,0.019000000000000003,0.02586820963606286,0.13,0.04461904761904763,0.025299145299145297,0.07333333333333333,0.08739649536700321,0.26666666666666666,0.18333333333333332,0.028271068057104387,0.02608695652173913,0.033893638209663776,0.14782608695652175,0.06271221532091098,0,0.0,5328,11.711696406128263,11.655597160258047,11.656855434541423,11.663555897638982,11.86116292693426,11.677514381878973,11.659132436742798,81.88551464412275
130,130000,0.021349560961655367,0.029670329670329672,0.04166667329608025,0.14285714285714285,0.09615384615384616,0.004830917874396135,0.022222222222222223,0.03152361716633687,0.1111111111111111,0.1111111111111111,0.019862883083802036,0.029000000000000005,0.040753798244403346,0.14,0.0975,0,0.0,5328,11.71433134959307,11.65699636863568,11.657528942582429,11.66064488726526,11.847659243981179,11.665298762827959,11.659125825867756,81.86158538075333
131,131000,0.0418201716040407,0.025263157894736845,0.03762919567818341,0.11578947368421053,0.04976608187134503,0.0627822249589491,0.09999999999999999,0.11969292310400109,0.3333333333333333,0.20370370370370372,0.044171056092441645,0.03364485981308411,0.04683260436145268,0.14018691588785046,0.0670301142263759,0,0.0,5328,11.713096083127567,11.65628052211473,60.10080566110423,11.665541455065792,11.884946848859935,11.68114832998668,11.664400583207001,130.36621948346595
132,132000,0.03398942059731735,0.029870129870129873,0.038172864561844065,0.18181818181818182,0.07943722943722943,0.056944444444444436,0.041666666666666664,0.051048972167257546,0.3333333333333333,0.11597222222222221,0.0370844799924356,0.031460674157303366,0.0399089689580796,0.20224719101123595,0.0843632958801498,0,0.0,5328,11.738245380456258,11.65622349596357,11.656707579629083,11.66036327676992,11.843525821654543,11.666729907093554,11.655996570041072,81.877792031608
133,133000,0.046784127105453585,0.02989690721649485,0.04253812401365873,0.18556701030927836,0.0646866306660121,0.019906629318394025,0.04666666666666667,0.04421677299021078,0.26666666666666666,0.091005291005291,0.043184462223258106,0.03214285714285715,0.04276294307301838,0.19642857142857142,0.06821145124716553,0,0.0,5328,11.712938868969209,11.659936909137746,11.657833414450286,11.660010488089705,11.856446533904663,11.672303739152651,11.657343972390489,81.87681392609475
134,134000,0.048646105922491384,0.05,0.0618076026244101,0.23333333333333334,0.09520502645502645,0.010978184377199154,0.1,0.08650513513435408,0.2,0.06999999999999999,0.04326497427316393,0.05714285714285714,0.0653358215544021,0.22857142857142856,0.09160430839002269,1,0.014285714285714285,5328,11.712780575514476,11.671169140577836,57.193226857942676,11.664356908885898,11.819085605942192,11.671477853369277,11.659072383072427,127.39116932530477
135,135000,0.01186071407146837,0.026250000000000002,0.031920151562279675,0.1625,0.07911210317460318,0.028506787330316745,0.041176470588235294,0.04152384717884301,0.11764705882352941,0.06722689075630252,0.014778067116833549,0.028865979381443297,0.033603273474460876,0.15463917525773196,0.07702912780232367,0,0.0,5328,11.722695990173948,11.657668154349544,56.389673408731994,11.662702389687169,11.868683574830369,11.666742739394747,11.662761926944237,126.63092818411202
136,136000,0.03026710618008251,0.05714285714285714,0.06523994070555444,0.23809523809523808,0.1302910052910053,0.10714285714285714,0.014285714285714287,0.058394954664852484,0.14285714285714285,0.05357142857142857,0.04124935631762175,0.05102040816326531,0.06426208555688273,0.22448979591836735,0.11933106575963719,0,0.0,5328,11.740239341240938,11.656116915618325,11.657062103782174,11.661444739942405,11.847998814561167,11.665985578619697,11.657820870748099,81.8866683645128
137,137000,0.06998217282660008,0.035526315789473684,0.06290181076677848,0.19736842105263158,0.10182748538011696,0.02064689680200945,0.09333333333333334,0.08703693686904374,0.3333333333333333,0.12777777777777777,0.06184998447089832,0.04505494505494506,0.06688012825616285,0.21978021978021978,0.1061050061050061,2,0.02197802197802198,5328,11.713137853419653,11.676800278356131,56.90470637237724,11.661808003219504,11.867167138860518,11.677344171283355,11.661424684922261,127.16238850243867
138,138000,0.037314350393935165,0.029411764705882353,0.03948260107951924,0.15294117647058825,0.06718487394957984,0.021805330676298418,0.07857142857142858,0.08843311045753241,0.21428571428571427,0.15306122448979592,0.035121155686390584,0.03636363636363636,0.04640489533499585,0.16161616161616163,0.07932900432900433,1,0.010101010101010102,5328,11.71671961289894,11.669146494541065,56.18201565028153,11.661146150521857,11.84852426280858,11.672260904496689,11.65818890347739,126.40800197902607
139,139000,0.03714703329018021,0.034343434343434336,0.045232705790564404,0.1919191919191919,0.08185826519159853,0.0638267355134825,0.049999999999999996,0.08749069057426775,0.21428571428571427,0.1142857142857143,0.040452483123155705,0.036283185840707964,0.05046820833013827,0.19469026548672566,0.08587582525635624,1,0.008849557522123894,5328,11.71288476784632,11.671471549980911,56.439983225294725,11.661408078185442,11.885334276630354,11.673093886024194,11.657654726996563,126.70183051095853
140,140000,0.022300426394907112,0.027173913043478267,0.034785836281645686,0.18478260869565216,0.07844202898550724,0.14846813725490193,0.05625000000000001,0.0980426763848144,0.375,0.13392857142857142,0.040991939114906346,0.031481481481481485,0.04415722000063365,0.21296296296296297,0.08666225749559082,2,0.018518518518518517,5328,11.714173510236902,11.673782064177546,56.252160593725506,11.662584190316739,11.871761299769856,11.666049220822316,11.6586996671518,126.49921054620066
141,141000,0.05952054064304386,0.055421686746987955,0.06695217818965035,0.25301204819277107,0.10998756932491871,0.10287178379416283,0.05625000000000001,0.10103398965018362,0.375,0.18645833333333334,0.06652680216241663,0.05555555555555555,0.07246034973882744,0.2727272727272727,0.12234648067981402,1,0.010101010101010102,5328,11.730943048980647,11.657535905561234,56.042773950753386,11.66184053241065,11.85111272547848,11.666142724544443,11.681625739091983,126.29197462682082
142,142000,0.04644783424634195,0.04459459459459459,0.060209704673529034,0.1891891891891892,0.10822072072072071,0.1730926779313876,0.09,0.19650913254599356,0.5,0.2833333333333333,0.06152460135170453,0.05,0.07643582703929863,0.2261904761904762,0.12906746031746033,1,0.011904761904761904,5328,11.71311423640853,11.709508765309767,57.33554169322711,11.662743651455475,11.827968171278236,11.66574909145998,11.662019391494443,127.57664500063355
143,143000,0.04818097920834848,0.03521126760563382,0.05308732305774233,0.2676056338028169,0.0853677621283255,0.08147162465014425,0.07692307692307694,0.10359868338979594,0.46153846153846156,0.21410256410256412,0.053333102907674,0.04166666666666667,0.06090455739484587,0.2976190476190476,0.1052910052910053,2,0.023809523809523808,5328,11.713814590547795,11.679522738967247,56.13634100430989,11.661928724659292,11.837929638557759,11.666984077566417,11.65785947555148,126.35438025015986
144,144000,0.047835509876835026,0.03561643835616438,0.052838204188292354,0.2054794520547945,0.1116764514024788,0.07738095238095238,0.03333333333333334,0.06114804480082171,0.2222222222222222,0.08432539682539682,0.0536796633391879,0.03516483516483517,0.054481908924836626,0.2087912087912088,0.10626635269492411,0,0.0,5328,11.727921818010383,11.659034633699356,57.53313625568926,11.656084596720767,11.779438504028183,11.664447702907504,11.655459725559009,127.67552323661447
145,145000,0.03660626920660436,0.0328125,0.05096329788550395,0.1875,0.10078124999999999,0.13604336043360432,0.044444444444444446,0.08673458276451261,0.3333333333333333,0.17037037037037037,0.048865636618152304,0.03424657534246576,0.055373456295244754,0.2054794520547945,0.10936073059360729,2,0.0273972602739726,5328,11.688381893040777,11.671073857029423,55.992631119078375,11.661178089268642,11.832070719922788,11.673192016260769,11.659531190113398,126.17805888471418
146,146000,0.05914559302964721,0.030107526881720432,0.05617105867661645,0.23655913978494625,0.09728195937873356,0.05494017094017094,0.076,0.08722209948737909,0.32,0.15911111111111112,0.058254613773402235,0.039830508474576275,0.06274966901787973,0.2542372881355932,0.1103813559322034,1,0.00847457627118644,5328,11.719329652704753,11.67046162219021,56.7123272810291,11.672273876248834,11.910634749402737,11.696388118636463,11.672820607953883,127.05423590816596
147,147000,0.03498936960492302,0.034722222222222224,0.046870061582199946,0.18055555555555555,0.08128858024691359,0.054806524379663366,0.04,0.060187093652950344,0.3,0.0811111111111111,0.03740609579696453,0.03536585365853658,0.04849408988351097,0.1951219512195122,0.08126693766937669,0,0.0,5328,11.745677761191425,11.666629199231366,11.679104221951064,11.68693082736344,11.811165348981495,11.69747423566611,11.65584335232131,81.94282494670621
148,148000,0.015858250708859385,0.023148148148148154,0.023909223178045044,0.1574074074074074,0.04481554967666078,0.13915343915343914,0.06190476190476192,0.11029823403191379,0.42857142857142855,0.1847127739984883,0.035929560455651446,0.029457364341085274,0.03797255052634926,0.20155038759689922,0.06758951642672573,0,0.0,5328,11.711070139922702,11.65584851601717,11.656849930187507,11.66021085029223,11.899244390246865,11.66671883031517,11.657154627437578,81.90709728441922
149,149000,0.03013242133530522,0.016417910447761197,0.020129617213929068,0.13432835820895522,0.02814498933901919,0.056768988587170395,0.13636363636363635,0.17854890157506273,0.36363636363636365,0.2878787878787879,0.033888860306722106,0.03333333333333334,0.042470798341781246,0.16666666666666666,0.06477411477411477,2,0.02564102564102564,5328,11.710037481221097,11.676901842141291,56.53371600001719,11.661174594682077,11.835760844038784,11.667701346453063,11.663950332248957,126.74924244080246
150,150000,0.035931732799001984,0.027835051546391754,0.040409331850517496,0.16494845360824742,0.0685526100474554,0.011057692307692308,0.0125,0.009170490262420006,0.125,0.017857142857142856,0.03240974476483424,0.02566371681415929,0.03598613304158334,0.1592920353982301,0.06137449079926956,1,0.008849557522123894,5328,11.713814129326455,11.66950108749329,56.86951620200581,11.661646148374006,11.883313340958074,11.667808942350533,11.66080318154572,127.12640303205389
151,151000,0.04459183467393914,0.02857142857142857,0.0576460212297498,0.15476190476190477,0.07804232804232802,0.012243279668077905,0.04666666666666666,0.05553980548402941,0.26666666666666666,0.1595238095238095,0.03969053846092986,0.03131313131313132,0.05732689763191337,0.1717171717171717,0.09038800705467372,1,0.010101010101010102,5328,11.714778547739641,11.656239760991088,56.32795177128863,11.662243920122773,11.880286823917618,11.685053077217095,11.686869796134758,126.6134236974116
152,152000,0.04807275106432457,0.030882352941176472,0.048891298328893835,0.20588235294117646,0.09658613445378152,0.028110255515683146,0.037500000000000006,0.049311620324989355,0.25,0.13392857142857142,0.04427037095982145,0.03214285714285715,0.048971359661483464,0.21428571428571427,0.10369897959183673,0,0.0,5328,11.728295030634383,11.656161392408631,11.656681896968223,11.660412253210877,11.852289128030241,11.692052901243061,11.658372356122825,81.90426495861824
153,153000,0.032921293971043895,0.045569620253164564,0.0647963633924055,0.17721518987341772,0.11582278481012656,0.03865869599872469,0.04,0.03383266092396124,0.3333333333333333,0.05,0.03383683684780147,0.04468085106382978,0.05985534704105802,0.20212765957446807,0.1053191489361702,1,0.010638297872340425,5328,11.711985070529673,11.667570690831324,55.8858994047888,11.661250645968874,11.866417973575155,11.670755585196924,11.658195179269775,126.12207455016053
154,154000,0.0832171520321834,0.04819277108433735,0.0834033521731774,0.30120481927710846,0.1229728437559763,0.008333333333333333,0.016666666666666666,0.017357805484194317,0.08333333333333333,0.041666666666666664,0.07375814335443391,0.044210526315789464,0.07506075680193743,0.2736842105263158,0.11270258980785297,0,0.0,5328,11.712974063878695,11.656639417097908,11.660399646253733,11.661212854334469,11.843969160266893,11.668900733355358,11.657988507763479,81.86208438295053
155,155000,0.058613359338946396,0.034408602150537634,0.06461485224862823,0.1935483870967742,0.09556238265915686,0.0759009009009009,0.04666666666666666,0.08389582953974406,0.2,0.09444444444444443,0.06101440677810674,0.03611111111111111,0.06729276576128321,0.19444444444444445,0.09540711346266902,1,0.009259259259259259,5328,11.712558726170025,11.66708132083194,56.881512868978135,11.660424994015816,11.87135284493393,11.672411330383714,11.657996179054164,127.12333826436772
156,156000,0.040895403401790965,0.028000000000000004,0.04188713774860786,0.15,0.05061111111111111,0.044905982905982904,0.04666666666666666,0.05677663229200934,0.4,0.1562962962962963,0.04141852246755514,0.030434782608695657,0.0438292457325298,0.1826086956521739,0.06439613526570047,2,0.017391304347826087,5328,11.716225034347216,11.67836683394971,56.42438875917699,11.661636332586934,11.8922392854659,11.670302845021713,11.659179856040453,126.70233894658892
157,157000,0.03427016719377408,0.03942307692307692,0.045224005135876474,0.25961538461538464,0.09457417582417582,0.007125506072874494,0.02307692307692308,0.028654865547435373,0.15384615384615385,0.07692307692307693,0.03125409373589635,0.03760683760683761,0.04338298962604968,0.24786324786324787,0.09261294261294262,0,0.0,5328,11.71346913412391,11.655616971244232,11.657305601275175,11.660954762467146,11.882622392621334,11.671264913953177,11.658040715428752,81.89927449111373
158,158000,0.045760134891550834,0.04148936170212767,0.05131261855818286,0.23404255319148937,0.077790442418102,0.15648148148148147,0.05000000000000001,0.12467665170094079,0.4166666666666667,0.13134920634920635,0.05829462695833543,0.04245283018867924,0.05961798080075922,0.25471698113207547,0.08385369871218927,0,0.0,5328,11.711515452181992,11.655834001981363,11.657385284771088,11.661016324764073,11.8752828715471,11.667860114510791,11.657562711715752,81.88645676147216
159,159000,0.02993496781470385,0.042553191489361715,0.05230255591587231,0.18085106382978725,0.09796099290780143,0.041666666666666664,0.0125,0.016956496679055973,0.125,0.0125,0.030855101057995053,0.040196078431372545,0.04953031597572985,0.17647058823529413,0.0912581699346405,0,0.0,5328,11.712015427413347,11.656095283703316,11.65704722148886,11.66011881129081,11.87499267494077,11.66872417874068,11.657659166566802,81.88665276414459
160,160000,0.04594698012940389,0.04777777777777777,0.061724286150870195,0.23333333333333334,0.11835978835978836,0.031235431235431235,0.045454545454545456,0.0391292267045695,0.2727272727272727,0.075,0.04434473223006034,0.047524752475247525,0.0592634380923622,0.2376237623762376,0.11363743517208863,1,0.009900990099009901,5328,11.712300858848778,11.669439745988496,56.40286537613587,11.66170266599445,11.875286793645856,11.667117292325086,11.66005528590447,126.64876801884301
161,161000,0.03348319886805536,0.032584269662921356,0.039651340372420726,0.19101123595505617,0.07446941323345817,0.005702280912364945,0.017647058823529415,0.017057492068247755,0.11764705882352941,0.034313725490196074,0.029027768629878596,0.03018867924528302,0.03602779866326092,0.1792452830188679,0.06802935010482179,1,0.009433962264150943,5328,11.712803564909585,11.662341248011575,56.86950591842974,11.660640648274157,11.87517008410105,11.673637156102423,11.659249181485142,127.11334780131367
162,162000,0.018234633134873203,0.034146341463414644,0.039509455235700854,0.10975609756097561,0.05663956639566396,0.010347903657448707,0.04,0.05231737964779628,0.2,0.15,0.017377379930805327,0.034782608695652174,0.04090162093266775,0.11956521739130435,0.06678743961352658,1,0.010869565217391304,5328,11.713892486081567,11.668816601341502,56.674837682881005,11.661960505719716,11.873981783608322,11.670927132757802,11.66118077382608,126.92559696621598
163,163000,0.044148103087572305,0.04814814814814815,0.057025561339712934,0.24691358024691357,0.09593376445228297,0.022742807431802643,0.05000000000000001,0.06606623612735273,0.25,0.18055555555555558,0.04138612945456977,0.04838709677419354,0.05819210002198903,0.24731182795698925,0.106852705239802,1,0.010752688172043012,5328,11.720194167473553,11.657207333069103,56.902376857993765,11.666330058651003,11.865385329261347,11.670748513100543,11.689001839922803,127.17124409947212
164,164000,0.06596632224984286,0.03814432989690722,0.05992104949508762,0.1958762886597938,0.09068892161675668,0.040766341434771244,0.08333333333333334,0.09819360778735713,0.4444444444444444,0.1898148148148148,0.06202197742661426,0.04521739130434783,0.06591153687996458,0.23478260869565218,0.10620427881297446,1,0.008695652173913044,5328,11.724711824416534,11.66605009719074,56.741784182384734,11.662647977136315,11.89395539968885,11.677947837986785,11.658643839392719,127.02574115819668
165,165000,0.05390667686162274,0.05135135135135135,0.07054069009683003,0.21621621621621623,0.1097919347919348,0.014550264550264548,0.04615384615384615,0.04176180751927369,0.15384615384615385,0.04615384615384615,0.04802583364268417,0.05057471264367817,0.06624039729788482,0.20689655172413793,0.10028279511038132,0,0.0,5328,11.718961911381248,11.656262228196269,11.654802311231172,11.660983673691256,11.848223182391038,11.670617296979241,11.658018522774787,81.867869126645
166,166000,0.030905514555802385,0.025000000000000005,0.028486714736713395,0.15625,0.04093915343915344,0.024739583333333332,0.04375,0.043906157468219825,0.125,0.041666666666666664,0.030024667238306803,0.02767857142857143,0.03068949226978574,0.15178571428571427,0.041043083900226755,0,0.0,5328,11.715281655888532,11.656470178963986,11.656923873754055,11.660244090227339,11.870007239865588,11.669387845403973,11.660131386821703,81.88844627092517
