batch,interactions,strategy,recall_at_10,precision_at_10,ndcg_at_10,hr_at_10,recall_at_20,precision_at_20,ndcg_at_20,hr_at_20,mrr,update_emissions_mg,updated
1,1000,no_update,0.05513505485945336,0.11481481481481481,0.12031361844656975,0.5555555555555556,0.08380334089102677,0.0962962962962963,0.12325311609945944,0.6666666666666666,0.23925977798526818,0.0,False
2,2000,no_update,0.0773859319774522,0.08571428571428572,0.1073293465085967,0.5,0.11883097388222208,0.0773809523809524,0.12232321823206448,0.6666666666666666,0.24924722414218212,0.0,False
3,3000,no_update,0.04665526984228189,0.13030303030303034,0.13746286707128416,0.48484848484848486,0.06807987395938575,0.09696969696969697,0.12213992265154613,0.6060606060606061,0.24757290639643578,0.0,False
4,4000,no_update,0.07163121994360878,0.13513513513513514,0.1498620344832649,0.5135135135135135,0.11684072035815535,0.11351351351351349,0.14925353835438243,0.7027027027027027,0.28257249228611453,0.0,False
5,5000,no_update,0.06402803196482891,0.19999999999999998,0.21328231721680255,0.6538461538461539,0.10238411606690495,0.175,0.19822096135534514,0.8461538461538461,0.4136427674889213,0.0,False
6,6000,no_update,0.0752500052351872,0.10270270270270272,0.126034761417777,0.5405405405405406,0.1331313440162844,0.0972972972972973,0.14119841692640994,0.7567567567567568,0.25905025905025897,0.0,False
7,7000,no_update,0.04612688159297531,0.11562499999999999,0.11740022599287678,0.5625,0.07816544883384055,0.0890625,0.11033601956977439,0.625,0.22435628607503605,0.0,False
8,8000,no_update,0.05955892041606778,0.09705882352941175,0.10741684599784032,0.5,0.0868946063748456,0.07647058823529411,0.10526269784789206,0.6470588235294118,0.21404619202606817,0.0,False
9,9000,no_update,0.07721377953601685,0.08611111111111111,0.11071669234068533,0.5555555555555556,0.16332937120414473,0.08749999999999998,0.1454870975454103,0.75,0.2487845601203444,0.0,False
10,10000,no_update,0.08734967377276638,0.12500000000000003,0.14597740273653376,0.6071428571428571,0.11082787124005086,0.09821428571428571,0.14190827680803259,0.6785714285714286,0.29342185592185593,0.0,False
11,11000,no_update,0.057335490684827864,0.11875000000000001,0.12439922038408735,0.5625,0.10528497727372985,0.0953125,0.12659476921252397,0.6875,0.25769898504273503,0.0,False
12,12000,no_update,0.06878409569961445,0.09473684210526315,0.09502687940412374,0.6052631578947368,0.11663660737468151,0.09210526315789473,0.11630174409556468,0.6842105263157895,0.20027151211361738,0.0,False
13,13000,no_update,0.035850757810661424,0.07027027027027029,0.06835493275897121,0.40540540540540543,0.06689845776636855,0.07027027027027029,0.07755659172192222,0.5675675675675675,0.1440913926208044,0.0,False
14,14000,no_update,0.08143117540202958,0.10666666666666666,0.12350534542479875,0.5555555555555556,0.14045549148176056,0.09888888888888887,0.13967746103960224,0.7111111111111111,0.2457075422761697,0.0,False
15,15000,no_update,0.06050463347211196,0.08666666666666668,0.10363384673470373,0.5,0.10971139652354649,0.09166666666666666,0.12168934216952804,0.7,0.262711345671872,0.0,False
16,16000,no_update,0.047933875906564984,0.09142857142857143,0.10316444569749887,0.5142857142857142,0.11074711157030928,0.09714285714285716,0.12294036261304161,0.6857142857142857,0.24473459080601936,0.0,False
17,17000,no_update,0.05888876849356321,0.1125,0.1198964282371073,0.625,0.1168106569331886,0.1171875,0.13880824854858503,0.75,0.28140094688807926,0.0,False
18,18000,no_update,0.06726466010401684,0.07547169811320754,0.09466527451777532,0.4716981132075472,0.11252338103584492,0.06981132075471698,0.10779481807825436,0.5849056603773585,0.20710869319359884,0.0,False
19,19000,no_update,0.06057209545970867,0.07906976744186048,0.09080663861052343,0.4418604651162791,0.11024234548728348,0.08023255813953487,0.1118694136258799,0.6046511627906976,0.19877040983672134,0.0,False
20,20000,no_update,0.05317171926573412,0.12400000000000003,0.12496058278363624,0.56,0.09246649835906919,0.11,0.13170464329244563,0.72,0.2103203463203463,0.0,False
21,21000,no_update,0.043385323028980585,0.058333333333333334,0.0710852441463663,0.3333333333333333,0.0715545266298852,0.052777777777777785,0.07736019185179249,0.4166666666666667,0.15727443852443854,0.0,False
22,22000,no_update,0.08521484334023852,0.09705882352941177,0.10536209525373565,0.5882352941176471,0.12452197751965013,0.08823529411764706,0.12057846858622598,0.6764705882352942,0.18179377811730754,0.0,False
23,23000,no_update,0.02302772853736259,0.08181818181818182,0.0871717308710071,0.45454545454545453,0.0919883970777676,0.09545454545454546,0.10905000410575688,0.7727272727272727,0.22368836971109696,0.0,False
24,24000,no_update,0.06073606924039581,0.10740740740740742,0.14196783505963445,0.4444444444444444,0.08486848799607888,0.08333333333333336,0.13652998754397186,0.6296296296296297,0.2911378381966617,0.0,False
25,25000,no_update,0.06057511168064192,0.109375,0.11326776224693572,0.40625,0.08167872829633964,0.0859375,0.11451588674858568,0.5,0.18116611227824464,0.0,False
26,26000,no_update,0.049160639213189375,0.1037037037037037,0.11402777351119008,0.4444444444444444,0.10745482313785724,0.1,0.13517519703048078,0.6666666666666666,0.22326839826839823,0.0,False
27,27000,no_update,0.06934071334592552,0.10238095238095238,0.11426346355570927,0.40476190476190477,0.0994991903106859,0.0880952380952381,0.12130983548945531,0.5714285714285714,0.21577562648991222,0.0,False
28,28000,no_update,0.07759772858030604,0.09999999999999999,0.11322228207286497,0.46153846153846156,0.1299160738673655,0.08846153846153847,0.12988488391336797,0.6410256410256411,0.2278687124840971,0.0,False
29,29000,no_update,0.06526189370358328,0.07857142857142858,0.1047623376797057,0.47619047619047616,0.12304055915589263,0.08452380952380953,0.12444932801575839,0.7619047619047619,0.24913468249934412,0.0,False
30,30000,no_update,0.03178277362243563,0.08,0.07042737685004984,0.4,0.085797597522439,0.088,0.09134666042900598,0.68,0.14060073260073258,0.0,False
31,31000,no_update,0.07901215363491602,0.16451612903225804,0.1848659148704886,0.5806451612903226,0.1391382521012497,0.132258064516129,0.185614179157165,0.7419354838709677,0.34059512455098195,0.0,False
32,32000,no_update,0.043163428693662534,0.07857142857142858,0.09603245291195059,0.39285714285714285,0.08083148408998957,0.08571428571428573,0.11004301167448793,0.6071428571428571,0.21209735489091971,0.0,False
33,33000,no_update,0.06262264107125859,0.10571428571428572,0.12007275624709257,0.5714285714285714,0.11247429967562098,0.09571428571428571,0.13107336550228657,0.7142857142857143,0.2384807256235828,0.0,False
34,34000,no_update,0.05451506124795756,0.10555555555555557,0.1142145732605793,0.5,0.1215081864981112,0.11249999999999999,0.13987468799843147,0.6944444444444444,0.2350413962256067,0.0,False
35,35000,no_update,0.05660028772743939,0.1826086956521739,0.1910221617604461,0.6956521739130435,0.08875056209593792,0.13478260869565215,0.16024291258310217,0.782608695652174,0.36237373737373735,0.0,False
36,36000,no_update,0.05492140643721614,0.1108108108108108,0.11974482239308391,0.5405405405405406,0.10098504415215263,0.10270270270270268,0.12750341561649733,0.6756756756756757,0.25610340463281644,0.0,False
37,37000,no_update,0.05085933530879377,0.09393939393939395,0.09874692395930845,0.48484848484848486,0.11286511859145934,0.09545454545454544,0.1235771319125192,0.696969696969697,0.21450435086798725,0.0,False
38,38000,no_update,0.06675916763375817,0.11818181818181818,0.11613892211892905,0.696969696969697,0.09747143201110699,0.09848484848484848,0.11853287368937683,0.7272727272727273,0.2018278018278018,0.0,False
39,39000,no_update,0.05529447522270259,0.07727272727272727,0.08983713883994325,0.36363636363636365,0.10366048422069483,0.07272727272727274,0.10299621498801136,0.6136363636363636,0.20188959695978415,0.0,False
40,40000,no_update,0.059795436112719404,0.09310344827586207,0.0932028761358593,0.4482758620689655,0.09445412331645214,0.0810344827586207,0.10205356095112507,0.5862068965517241,0.14040901627108524,0.0,False
41,41000,no_update,0.0662674815685625,0.10681818181818183,0.10841356655554564,0.4772727272727273,0.11938629919008288,0.09431818181818183,0.11903907677879486,0.7045454545454546,0.20920150853305933,0.0,False
42,42000,no_update,0.05252004973658118,0.12258064516129033,0.14184477616582128,0.41935483870967744,0.09043894817248373,0.09999999999999999,0.1351173869872777,0.6129032258064516,0.2942686029972558,0.0,False
43,43000,no_update,0.06261664666273682,0.10444444444444445,0.11327667382345984,0.5111111111111111,0.12454032916030258,0.09555555555555555,0.12721611505721853,0.6888888888888889,0.23316846504411004,0.0,False
44,44000,no_update,0.05689162215347463,0.08,0.1006480215928206,0.46,0.09753336848101687,0.071,0.10851965888323513,0.62,0.24258866950043423,0.0,False
45,45000,no_update,0.0601573926937009,0.06923076923076923,0.07385752666028916,0.4807692307692308,0.09985397251919922,0.061538461538461535,0.08814216857132741,0.5961538461538461,0.16127563477378906,0.0,False
46,46000,no_update,0.05646164146453538,0.09148936170212765,0.10342095574244733,0.5106382978723404,0.11120232470837202,0.07765957446808511,0.11322577337459167,0.6595744680851063,0.22702134119530865,0.0,False
47,47000,no_update,0.08121157649803025,0.07906976744186048,0.10366824915843943,0.5116279069767442,0.11851419826010405,0.07093023255813954,0.11739640007365822,0.6511627906976745,0.22483388704318938,0.0,False
48,48000,no_update,0.05373648103938712,0.09019607843137255,0.10969515604291785,0.4117647058823529,0.09267407169635312,0.07450980392156863,0.11192162891235419,0.5490196078431373,0.24930361033302206,0.0,False
49,49000,no_update,0.09312698010464207,0.09999999999999998,0.12379747418048322,0.6222222222222222,0.15525419953863737,0.08555555555555555,0.1466348303189554,0.7777777777777778,0.2841907874260815,0.0,False
50,50000,no_update,0.052236140004897,0.09999999999999999,0.11834938006012757,0.5319148936170213,0.11732595694772782,0.08936170212765958,0.1271189607055929,0.6595744680851063,0.28562870344785235,0.0,False
51,51000,no_update,0.06378580030640643,0.10666666666666669,0.12249132326588005,0.6,0.09818239886581169,0.08222222222222221,0.11774026919396587,0.6888888888888889,0.2656008075744918,0.0,False
52,52000,no_update,0.08502722963862151,0.1340909090909091,0.15555757580896776,0.5,0.13472374777400084,0.11477272727272729,0.16423668689714918,0.5681818181818182,0.27269063007699373,0.0,False
53,53000,no_update,0.05931593564726914,0.11904761904761904,0.13114561485577533,0.47619047619047616,0.08791596020051697,0.0892857142857143,0.11520439618621044,0.6428571428571429,0.2650273998488284,0.0,False
54,54000,no_update,0.08336956464584039,0.08148148148148147,0.10256684189726867,0.5185185185185185,0.137861923805648,0.08888888888888889,0.12871067022562802,0.7962962962962963,0.2022728043561377,0.0,False
55,55000,no_update,0.0546829160925196,0.09696969696969697,0.12321740086731303,0.48484848484848486,0.09054590556625584,0.09242424242424242,0.13123337001169164,0.6363636363636364,0.26141774891774894,0.0,False
56,56000,no_update,0.056069659562942256,0.13157894736842107,0.15284870991946914,0.6052631578947368,0.1031262164497297,0.11578947368421054,0.14854716876156132,0.8157894736842105,0.36536522687838474,0.0,False
57,57000,no_update,0.08695951900939061,0.1622222222222222,0.189020830338603,0.6222222222222222,0.14335416231165837,0.12444444444444445,0.18037081381681483,0.7111111111111111,0.3769827703161036,0.0,False
58,58000,no_update,0.05699184903169666,0.10810810810810811,0.11402513675222954,0.5405405405405406,0.11337157877573903,0.10135135135135136,0.12688274672985422,0.6486486486486487,0.22584825084825078,0.0,False
59,59000,no_update,0.06148525432085587,0.12333333333333332,0.14134800331256697,0.5666666666666667,0.09444919296395636,0.10166666666666664,0.13243136559083596,0.6666666666666666,0.273503256003256,0.0,False
60,60000,no_update,0.08484555141147954,0.140625,0.154887412027639,0.71875,0.11969192154443355,0.10312500000000001,0.14877832285924047,0.75,0.29573412698412693,0.0,False
61,61000,no_update,0.07756246373586131,0.11956521739130435,0.13380470889167873,0.5434782608695652,0.12514776414395942,0.09999999999999999,0.1404727033409961,0.717391304347826,0.27227265488135055,0.0,False
62,62000,no_update,0.04019588346484736,0.07692307692307694,0.09187394276238302,0.48717948717948717,0.10653900194959047,0.08333333333333333,0.11115918712871459,0.717948717948718,0.2400306246460093,0.0,False
63,63000,no_update,0.04298826281660201,0.172,0.18551773473274877,0.52,0.08116192379541416,0.146,0.17089429226279285,0.64,0.33062034044386984,0.0,False
64,64000,no_update,0.04511081287957556,0.07435897435897437,0.07302175778194837,0.48717948717948717,0.11440156689389536,0.09358974358974359,0.10552085039309113,0.7692307692307693,0.16322808245885168,0.0,False
65,65000,no_update,0.07420596485317364,0.10857142857142858,0.132675594506997,0.5428571428571428,0.14009540326063652,0.11,0.1523001703483827,0.8,0.29995612279999717,0.0,False
66,66000,no_update,0.09152549765968863,0.12954545454545452,0.15576645876448025,0.6136363636363636,0.1485348315936438,0.11136363636363635,0.16694510416753247,0.7045454545454546,0.29253189991826356,0.0,False
67,67000,no_update,0.08426312086951557,0.11914893617021276,0.14099119791099637,0.5106382978723404,0.13103859643826507,0.09468085106382977,0.140017953118558,0.6808510638297872,0.22799039022443277,0.0,False
68,68000,no_update,0.032236509144031755,0.06285714285714288,0.07511229873511853,0.4,0.07571081351688985,0.06285714285714285,0.08163182596915239,0.7142857142857143,0.1909753942062655,0.0,False
69,69000,no_update,0.052488563633628395,0.09,0.09877662713006931,0.475,0.12205708365781776,0.085,0.11635531145298472,0.725,0.2100850063679011,0.0,False
70,70000,no_update,0.07277424653455043,0.11714285714285713,0.11783386883492053,0.6,0.12132849226241582,0.10142857142857144,0.1304845715309004,0.7714285714285715,0.2120563137535716,0.0,False
71,71000,no_update,0.0625539814416501,0.09696969696969697,0.1160597700660404,0.5757575757575758,0.11817291385169704,0.09545454545454546,0.13576361714877794,0.696969696969697,0.2603677467313831,0.0,False
72,72000,no_update,0.05039687253008222,0.09285714285714286,0.10397565665410906,0.6071428571428571,0.08184865417542134,0.08750000000000001,0.11126289914301153,0.7142857142857143,0.2647919853746921,0.0,False
73,73000,no_update,0.07595461468031756,0.0911111111111111,0.10197381002516545,0.5555555555555556,0.1399742317468998,0.08333333333333333,0.11949842648244179,0.7111111111111111,0.21053411500779923,0.0,False
74,74000,no_update,0.054869457961788895,0.14838709677419357,0.15557737657707527,0.4838709677419355,0.09974563635154944,0.11612903225806451,0.14526407058577095,0.6774193548387096,0.27026812792941823,0.0,False
75,75000,no_update,0.0736319440757067,0.13636363636363638,0.13777235408265484,0.5757575757575758,0.1636188970559424,0.13484848484848486,0.1627151672077645,0.8181818181818182,0.2278637855509513,0.0,False
76,76000,no_update,0.06598715112633406,0.1142857142857143,0.13511319537674613,0.5476190476190477,0.11834116774281796,0.09880952380952382,0.13908092429772098,0.6428571428571429,0.31170162509448224,0.0,False
77,77000,no_update,0.06294775566444379,0.16666666666666663,0.1738622751130348,0.6333333333333333,0.0955133770684031,0.11833333333333333,0.1531398663687224,0.7,0.3100132275132275,0.0,False
78,78000,no_update,0.047492546877053184,0.11612903225806451,0.11980276831617671,0.5806451612903226,0.1075220056379762,0.11774193548387095,0.13750553051338013,0.8064516129032258,0.25136876090386523,0.0,False
79,79000,no_update,0.06409393492774851,0.09310344827586209,0.11762146198629295,0.5172413793103449,0.11693323764151645,0.08620689655172416,0.13025972500013253,0.6896551724137931,0.29097827459896425,0.0,False
80,80000,no_update,0.04145346112282466,0.12500000000000003,0.14416005248377362,0.5,0.06269343156602714,0.10535714285714284,0.1314959231137553,0.5357142857142857,0.33707482993197274,0.0,False
81,81000,no_update,0.0703458165149275,0.13947368421052628,0.1378002077593743,0.6578947368421053,0.1325995369455862,0.13421052631578947,0.15387423516200155,0.7894736842105263,0.24095940609098498,0.0,False
82,82000,no_update,0.047257537706390886,0.10333333333333333,0.12233996224578363,0.6,0.07825525492878825,0.08833333333333332,0.11965392042173796,0.7,0.3181728422363097,0.0,False
83,83000,no_update,0.07159509005515277,0.0888888888888889,0.09457751076368985,0.4444444444444444,0.09873062399061898,0.07083333333333333,0.09782945103489403,0.6111111111111112,0.16831771623438288,0.0,False
84,84000,no_update,0.07705273340841395,0.19090909090909092,0.19601257965690355,0.6363636363636364,0.12482220957199654,0.15454545454545457,0.18574217042287153,0.8181818181818182,0.3187377981495628,0.0,False
85,85000,no_update,0.0513540052455836,0.14666666666666667,0.16099026484416032,0.4666666666666667,0.08573984663483245,0.12500000000000003,0.15291724243714958,0.6333333333333333,0.32230249526302157,0.0,False
86,86000,no_update,0.043967474086360814,0.10303030303030304,0.11944503476778037,0.48484848484848486,0.10057200214651034,0.1015151515151515,0.12729214262599603,0.696969696969697,0.2717821585644552,0.0,False
87,87000,no_update,0.04377102057730666,0.0945945945945946,0.08795945747671623,0.40540540540540543,0.08423808833046047,0.08648648648648649,0.09764180881527365,0.6216216216216216,0.13858136211077388,0.0,False
88,88000,no_update,0.05468616468129855,0.09285714285714285,0.09430175753028736,0.40476190476190477,0.09839337699115935,0.0869047619047619,0.10806951610586739,0.6190476190476191,0.15816875895657406,0.0,False
89,89000,no_update,0.04516869335103216,0.132,0.1440413563583774,0.44,0.08523758938050686,0.11599999999999999,0.1382279624414707,0.56,0.26009456797072894,0.0,False
90,90000,no_update,0.06648096097903108,0.13076923076923078,0.13656021426496848,0.5,0.09259459578589659,0.11346153846153847,0.14042097056438174,0.6153846153846154,0.2611353923853924,0.0,False
91,91000,no_update,0.06656089663679243,0.10714285714285714,0.1305110718698826,0.5714285714285714,0.10375322029558387,0.08809523809523812,0.13128006757705618,0.7142857142857143,0.29921415535911333,0.0,False
92,92000,no_update,0.0472305635455678,0.0911111111111111,0.10487204938159783,0.37777777777777777,0.09690219876212662,0.08999999999999998,0.11608408023769222,0.6222222222222222,0.232002523142874,0.0,False
93,93000,no_update,0.05920735915033887,0.11578947368421051,0.12448211778346598,0.5526315789473685,0.10705556974680386,0.11052631578947367,0.1348063499211882,0.7105263157894737,0.24835460592039538,0.0,False
94,94000,no_update,0.049858954545038865,0.0972972972972973,0.10109536360242068,0.43243243243243246,0.08524871777095674,0.08648648648648648,0.10715455248709653,0.5135135135135135,0.1825970200970201,0.0,False
95,95000,no_update,0.06496663118994626,0.09393939393939395,0.1212600066588966,0.5454545454545454,0.13743022596001458,0.09393939393939393,0.14169018641582884,0.696969696969697,0.28809263127444945,0.0,False
96,96000,no_update,0.07711862192270964,0.11000000000000001,0.10675423273846386,0.6333333333333333,0.1114623547831595,0.09000000000000001,0.11816203750107944,0.6666666666666666,0.21493386243386245,0.0,False
97,97000,no_update,0.06098747011430835,0.08125,0.09517900045772676,0.5,0.10690583398763545,0.078125,0.11113960552299645,0.65625,0.22938823007273085,0.0,False
98,98000,no_update,0.03232104403713684,0.10909090909090909,0.11703446891832407,0.4090909090909091,0.06082342094406557,0.09545454545454546,0.11083364738006059,0.6818181818181818,0.2596264846264846,0.0,False
99,99000,no_update,0.08579099399956312,0.11470588235294117,0.13326496794162163,0.6176470588235294,0.13032202050371386,0.09852941176470588,0.14083423434973305,0.7647058823529411,0.2674179140180324,0.0,False
100,100000,no_update,0.03838333486451425,0.060000000000000005,0.07557656895457007,0.35555555555555557,0.10783455049475323,0.06888888888888887,0.10080558040371836,0.6666666666666666,0.2054299770863238,0.0,False
101,101000,no_update,0.05878898915329673,0.06764705882352941,0.08462351046233749,0.4411764705882353,0.12975934500574973,0.07647058823529412,0.10987090345492141,0.7352941176470589,0.21325539785292105,0.0,False
102,102000,no_update,0.05416677662765819,0.075,0.09137118105054715,0.38636363636363635,0.11220182587142635,0.0784090909090909,0.11474718067408342,0.6136363636363636,0.19720712665231382,0.0,False
103,103000,no_update,0.03551945457882179,0.08064516129032259,0.08802437970719594,0.3870967741935484,0.08419358895396266,0.08709677419354839,0.10513138501962946,0.5806451612903226,0.18709270120560445,0.0,False
104,104000,no_update,0.06903290821359069,0.1206896551724138,0.13425179593593645,0.5862068965517241,0.11364839347378278,0.09827586206896552,0.1383956395228936,0.7241379310344828,0.2701714775444358,0.0,False
105,105000,no_update,0.07720404781226764,0.1,0.11182161981355879,0.5405405405405406,0.10423358954313497,0.07432432432432434,0.11268430123759268,0.6756756756756757,0.23522836022836024,0.0,False
106,106000,no_update,0.05569597547445862,0.13870967741935483,0.14240371107185051,0.5806451612903226,0.07448174772583051,0.11774193548387098,0.13726380465003488,0.5806451612903226,0.2391449052739375,0.0,False
107,107000,no_update,0.05065890008272784,0.10810810810810811,0.11320042811696263,0.5675675675675675,0.09611188603301168,0.1,0.11756916113656744,0.7567567567567568,0.250014959728582,0.0,False
108,108000,no_update,0.040659482014231516,0.08484848484848484,0.09444264791604899,0.3939393939393939,0.09154341201273755,0.08333333333333333,0.11117286135764458,0.5757575757575758,0.19248753326293433,0.0,False
109,109000,no_update,0.04207134688400098,0.05675675675675676,0.06533317922956082,0.2702702702702703,0.08569747062615565,0.0662162162162162,0.08879559231607063,0.5675675675675675,0.12727422448784678,0.0,False
110,110000,no_update,0.03149834292553634,0.078125,0.0782391270081992,0.4375,0.05395490560747235,0.0703125,0.08088362764439899,0.59375,0.19621052966641203,0.0,False
111,111000,no_update,0.03838174158712504,0.06785714285714287,0.07751937641470982,0.42857142857142855,0.07819669640821006,0.07678571428571428,0.09667297688014943,0.6428571428571429,0.18874438684810202,0.0,False
112,112000,no_update,0.04426921662522246,0.09583333333333333,0.0968058101539897,0.4583333333333333,0.07887466656352951,0.08958333333333333,0.10312428193606556,0.75,0.17476493413993413,0.0,False
113,113000,no_update,0.058708249629013706,0.09999999999999999,0.10726095543966609,0.46511627906976744,0.11067975094441351,0.08604651162790697,0.11825808958804503,0.627906976744186,0.20414301460813092,0.0,False
114,114000,no_update,0.05302255558666529,0.08604651162790698,0.09171635111913709,0.5116279069767442,0.12487933197619294,0.09302325581395347,0.11995533452259924,0.7441860465116279,0.21015310778612672,0.0,False
115,115000,no_update,0.04031735733565203,0.0880952380952381,0.09325587423817708,0.47619047619047616,0.09137652506871513,0.0857142857142857,0.10508130065680556,0.6428571428571429,0.20221492443131098,0.0,False
116,116000,no_update,0.04824620897555391,0.07894736842105264,0.08812770767738706,0.47368421052631576,0.07017840509464772,0.0618421052631579,0.08569167841831604,0.631578947368421,0.18766526945706513,0.0,False
117,117000,no_update,0.0760167710110113,0.10625,0.10989769636225995,0.5,0.12609519814530748,0.08958333333333335,0.12321933786483681,0.6041666666666666,0.19825307794057792,0.0,False
118,118000,no_update,0.08833537116231918,0.13333333333333333,0.13850056648397083,0.5454545454545454,0.1482513163945779,0.1106060606060606,0.1511927452141859,0.6363636363636364,0.23575953773322192,0.0,False
119,119000,no_update,0.05312741964030448,0.08139534883720931,0.0877531404120479,0.46511627906976744,0.08835483534008147,0.07209302325581395,0.09605305700250863,0.6046511627906976,0.196180153635694,0.0,False
120,120000,no_update,0.03910833353650928,0.1,0.11537234433912916,0.5428571428571428,0.11148027464012682,0.10285714285714284,0.13026724326615546,0.7714285714285715,0.2648788746267738,0.0,False
121,121000,no_update,0.0842548161751037,0.1625,0.1818255326177006,0.625,0.12985114218211885,0.13541666666666666,0.1798209661260728,0.7916666666666666,0.35264041514041516,0.0,False
122,122000,no_update,0.06757987295752091,0.09795918367346938,0.10722139423277628,0.4897959183673469,0.11507984672376653,0.09387755102040818,0.12171540725738461,0.673469387755102,0.24374959686452705,0.0,False
123,123000,no_update,0.06146590769414516,0.09302325581395349,0.12027712708647861,0.46511627906976744,0.09261882612729402,0.07790697674418605,0.12009841095266367,0.6046511627906976,0.2816477127523639,0.0,False
124,124000,no_update,0.045918504641064846,0.06279069767441861,0.07611908566102542,0.5581395348837209,0.0913274439964932,0.06511627906976744,0.09096564208534473,0.6744186046511628,0.21507097553609178,0.0,False
125,125000,no_update,0.044337935138108533,0.08823529411764708,0.10319062756263646,0.47058823529411764,0.07855229621982474,0.08823529411764706,0.10860517563374882,0.6176470588235294,0.2425628293275352,0.0,False
126,126000,no_update,0.035113018313118464,0.06666666666666668,0.06756076460525548,0.46153846153846156,0.07050450321511419,0.06282051282051282,0.07850889212764055,0.6410256410256411,0.1652774220081912,0.0,False
127,127000,no_update,0.05534508791134864,0.10243902439024388,0.120716922125346,0.4878048780487805,0.09964862602792551,0.09146341463414633,0.12366307319433525,0.5853658536585366,0.24948703058459157,0.0,False
128,128000,no_update,0.03809914398447291,0.06486486486486487,0.09822007215179158,0.4594594594594595,0.06624869355750944,0.058108108108108104,0.09772294277302605,0.5675675675675675,0.30890644640644643,0.0,False
129,129000,no_update,0.044624332784356326,0.08064516129032258,0.07802911238256321,0.3870967741935484,0.09571811118472032,0.09838709677419352,0.10672675032546788,0.6774193548387096,0.15104204181029307,0.0,False
130,130000,no_update,0.08361565263092324,0.11515151515151516,0.1468585084033464,0.48484848484848486,0.11695100241075376,0.08484848484848485,0.14162042105528336,0.5757575757575758,0.2680856180856181,0.0,False
131,131000,no_update,0.04176552724126083,0.06666666666666667,0.07019424594802189,0.3333333333333333,0.08871718567522066,0.07111111111111111,0.08650142136219402,0.5777777777777777,0.13881240038102782,0.0,False
132,132000,no_update,0.08440423730506552,0.11632653061224492,0.12616349418164577,0.5510204081632653,0.13861932065872024,0.09285714285714287,0.13487181041305354,0.7142857142857143,0.2606827779396807,0.0,False
133,133000,no_update,0.09344318209840069,0.10454545454545454,0.14321225521990869,0.5454545454545454,0.17185665054600197,0.09999999999999999,0.1665446024433347,0.7272727272727273,0.30398552998116746,0.0,False
134,134000,no_update,0.04231619878331299,0.10571428571428573,0.11087814342190114,0.5428571428571428,0.09000889445454002,0.10857142857142857,0.12378437451204297,0.6571428571428571,0.24431483720957406,0.0,False
135,135000,no_update,0.07364052409634791,0.1181818181818182,0.12642632308610235,0.5151515151515151,0.12067863883120479,0.10606060606060606,0.1424234094775766,0.6363636363636364,0.23289221671574614,0.0,False
136,136000,no_update,0.05396002880482693,0.12333333333333334,0.14103658981509112,0.5333333333333333,0.08666518503085044,0.11666666666666668,0.14861067634861116,0.6333333333333333,0.2810533277638541,0.0,False
137,137000,no_update,0.06144943040211212,0.12000000000000001,0.13510701699288957,0.5142857142857142,0.10862952075519734,0.10714285714285714,0.13840070616275757,0.7142857142857143,0.26391362605648316,0.0,False
138,138000,no_update,0.04701199054002116,0.08604651162790697,0.08598148800243947,0.37209302325581395,0.09382844688033497,0.07790697674418605,0.09828513339085601,0.5813953488372093,0.15575056828116804,0.0,False
139,139000,no_update,0.03854625703256535,0.0675,0.07190696220270491,0.375,0.06957223611115917,0.0675,0.08031439153741207,0.65,0.16487135005517356,0.0,False
140,140000,no_update,0.039741592558542836,0.0945945945945946,0.09109164208181811,0.40540540540540543,0.08402799631749844,0.08918918918918918,0.09626561031214256,0.6756756756756757,0.1874292611134716,0.0,False
141,141000,no_update,0.08036704504702188,0.12580645161290324,0.13331133043134227,0.6774193548387096,0.11834134324184911,0.10483870967741934,0.1400683853186802,0.8064516129032258,0.2555900192996967,0.0,False
142,142000,no_update,0.03058473491210584,0.06785714285714287,0.0767267983017169,0.32142857142857145,0.05355487689675198,0.07321428571428572,0.08841913839926481,0.5357142857142857,0.159484627184207,0.0,False
143,143000,no_update,0.057310709911056024,0.10571428571428572,0.10579703752187518,0.4857142857142857,0.10783021024176251,0.09428571428571428,0.11630727146046786,0.6,0.2061811997526283,0.0,False
144,144000,no_update,0.023469069466606412,0.06216216216216216,0.06311671079578052,0.35135135135135137,0.05762297371849738,0.06486486486486487,0.07166811688944348,0.5135135135135135,0.161690460219872,0.0,False
145,145000,no_update,0.06630248103957913,0.12250000000000001,0.1365053550067861,0.65,0.11830088064673028,0.09624999999999999,0.13456397905099754,0.725,0.29168884220354807,0.0,False
146,146000,no_update,0.06572074668187881,0.12333333333333335,0.13069056925602468,0.6333333333333333,0.10015427622150946,0.10666666666666666,0.1341712110977102,0.7333333333333333,0.25563732563732566,0.0,False
147,147000,no_update,0.03173939602285736,0.08684210526315789,0.10285680163424034,0.39473684210526316,0.06556226587844717,0.06973684210526314,0.09728722880887722,0.5789473684210527,0.23418057204414547,0.0,False
148,148000,no_update,0.05864703495767243,0.10227272727272728,0.11083878603318689,0.4772727272727273,0.1070206542804502,0.08977272727272727,0.11652565098367205,0.6363636363636364,0.19940549646432001,0.0,False
149,149000,no_update,0.06207747602522129,0.1153846153846154,0.12612929376835808,0.5128205128205128,0.08804595018906691,0.0923076923076923,0.11877262605194912,0.6410256410256411,0.26028797483905847,0.0,False
150,150000,no_update,0.08235460615484651,0.1147058823529412,0.1375003739230134,0.6470588235294118,0.1500548648149585,0.08970588235294118,0.14604383227544732,0.7352941176470589,0.30122549019607847,0.0,False
151,151000,no_update,0.049196900439963706,0.08125,0.10311407981175508,0.4375,0.09779676279519899,0.075,0.11356220561875266,0.6875,0.254823385195386,0.0,False
152,152000,no_update,0.04237177752936172,0.10882352941176471,0.10963316478437692,0.5294117647058824,0.1093351204279679,0.10147058823529412,0.12220172265523485,0.6764705882352942,0.20990572465030669,0.0,False
153,153000,no_update,0.06913886779648305,0.08249999999999999,0.10269999338049711,0.6,0.1250476843018829,0.08,0.12147223970678507,0.725,0.2467194830023777,0.0,False
154,154000,no_update,0.06396345060262303,0.12105263157894738,0.1499173619520838,0.47368421052631576,0.11612481601519409,0.11842105263157897,0.16146217358787268,0.5526315789473685,0.30963417545827515,0.0,False
155,155000,no_update,0.0577530715885507,0.07333333333333333,0.08325013386999032,0.4444444444444444,0.11194653841273647,0.0811111111111111,0.1088813453207449,0.7111111111111111,0.19311815635345048,0.0,False
156,156000,no_update,0.07969259821456555,0.10857142857142858,0.11843870152093776,0.5428571428571428,0.130663369615647,0.1,0.13576538852419506,0.6571428571428571,0.21280845671601972,0.0,False
157,157000,no_update,0.08911440600721413,0.11750000000000001,0.1404471607959711,0.6,0.13915379130039449,0.09375,0.14480823852994845,0.7,0.2925431951089846,0.0,False
158,158000,no_update,0.04645163101784334,0.07391304347826087,0.07312589607319497,0.3695652173913043,0.08853519466674722,0.06847826086956521,0.08664627506962994,0.6304347826086957,0.1590355944029049,0.0,False
159,159000,no_update,0.06774344657954023,0.13846153846153844,0.16082750666923648,0.6153846153846154,0.12077798021368426,0.11025641025641025,0.15562741606096156,0.7692307692307693,0.33845321345321344,0.0,False
160,160000,no_update,0.06881325783069836,0.10540540540540541,0.11486632201423036,0.5675675675675675,0.10037745233335675,0.09054054054054052,0.12204136570711555,0.7297297297297297,0.22303873422294476,0.0,False
161,161000,no_update,0.05288683425711027,0.09677419354838711,0.1061841087475437,0.41935483870967744,0.09370172153703601,0.09193548387096773,0.11886880122768205,0.6451612903225806,0.20133006024347277,0.0,False
162,162000,no_update,0.07055820605633019,0.1176470588235294,0.12260192461084544,0.5882352941176471,0.12476808544422816,0.09852941176470588,0.13184583142586137,0.7941176470588235,0.2338892574573689,0.0,False
163,163000,no_update,0.08286148952861129,0.13157894736842105,0.15209419209404693,0.6052631578947368,0.13935588608955646,0.10657894736842105,0.15883929258865193,0.7631578947368421,0.29880886657202443,0.0,False
164,164000,no_update,0.047771291793658396,0.0675,0.07304787938656046,0.525,0.11324535942344234,0.07875000000000001,0.1006804604624623,0.775,0.19815544287583758,0.0,False
165,165000,no_update,0.11414933072499175,0.11590909090909092,0.13638794044296637,0.5681818181818182,0.164930811105753,0.10113636363636362,0.15558120406267664,0.6818181818181818,0.23062463519999407,0.0,False
166,166000,no_update,0.08533615448875566,0.13611111111111113,0.1382915199162291,0.6666666666666666,0.12515245518982454,0.10277777777777779,0.1363190431677212,0.7222222222222222,0.2623427611785455,0.0,False
167,167000,no_update,0.10689792200114678,0.10465116279069768,0.12268234857633022,0.5116279069767442,0.16563339594663692,0.08953488372093023,0.14239602802903512,0.6976744186046512,0.22801788954319727,0.0,False
168,168000,no_update,0.07615915121376046,0.12894736842105264,0.14320736086925787,0.5789473684210527,0.1164068780936882,0.10789473684210525,0.13996300304318507,0.7368421052631579,0.28057091257555655,0.0,False
169,169000,no_update,0.04601083176277325,0.11388888888888887,0.1268205974168943,0.5833333333333334,0.06798284247972555,0.0875,0.11269724760535242,0.6666666666666666,0.27298976608187137,0.0,False
