batch,interactions,strategy,recall_at_10,precision_at_10,ndcg_at_10,hr_at_10,recall_at_20,precision_at_20,ndcg_at_20,hr_at_20,mrr,id_resolution_emissions_mg,expand_embeddings_emissions_mg,scoring_emissions_mg,update_prep_emissions_mg,history_update_emissions_mg,batch_emissions_mg,update_emissions_mg,updated
1,1000,incremental,0.05513505485945336,0.11481481481481481,0.12031361844656975,0.5555555555555556,0.08380334089102677,0.0962962962962963,0.12325311609945944,0.6666666666666666,0.23925977798526818,11.725688534230512,55.3363941739683,13.254969566164313,11.656965064565776,11.660955109369123,103.63497244829804,0.0,False
2,2000,incremental,0.0773859319774522,0.08571428571428572,0.1073293465085967,0.5,0.11883097388222208,0.0773809523809524,0.12232321823206448,0.6666666666666666,0.24924722414218212,11.714820097278706,54.67726066601595,13.284278739040113,11.656704378658398,11.658513281595289,102.99157716258847,0.0,False
3,3000,incremental,0.04665526984228189,0.13030303030303034,0.13746286707128416,0.48484848484848486,0.06807987395938575,0.09696969696969697,0.12213992265154613,0.6060606060606061,0.24757290639643578,11.726882496106237,54.87176414817221,13.183519773271406,11.656681758994823,11.659991648882656,103.09883982542733,0.0,False
4,4000,incremental,0.07163121994360878,0.13513513513513514,0.1498620344832649,0.5135135135135135,0.11684072035815535,0.11351351351351349,0.14925353835438243,0.7027027027027027,0.28257249228611453,11.71597792603543,54.37125676364718,13.143358978059267,11.655051791079085,11.65716920525613,102.5428146640771,0.0,False
5,5000,incremental,0.06402803196482891,0.19999999999999998,0.21328231721680255,0.6538461538461539,0.10238411606690495,0.175,0.19822096135534514,0.8461538461538461,0.4136427674889213,11.681737676299534,54.898731765555,13.217218934648235,11.65752107545057,11.661224294404171,103.1164337463575,0.0,False
6,6000,incremental,0.0752500052351872,0.10270270270270272,0.126034761417777,0.5405405405405406,0.1331313440162844,0.0972972972972973,0.14119841692640994,0.7567567567567568,0.25905025905025897,11.727620051670277,54.48020361361662,13.27681338789122,11.655055193095492,11.656473171636392,102.79616541791,0.0,False
7,7000,incremental,0.04612688159297531,0.11562499999999999,0.11740022599287678,0.5625,0.07816544883384055,0.0890625,0.11033601956977439,0.625,0.22435628607503605,11.702658350113186,54.35307931379017,13.233845892619811,11.657426907007778,11.658982499671684,102.60599296320262,0.0,False
8,8000,incremental,0.05955892041606778,0.09705882352941175,0.10741684599784032,0.5,0.0868946063748456,0.07647058823529411,0.10526269784789206,0.6470588235294118,0.21404619202606817,11.714694195079801,54.61005439835276,13.31949201257578,11.657166205332144,11.660708760812119,102.9621155721526,0.0,False
9,9000,incremental,0.07721377953601685,0.08611111111111111,0.11071669234068533,0.5555555555555556,0.16332937120414473,0.08749999999999998,0.1454870975454103,0.75,0.2487845601203444,11.727226734430932,55.68278041657168,13.264595685928997,11.65651016412912,11.660068219873686,103.99118122093441,0.0,False
10,10000,incremental,0.08734967377276638,0.12500000000000003,0.14597740273653376,0.6071428571428571,0.11082787124005086,0.09821428571428571,0.14190827680803259,0.6785714285714286,0.29342185592185593,11.731658840311368,55.242887564292296,13.224058725716178,11.65736032004744,11.662482866995694,103.51844831736298,0.0,False
11,11000,incremental,0.057335490684827864,0.11875000000000001,0.12439922038408735,0.5625,0.10528497727372985,0.0953125,0.12659476921252397,0.6875,0.25769898504273503,11.72053302091647,54.63597532862942,13.251695888428843,11.656608341668786,11.65995735277368,102.9247699324172,0.0,False
12,12000,incremental,0.06878409569961445,0.09473684210526315,0.09502687940412374,0.6052631578947368,0.11663660737468151,0.09210526315789473,0.11630174409556468,0.6842105263157895,0.20027151211361738,11.730123628208743,55.177357022057755,13.28852791624281,11.657760706700742,11.660458903802688,103.51422817701274,0.0,False
13,13000,incremental,0.035850757810661424,0.07027027027027029,0.06835493275897121,0.40540540540540543,0.06689845776636855,0.07027027027027029,0.07755659172192222,0.5675675675675675,0.1440913926208044,11.715547312763068,54.61021101902221,13.2250757074342,11.657646697761734,11.66198409119205,102.87046482817327,0.0,False
14,14000,incremental,0.08143117540202958,0.10666666666666666,0.12350534542479875,0.5555555555555556,0.14045549148176056,0.09888888888888887,0.13967746103960224,0.7111111111111111,0.2457075422761697,11.712680473414473,53.9361417458428,13.459133581154122,11.650663706422705,11.656968320725115,102.41558782755921,0.0,False
15,15000,incremental,0.06050463347211196,0.08666666666666668,0.10363384673470373,0.5,0.10971139652354649,0.09166666666666666,0.12168934216952804,0.7,0.262711345671872,11.729606513842008,54.198654987292365,13.29247780202476,11.657589186734544,11.660405476772093,102.53873396666577,0.0,False
16,16000,incremental,0.047933875906564984,0.09142857142857143,0.10316444569749887,0.5142857142857142,0.11074711157030928,0.09714285714285716,0.12294036261304161,0.6857142857142857,0.24473459080601936,11.714961235622692,55.32570721976339,13.272978795948742,11.65693201809646,11.660977244156832,103.63155651358812,0.0,False
17,17000,incremental,0.05888876849356321,0.1125,0.1198964282371073,0.625,0.1168106569331886,0.1171875,0.13880824854858503,0.75,0.28140094688807926,11.712078064230521,53.98319791096351,13.308791211455365,11.658170868454262,11.659924176215826,102.32216223131948,0.0,False
18,18000,incremental,0.06726466010401684,0.07547169811320754,0.09466527451777532,0.4716981132075472,0.11252338103584492,0.06981132075471698,0.10779481807825436,0.5849056603773585,0.20710869319359884,11.717730441438736,11.656716197018653,13.25902391168996,11.656554481009364,11.65957800232896,59.94960303348567,0.0,False
19,19000,incremental,0.06057209545970867,0.07906976744186048,0.09080663861052343,0.4418604651162791,0.11024234548728348,0.08023255813953487,0.1118694136258799,0.6046511627906976,0.19877040983672134,11.714434206920977,54.44542510828015,13.315449500697802,11.658497769504763,11.660176303864445,102.79398288926814,0.0,False
20,20000,incremental,0.05317171926573412,0.12400000000000003,0.12496058278363624,0.56,0.09246649835906919,0.11,0.13170464329244563,0.72,0.2103203463203463,11.733148537141236,54.761244458628646,13.181449589934855,11.690979436973763,11.660725900982696,103.0275479236612,210.57663724733095,True
21,21000,incremental,0.045436223517381066,0.061111111111111116,0.07513831846522784,0.3333333333333333,0.0724547605359181,0.05416666666666667,0.08005750935697202,0.4444444444444444,0.16717898735442593,11.76078795668686,11.760410589109135,13.411132968203354,11.65898328414584,11.665016564979101,60.25633136312429,0.0,False
22,22000,incremental,0.07979459223584418,0.09411764705882354,0.10752333128042507,0.5588235294117647,0.12064493401033104,0.08529411764705883,0.12273363647983869,0.6470588235294118,0.19768144437262083,11.730980999398195,60.14994132025157,13.29387756063196,11.65966852434636,11.66087376451748,108.49534216914556,0.0,False
23,23000,incremental,0.022765018207430744,0.07272727272727274,0.07770227506393322,0.45454545454545453,0.08324566674412819,0.09318181818181817,0.10319292690510745,0.7727272727272727,0.21317527169799896,11.733333326153453,56.47904315283755,13.270196771667225,11.65607999631217,11.660606290345761,104.79925953731617,0.0,False
24,24000,incremental,0.061280731549764,0.11111111111111113,0.14307494627707826,0.48148148148148145,0.08531471735797087,0.0851851851851852,0.1370163649510267,0.6296296296296297,0.2886496544391281,11.716554333250032,11.658730115788034,13.290147463854066,11.657337319263654,11.659610902941317,59.9823801350971,0.0,False
25,25000,incremental,0.06119324354877379,0.11250000000000002,0.11520711319208948,0.375,0.08055311779572914,0.084375,0.11306048692214812,0.46875,0.1746128871128871,11.716564428920426,56.09849434382074,13.278969316725657,11.657250092826644,11.659098885685466,104.41037706797894,0.0,False
26,26000,incremental,0.05790762830609042,0.10370370370370371,0.11751888948406257,0.5185185185185185,0.10567763907217655,0.09444444444444444,0.13360782341041877,0.6666666666666666,0.2306047347714014,11.715775575049745,56.127943772815975,13.267873124045252,11.656628154570539,11.659512366672327,104.42773299315384,0.0,False
27,27000,incremental,0.07146461970452989,0.10238095238095238,0.11287093490260082,0.42857142857142855,0.10430419107433328,0.0892857142857143,0.12228829456713301,0.5476190476190477,0.20690460333317479,11.712974193965175,11.65664463641334,13.319758005047536,11.659342183072043,11.660246740976751,60.00896575947484,0.0,False
28,28000,incremental,0.08041038278283907,0.08717948717948719,0.10757426283582408,0.4358974358974359,0.13524570800134747,0.08846153846153847,0.13186557495991746,0.6666666666666666,0.22525446733591528,11.710838027306249,56.11958216421688,13.324674892848526,11.657306724768834,11.658772087129801,104.47117389627029,0.0,False
29,29000,incremental,0.06571109872672314,0.08095238095238096,0.10854322027318279,0.47619047619047616,0.11973463763116461,0.08333333333333334,0.12430565336344802,0.7380952380952381,0.259778776966968,11.710796052022323,56.58142148267427,13.312994566877771,11.656405170730379,11.659507864815541,104.92112513712028,0.0,False
30,30000,incremental,0.04089388473354674,0.08800000000000001,0.08096125297721266,0.48,0.08063437119274224,0.09399999999999999,0.09607841039332557,0.64,0.15958730158730158,11.71536617017646,11.657501757988877,13.30225357985132,11.659039529765113,11.659964420925734,59.9941254587075,0.0,False
31,31000,incremental,0.0904062729037981,0.17419354838709675,0.19148091819914606,0.6451612903225806,0.15329871778805704,0.132258064516129,0.18879212559495698,0.7741935483870968,0.3276864679091784,11.71521808588467,56.11878916992035,13.29737445341728,11.659714015967246,11.659920202597949,104.45101592778748,0.0,False
32,32000,incremental,0.04437949204207882,0.0892857142857143,0.10323502506889692,0.39285714285714285,0.08051038882801097,0.08571428571428572,0.11055614837708073,0.6428571428571429,0.21263233363520848,11.732248969403228,55.93758151380178,13.267794281069268,11.655851071755343,11.660776233479545,104.25425206950916,0.0,False
33,33000,incremental,0.0633198443129557,0.10857142857142857,0.12328144899848013,0.6,0.11237225885929444,0.09857142857142857,0.13447843469073945,0.6857142857142857,0.25367346938775515,11.718444923999957,55.90514032451088,13.271009087296482,11.655845450347057,11.66078405062665,104.21122383678102,0.0,False
34,34000,incremental,0.06147144482518623,0.11388888888888887,0.11430954731344646,0.5555555555555556,0.11715000190894835,0.10833333333333332,0.13340102554506947,0.6666666666666666,0.21271721651623615,11.711093647638876,56.524645225717975,13.237107605408236,11.656982885451926,11.65938231346194,104.78921167767896,0.0,False
35,35000,incremental,0.06633113658872303,0.19130434782608696,0.19016767984753546,0.7391304347826086,0.0916483250995706,0.13913043478260867,0.15907244095534354,0.8260869565217391,0.32401656314699795,11.71222303033518,11.656506423094077,13.262598509962507,11.656181366937608,11.662117380851956,59.949626711181324,0.0,False
36,36000,incremental,0.060611306863958665,0.11621621621621618,0.12424980938295786,0.5675675675675675,0.0949607235632985,0.09729729729729729,0.12386963741817689,0.6486486486486487,0.2552123552123552,11.71308839606651,56.07982426129431,13.270999163518104,11.65870972340017,11.660069966216557,104.38269151049565,0.0,False
37,37000,incremental,0.04603196870948295,0.09393939393939395,0.09654189423043419,0.45454545454545453,0.11428704059303509,0.09393939393939395,0.12017451043815637,0.696969696969697,0.2028144383266815,11.712120311517786,55.97958969959585,13.304847781544192,11.657152526308844,11.661112362941918,104.3148226819086,0.0,False
38,38000,incremental,0.06995877736745881,0.11515151515151516,0.11813480674920096,0.696969696969697,0.1018263889843521,0.09999999999999999,0.12234210701546976,0.7272727272727273,0.21541606541606537,11.732911625927066,56.28154005312726,13.30028662479589,11.657287924982453,11.660415048146168,104.63244127697884,0.0,False
39,39000,incremental,0.05206490908991064,0.07954545454545454,0.0914073545004075,0.36363636363636365,0.10510168821871702,0.07500000000000001,0.10474896547105018,0.6136363636363636,0.20879954073118306,11.72848477089955,11.656196792302586,13.434921546743098,11.658519348458665,11.659394388056736,60.13751684646064,0.0,False
40,40000,incremental,0.06601443187799465,0.09655172413793105,0.09269502540727972,0.4827586206896552,0.09800409346124987,0.0810344827586207,0.10038727852319476,0.5862068965517241,0.12398921153458359,11.689151332157365,56.933006117603284,13.303516097961342,11.698980273755488,11.659730623956102,105.2843844454336,205.19809757175207,True
41,41000,incremental,0.07100010991700323,0.10227272727272729,0.10683123716448707,0.5681818181818182,0.1136712289969139,0.08863636363636364,0.11632605158139529,0.6590909090909091,0.20812884382403096,11.758249839630489,60.335299124946935,13.390681794356492,11.65847484630063,11.665071446636913,108.80777705187147,0.0,False
42,42000,incremental,0.05284108905240125,0.12580645161290321,0.14213559408520715,0.45161290322580644,0.09430126336478305,0.10161290322580643,0.13566649779634155,0.6451612903225806,0.29499317553846666,11.73126706442533,11.66107472000584,13.354112225568391,11.661108156741859,11.666950313636397,60.07451248037782,0.0,False
43,43000,incremental,0.068767449006007,0.11333333333333333,0.12376826250194299,0.5111111111111111,0.1228219232894221,0.09333333333333332,0.13044174723664345,0.6666666666666666,0.2513984952478245,11.731655405741032,61.019260046843264,13.387842466211497,11.660184904860662,11.66720408119111,109.46614690484756,0.0,False
44,44000,incremental,0.05848475940837659,0.08200000000000002,0.10060731142820975,0.46,0.10045003514768355,0.07200000000000001,0.10976978651465742,0.6,0.23440410406586878,11.734907892056029,11.659932998593984,13.55834780221877,11.660578907396989,11.664304755148839,60.27807235541461,0.0,False
45,45000,incremental,0.0613052574813959,0.07307692307692307,0.08566403510315698,0.4807692307692308,0.09065558029405117,0.05961538461538461,0.09291012352620952,0.5961538461538461,0.20007109845910748,11.73644268629738,62.140446924920276,13.455866369302578,11.659883419035642,11.662438837886993,110.65507823744286,0.0,False
46,46000,incremental,0.05491643792315685,0.08936170212765958,0.1023316794471876,0.5106382978723404,0.10554025628034615,0.07659574468085105,0.11183492302928175,0.6808510638297872,0.2330558100237304,11.788595706635485,60.374737826363564,14.624102844978601,11.660350914421794,11.664680739056042,110.11246803145549,0.0,False
47,47000,incremental,0.07302352255669016,0.07441860465116279,0.09996520261840454,0.4883720930232558,0.117859610090216,0.0686046511627907,0.11586716143192187,0.6511627906976745,0.228008284724931,11.76375812587515,11.658182473942533,13.382043923221113,11.658987789944785,11.665186046888945,60.12815835987253,0.0,False
48,48000,incremental,0.05595217025297011,0.09019607843137255,0.10655906560058022,0.4117647058823529,0.10245662286298733,0.07843137254901959,0.11438723374183009,0.5490196078431373,0.23306860981009586,11.729228964928867,11.65896919120505,13.356811411263658,11.659679763221208,11.664541437721686,60.06923076834047,0.0,False
49,49000,incremental,0.08862712927567731,0.09777777777777777,0.11872553382917439,0.5555555555555556,0.14863515191958973,0.08666666666666667,0.14322792181870642,0.7777777777777778,0.2722206896226504,11.726923103487843,64.19338823561438,15.120955071077322,11.660286264284988,11.664719777489118,114.36627245195365,0.0,False
50,50000,incremental,0.07308083904108541,0.1127659574468085,0.12786889820278752,0.574468085106383,0.12082799864125887,0.09042553191489362,0.12873430697649466,0.6808510638297872,0.27885596268854945,11.743623116788893,11.658200895289447,13.34025915675826,11.65867975569737,11.665662065055669,60.06642498958964,0.0,False
51,51000,incremental,0.06395611135378784,0.10888888888888888,0.11658061370551583,0.6,0.10086647189872193,0.08444444444444443,0.11454398633491195,0.7111111111111111,0.24361695675421163,11.72287064764993,59.892620243407606,14.803487444076287,11.660357111374468,11.66274357655532,109.7420790230636,0.0,False
52,52000,incremental,0.08550778601406427,0.13636363636363635,0.15440475188434497,0.5,0.1338304844218559,0.1159090909090909,0.16174596137803873,0.5909090909090909,0.2622864917316789,11.732237518165267,11.660571335909282,13.375336128548971,11.660749939795302,11.66256860332584,60.09146352574466,0.0,False
53,53000,incremental,0.06021253742106389,0.11666666666666665,0.12922048101504427,0.47619047619047616,0.09508642665754002,0.09166666666666667,0.11919627658065672,0.5952380952380952,0.2626259089494384,11.723081667272712,58.89931041375574,14.672708677821584,11.658607907319428,11.661102775800506,108.61481144196996,0.0,False
54,54000,incremental,0.0777823877623672,0.08703703703703701,0.10410233585468333,0.5555555555555556,0.13576615114727184,0.08425925925925924,0.12508702806044503,0.8148148148148148,0.20667686032323118,11.701736364266683,58.68767846847669,14.043640876638259,11.658371311472349,11.663138210450327,107.75456523130431,0.0,False
55,55000,incremental,0.05158932839366874,0.09393939393939396,0.12046111270160298,0.42424242424242425,0.09574880665393116,0.09848484848484848,0.13533724364917551,0.6666666666666666,0.2502566877566878,11.72631922784998,58.96903859256737,14.1453077015085,11.658489085099138,11.663990445106437,108.16314505213143,0.0,False
56,56000,incremental,0.05446090795419065,0.1236842105263158,0.14542075495318518,0.6052631578947368,0.1007328024998753,0.11447368421052631,0.145596654189195,0.8157894736842105,0.35302679776363993,11.722111300259408,58.748954868662395,13.838607692882517,11.656242512563496,11.659611766257246,107.62552814062506,0.0,False
57,57000,incremental,0.08374905668830371,0.15333333333333332,0.17729553261492798,0.6,0.13615741531207037,0.12333333333333332,0.1740510332525944,0.7333333333333333,0.3498420715087382,11.694198150459176,58.501446738913955,13.948499464919681,11.657899720261822,11.661010818864517,107.46305489341914,0.0,False
58,58000,incremental,0.059390011313579884,0.10810810810810811,0.11712261371912866,0.5405405405405406,0.11479889946700451,0.09864864864864865,0.12861698876885763,0.7027027027027027,0.2452273702273702,11.74031826488113,58.559932709219446,13.711926699935123,11.659879768667441,11.662736658202277,107.33479410090541,0.0,False
59,59000,incremental,0.06226922644629141,0.12333333333333332,0.15179856710452883,0.5333333333333333,0.10059765224540078,0.10833333333333332,0.14680777370974152,0.6666666666666666,0.32009203415550164,11.72591870054248,63.95194623791661,13.664283919224973,11.655989182581504,11.659499688938466,112.65763772920404,0.0,False
60,60000,incremental,0.09649375154239803,0.1375,0.15159164912786166,0.75,0.1257051828222802,0.11093750000000001,0.15220661708232983,0.8125,0.29234871031746035,11.692194595421153,58.5969232535068,13.297396244243801,11.70138441128777,11.664430073919824,106.95232857837934,259.6562953614944,True
61,61000,incremental,0.08186857043780135,0.11521739130434783,0.13668894371025303,0.5652173913043478,0.14371265742953013,0.1076086956521739,0.15504010157175932,0.782608695652174,0.2842189402258052,11.740388611325079,11.658732871303902,13.46126595216067,11.657019331258804,11.66014589070504,60.17755265675349,0.0,False
62,62000,incremental,0.04103692120565504,0.07435897435897437,0.0888140793069578,0.46153846153846156,0.10560018743092783,0.0846153846153846,0.10994646299499558,0.717948717948718,0.22225113318230727,11.72718764475087,62.153338838121314,15.198396814406108,11.657263290915965,11.661932453867207,112.39811904206147,0.0,False
63,63000,incremental,0.04559584416354505,0.17600000000000002,0.18720040951175584,0.56,0.08361899122460191,0.154,0.17762388099934795,0.68,0.3282845651080945,11.740829813027855,11.6572342180642,13.346345967835127,11.656134692693277,11.660070226392552,60.060614918013016,0.0,False
64,64000,incremental,0.05977228525545996,0.08717948717948719,0.08864646741863835,0.5641025641025641,0.11835175578014155,0.09999999999999999,0.11439948788444411,0.7692307692307693,0.18630315553392476,11.720877740176334,62.78298875714641,13.563052663543955,11.658269574233923,11.661438207515896,111.38662694261653,0.0,False
65,65000,incremental,0.07811895410305536,0.12000000000000001,0.13770831940814354,0.6,0.1318535429931443,0.11142857142857142,0.1492537320405834,0.8,0.28532797734478405,11.749055383932818,61.26626264571326,13.466375532515846,11.660282203941781,11.661260802021955,109.80323656812566,0.0,False
66,66000,incremental,0.09165708847384524,0.12954545454545452,0.1538356350534723,0.6363636363636364,0.14365405383683183,0.10795454545454543,0.16165218936249295,0.7045454545454546,0.2832078905942542,11.742785802909204,11.658369025066042,13.408489874776503,11.657673381709754,11.662700410764067,60.13001849522558,0.0,False
67,67000,incremental,0.10035949788682608,0.13191489361702127,0.15721532031045615,0.5319148936170213,0.13671935424668244,0.09893617021276593,0.15061188015788501,0.6808510638297872,0.2684940650366182,11.72127152652188,11.659467580684042,13.509764166647585,11.659961302739468,11.662001215594422,60.2124657921874,0.0,False
68,68000,incremental,0.04096666787419049,0.06571428571428573,0.08168380610440851,0.42857142857142855,0.08245579473976106,0.0642857142857143,0.08876693984909849,0.6857142857142857,0.205135575761405,11.73785790538253,11.657053879662003,13.391366474281227,11.657609318944246,11.663228168751552,60.10711574702156,0.0,False
69,69000,incremental,0.0687952562084963,0.0975,0.11650445106619864,0.525,0.11807205610692903,0.08625000000000001,0.12798877636852393,0.7,0.24680776277815752,11.721276355572234,11.659471483345223,13.39415287353405,11.660093169306613,11.661647716073102,60.09664159783122,0.0,False
70,70000,incremental,0.06495498956608957,0.1,0.11021496617805183,0.5428571428571428,0.12059941698184554,0.10285714285714286,0.13477058091993208,0.8,0.22217834624955368,11.721001001179301,60.83965752697214,13.477516477913841,11.660330391945715,11.665115298351708,109.3636206963627,0.0,False
71,71000,incremental,0.07678614132717784,0.11212121212121212,0.12181239626278742,0.6363636363636364,0.11491348292392875,0.09545454545454546,0.13188608883100278,0.6666666666666666,0.24106541606541607,11.723317544614677,11.659364617457555,13.382284324340263,11.658588949850154,11.661830783642884,60.08538621990554,0.0,False
72,72000,incremental,0.058364881162106454,0.10357142857142858,0.11240436865350158,0.7142857142857143,0.08547179426255494,0.1,0.12201694965262048,0.7857142857142857,0.2772743442856224,11.721263307283222,60.43295965383385,13.450456183313268,11.658480629334402,11.662476260066931,108.92563603383167,0.0,False
73,73000,incremental,0.0747091934348963,0.08666666666666668,0.10284670366057287,0.5333333333333333,0.13055232747570475,0.08444444444444445,0.12090045585991752,0.7111111111111111,0.21392855873248026,11.722810613690356,60.84136824647656,13.69741649318891,11.660091340182088,11.660930770957846,109.58261746449577,0.0,False
74,74000,incremental,0.055049846991843183,0.14193548387096774,0.15170405000647277,0.4838709677419355,0.09817384508660316,0.11129032258064514,0.14205713553499708,0.6774193548387096,0.26254933521487006,11.736541727154492,11.658711860008768,13.413463007308154,11.659030372309504,11.663163502846109,60.130910469627025,0.0,False
75,75000,incremental,0.07737469641326841,0.13333333333333333,0.1426742310145088,0.5151515151515151,0.16364670607884665,0.13787878787878788,0.1720140915042403,0.7575757575757576,0.25439327458044037,11.736036419319856,11.659717059252921,13.395497237982806,11.658367929166628,11.659643854800006,60.10926250052222,0.0,False
76,76000,incremental,0.07519596362072307,0.11904761904761904,0.13769976758404343,0.6190476190476191,0.10898241019904871,0.09761904761904763,0.1355974643911443,0.6666666666666666,0.3105347694633409,11.726135605692571,11.661012135520503,13.418459007328957,11.659043448193628,11.660426941405115,60.125077138140774,0.0,False
77,77000,incremental,0.0573160518307649,0.15333333333333332,0.17145991853107162,0.6333333333333333,0.0932608624793007,0.12000000000000002,0.15728369302607084,0.7,0.33728956228956236,11.71803725311029,60.064712910705595,13.457799658653236,11.659101586011106,11.662763263309284,108.56241467178951,0.0,False
78,78000,incremental,0.05085426909533058,0.11290322580645161,0.11653687635363894,0.6129032258064516,0.09735097749184825,0.11129032258064514,0.1296568980933265,0.8064516129032258,0.2513957816377171,11.720800140301025,11.660293896154084,13.386046623152167,11.658580194485666,11.660820913030404,60.08654176712335,0.0,False
79,79000,incremental,0.05723736910688536,0.09655172413793105,0.11550070650721588,0.5172413793103449,0.11792794487506282,0.08448275862068964,0.12665451315906695,0.6551724137931034,0.2658563658563658,11.71968792536976,59.63742951638727,13.445340602460249,11.658637760703083,11.662000193970664,108.12309599889103,0.0,False
80,80000,incremental,0.045996813491712786,0.1357142857142857,0.1447819065847961,0.5357142857142857,0.05908592795852353,0.10178571428571427,0.12622452631886802,0.5357142857142857,0.2976615646258503,11.721703105604247,11.657727648405059,13.394158247005683,11.705561969081387,11.661287919599236,60.140438889695616,252.71656103777357,True
81,81000,incremental,0.06783636785074594,0.1421052631578947,0.1468512167685037,0.631578947368421,0.12437756653686043,0.13026315789473683,0.1552753840299099,0.8157894736842105,0.2624601275917065,11.747912692287517,63.95708583772919,13.455589919636468,11.657995027966258,11.6624804780939,112.48106395571332,0.0,False
82,82000,incremental,0.04613013801657886,0.09666666666666666,0.11463242634393596,0.6,0.07094819039058071,0.08499999999999998,0.11276760491878676,0.6666666666666666,0.3124747474747475,11.72568080380805,63.97189856297003,13.433014280406914,11.658226503050152,11.66148047845525,112.4503006286904,0.0,False
83,83000,incremental,0.06784554099310372,0.09722222222222224,0.1108422457677004,0.5,0.11096804916113852,0.07777777777777778,0.1176220116366692,0.6388888888888888,0.22655635259801926,11.72427427307242,63.133790813301935,13.456733177059228,11.65949720542507,11.66223682197952,111.63653229083816,0.0,False
84,84000,incremental,0.08392822364194497,0.20303030303030303,0.20501952172843074,0.6363636363636364,0.12212793433409676,0.15606060606060607,0.18756304191980044,0.8181818181818182,0.3223306699242528,11.729957564083834,11.65915391714359,13.531698866474025,11.659010965442764,11.66270497569323,60.24252628883744,0.0,False
85,85000,incremental,0.048302373191712974,0.14666666666666667,0.16723403132454384,0.4666666666666667,0.08905744925858948,0.12499999999999999,0.1598617339849481,0.6666666666666666,0.3514430014430014,11.728680022195585,11.658219170778208,13.462071054827495,11.660549788490918,11.661275576942826,60.170795613235036,0.0,False
86,86000,incremental,0.051133594226885196,0.1181818181818182,0.13556985576341565,0.5151515151515151,0.07785137026661175,0.09393939393939395,0.1218274169212856,0.6363636363636364,0.3156306656306656,11.731987542893881,64.03205669005575,13.606645707120792,11.65819066558868,11.66303963870234,112.69192024436144,0.0,False
87,87000,incremental,0.05339377205854067,0.09729729729729732,0.09016092953125336,0.4864864864864865,0.08846243675770746,0.08783783783783786,0.10081225151465989,0.5945945945945946,0.14404158154158156,11.744090643712319,11.658714520914119,13.423272040890069,11.657853625503604,11.662484838036862,60.14641566905697,0.0,False
88,88000,incremental,0.05176221812425848,0.09285714285714286,0.09156691895215252,0.40476190476190477,0.09530242136781115,0.0892857142857143,0.10701166520524777,0.6190476190476191,0.1470358442522308,11.722393143318715,11.658638320477532,13.447434220534294,11.659406931761525,11.663016273984194,60.15088889007626,0.0,False
89,89000,incremental,0.04189500425304835,0.11599999999999999,0.1310281915689073,0.4,0.08245733426770906,0.11,0.1315327025243278,0.6,0.2638243978243978,11.717314015717573,61.84596676408506,13.391192286918777,11.65853204196203,11.661910086495364,110.27491519517882,0.0,False
90,90000,incremental,0.06553382818979303,0.13846153846153847,0.1408063940728376,0.5384615384615384,0.10037266879713022,0.10769230769230768,0.139170899669887,0.6538461538461539,0.255307119780804,11.728122261026735,11.658452419799001,13.411487914057746,11.658131443695666,11.662232753751125,60.118426792330276,0.0,False
91,91000,incremental,0.07264745406678198,0.11190476190476192,0.12762546247050086,0.5952380952380952,0.11560481717645474,0.09404761904761905,0.13417520360825255,0.6904761904761905,0.26359625823911537,11.726674342377175,64.27532471198379,15.481837569768231,11.657752538708419,11.662602248991085,114.8041914118287,0.0,False
92,92000,incremental,0.061549791198128784,0.10666666666666666,0.11551024531296206,0.4444444444444444,0.09260214293036118,0.08666666666666667,0.11499974290610479,0.6222222222222222,0.21954448506048094,11.75135588020286,11.65720623716969,13.419650975276046,11.660196183781169,11.66131250241939,60.149721778849155,0.0,False
93,93000,incremental,0.054140751781099915,0.1105263157894737,0.11981901899019333,0.5,0.09937868565738107,0.10789473684210525,0.13116870615771745,0.7105263157894737,0.2444940524234153,11.72695573998031,11.658256470753816,13.465166875715335,11.658429126037984,11.660844360533023,60.16965257302046,0.0,False
94,94000,incremental,0.053233004762004495,0.1054054054054054,0.10510136607551604,0.4594594594594595,0.0849088678024482,0.08783783783783783,0.10810343822501105,0.5405405405405406,0.17768377621318798,11.725802890072758,11.657450729006188,13.640444404251772,11.662587399171795,11.661137470059257,60.34742289256177,0.0,False
95,95000,incremental,0.080011117825342,0.11212121212121212,0.1363197145649468,0.6060606060606061,0.13831341432513897,0.09545454545454544,0.14512528394362417,0.696969696969697,0.289009139009139,11.733577699728215,11.658080606614593,13.44729869994822,11.658769532661012,11.66208204403385,60.15980858298589,0.0,False
96,96000,incremental,0.07773723183926477,0.11666666666666667,0.10702381562601736,0.6666666666666666,0.11341889497499381,0.09499999999999999,0.11789774797019474,0.7,0.19333333333333333,11.729372776003027,11.657634899112438,14.057245920047826,11.658573425932934,11.660717496463427,60.76354451755965,0.0,False
97,97000,incremental,0.07271027855586679,0.09375,0.11481110747639778,0.5,0.10297170099100247,0.08125,0.12348798632144563,0.65625,0.2515180693489517,11.72474161025526,11.659306298303363,13.556950655718714,11.658909756441515,11.661778657499205,60.26168697821806,0.0,False
98,98000,incremental,0.04191724459230686,0.11818181818181818,0.1288365100409522,0.45454545454545453,0.07128012188974892,0.10909090909090904,0.1281643347838823,0.7272727272727273,0.2781686933090676,11.728372181109629,11.658101227642048,14.123155789047894,11.658414741384792,11.663350440291667,60.83139437947602,0.0,False
99,99000,incremental,0.0847634220640628,0.11176470588235295,0.1401774865385342,0.6470588235294118,0.1412674853869974,0.10588235294117646,0.155254025527675,0.7941176470588235,0.31302447552447554,11.72604932929769,11.658686555787376,13.88894707419,11.660087839612462,11.662444522369391,60.59621532125691,0.0,False
100,100000,incremental,0.05878278938739644,0.06888888888888889,0.09152424889105654,0.4444444444444444,0.11754671230805162,0.06666666666666667,0.10998995153823275,0.6666666666666666,0.2401835691541574,11.72602880682161,11.65786875915488,13.691183227219557,11.725319688394437,11.660798679690235,60.46119916128072,339.3874328464722,True
101,101000,incremental,0.06594322202810148,0.08235294117647059,0.0941206454825147,0.4411764705882353,0.13487774983444753,0.07058823529411766,0.10872826175512376,0.7352941176470589,0.21264587488635933,11.75744760633507,64.55464082346859,14.848934784782164,11.65678582206245,11.660996457860811,114.47880549450906,0.0,False
102,102000,incremental,0.06590721943007098,0.08181818181818183,0.09691743180405114,0.45454545454545453,0.1109578364291973,0.0784090909090909,0.11698209258562228,0.6136363636363636,0.18969632009404735,11.723159211957796,11.658954865680776,13.479873455074163,11.658886876601132,11.662035330367928,60.18290973968179,0.0,False
103,103000,incremental,0.05731678959397365,0.09677419354838711,0.10913912035750824,0.45161290322580644,0.10858459845422919,0.10161290322580643,0.12929695845631506,0.6774193548387096,0.22035692801821832,11.723924707950777,63.43960442614129,16.312469884337265,11.657295612040041,11.660836133407445,114.79413076387681,0.0,False
104,104000,incremental,0.08544174100924523,0.13793103448275862,0.15129471746790196,0.6206896551724138,0.1331723096931013,0.11379310344827588,0.15816225165747214,0.7931034482758621,0.2803366174055829,11.720264494209307,11.657652267923687,13.876515172480536,11.65698641487911,11.661531792529766,60.5729501420224,0.0,False
105,105000,incremental,0.07181958162925337,0.0945945945945946,0.11054725563140148,0.5405405405405406,0.10952182495121901,0.07972972972972973,0.11931527795863969,0.6756756756756757,0.25171270171270166,11.72373912368234,11.659233472290781,13.573251384018867,11.658106060633694,11.660895970263402,60.275226010889085,0.0,False
106,106000,incremental,0.058480808033872525,0.14838709677419354,0.1524215589523069,0.5483870967741935,0.08268405294132329,0.1193548387096774,0.14262082961857575,0.6129032258064516,0.2341141833077317,11.724532313843461,11.657741906914362,15.918137195961371,11.657808942010586,11.66042105587954,62.618641414609314,0.0,False
107,107000,incremental,0.04902489669556876,0.10810810810810811,0.10729848139139499,0.5945945945945946,0.09797938790051355,0.10270270270270272,0.11456095953727916,0.7297297297297297,0.2146771605749934,11.723437286385863,11.657088577862046,14.018164222676447,11.657009204052438,11.660836598573546,60.716535889550336,0.0,False
108,108000,incremental,0.05125651444022052,0.09393939393939395,0.10366049227140316,0.42424242424242425,0.08997557753361807,0.0893939393939394,0.11681166293429561,0.5757575757575758,0.19814848451212086,11.724673483723066,11.657885276477112,13.667636395327253,11.659234138500924,11.66227553322033,60.371704827248685,0.0,False
109,109000,incremental,0.05194908176173585,0.06756756756756757,0.07955029940027042,0.2972972972972973,0.10122996740865244,0.07837837837837838,0.10487879349308207,0.5675675675675675,0.15174322674322674,11.724171818374915,11.658330633133179,14.3203168804229,11.657767498906429,11.661243571181936,61.02183040201936,0.0,False
110,110000,incremental,0.040593330873123425,0.08124999999999999,0.07635473569201133,0.53125,0.06781128276015401,0.08281250000000001,0.088865781240748,0.625,0.1738305097680098,11.725216304403832,11.657937367140491,13.679183341101798,11.657454473984474,11.660728065184673,60.38051955181526,0.0,False
111,111000,incremental,0.0578708036239375,0.08214285714285716,0.08984886248446682,0.5,0.0834586565226684,0.08214285714285716,0.10371863186289079,0.6785714285714286,0.18546162637549193,11.722168219974877,11.657204163633903,13.743084620312581,11.65814324628929,11.66073587445006,60.441336124660715,0.0,False
112,112000,incremental,0.04462205154324476,0.10416666666666667,0.10690733952823528,0.5,0.09104878027739689,0.10208333333333332,0.11881850774821645,0.75,0.1896703582365347,11.723327172223282,64.692625125512,15.329880609480858,11.66313848639626,11.65957058727428,115.06854198088666,0.0,False
113,113000,incremental,0.07249904172494878,0.11395348837209301,0.12689405537248644,0.5581395348837209,0.10933556794102259,0.08720930232558138,0.12493615890008083,0.627906976744186,0.2305186415651532,11.723096118944342,64.15603612701902,13.856405569364142,11.658511984650316,11.66202233332525,113.05607213330308,0.0,False
114,114000,incremental,0.05981950733696579,0.08837209302325583,0.10049494353574301,0.5116279069767442,0.13378810268168514,0.09767441860465116,0.1304827223184103,0.7209302325581395,0.22960374758560373,11.724937831825502,11.657655977421674,13.663685407047655,11.658629277343236,11.661644073589217,60.36655256722729,0.0,False
115,115000,incremental,0.06431212365709903,0.1,0.11342672197866198,0.5,0.11337527570237625,0.09523809523809523,0.12765680085610154,0.6666666666666666,0.2330437089365661,11.722701958099755,11.658050374790605,13.627744922604935,11.65730988237669,11.659931926347525,60.325739064219505,0.0,False
116,116000,incremental,0.04442720243230719,0.07894736842105265,0.09468966789060818,0.5526315789473685,0.09530487095804156,0.08157894736842104,0.10856368647332357,0.7105263157894737,0.2216272762325394,11.720202248741845,11.657144555419704,13.70074860886257,11.659918602113448,11.660308091592311,60.39832210672988,0.0,False
117,117000,incremental,0.07665863480872238,0.11041666666666668,0.11490590907980436,0.5,0.1254831976973623,0.08854166666666667,0.12473298658035796,0.625,0.21184382746882746,11.725356618853128,11.657900465316882,13.707174525983898,11.657557149437684,11.659848539498016,60.407837299089614,0.0,False
118,118000,incremental,0.08347935961094656,0.13030303030303034,0.14573504598579246,0.45454545454545453,0.1313555794110415,0.10454545454545455,0.1500294671760354,0.5757575757575758,0.2543799337916985,11.726459171742393,11.658531087976876,13.63927016983374,11.658773167260577,11.660992665578352,60.344026262391935,0.0,False
119,119000,incremental,0.051359356224111634,0.08604651162790698,0.08939125550288611,0.4418604651162791,0.09047329557996893,0.07790697674418604,0.10135658717309821,0.6744186046511628,0.18460722094443022,11.735191308004724,11.660934228163722,13.813715169775504,11.659424032511161,11.66190377522268,60.5311685136778,0.0,False
120,120000,incremental,0.04372555758230475,0.1,0.1113482760479629,0.5428571428571428,0.09306071206813724,0.08857142857142858,0.11407170724722024,0.7428571428571429,0.2484288843742625,11.70311919915061,11.658333751319445,13.441745537107197,11.712081773728942,11.662346672021776,60.177626933327964,298.6967989099549,True
121,121000,incremental,0.10723852544568295,0.1625,0.18610374049171705,0.6666666666666666,0.13100346549489142,0.125,0.17830763687643744,0.7083333333333334,0.3535818713450292,11.787241464085788,11.658226211335581,13.504554754741397,11.657925253124105,11.661778535294875,60.26972621858175,0.0,False
122,122000,incremental,0.0626147700332343,0.09999999999999999,0.1046863729514532,0.5714285714285714,0.12370763773878361,0.0989795918367347,0.12363493020521327,0.7142857142857143,0.23882870620249785,11.720765390851179,11.65845340926272,13.509807238985816,11.657394526751533,11.660944150381283,60.207364716232526,0.0,False
123,123000,incremental,0.061112319613758896,0.08837209302325581,0.11535202853910383,0.46511627906976744,0.09425912539127505,0.07325581395348837,0.11512950731817585,0.6046511627906976,0.2666676754498052,11.721144595440784,11.659023189836137,13.477993100840733,11.658704247846998,11.661355005942662,60.17822013990731,0.0,False
124,124000,incremental,0.057970201775874856,0.0744186046511628,0.0849143554938925,0.6046511627906976,0.1017959405213406,0.07209302325581395,0.09729319858485402,0.7441860465116279,0.220851025399589,11.717393176655793,65.83541240542598,15.010123806478287,11.657608024679202,11.66048132636259,115.88101873960186,0.0,False
125,125000,incremental,0.05570412287302399,0.11176470588235293,0.12668823843521032,0.5882352941176471,0.08853139004472041,0.09852941176470588,0.12390545070021124,0.7058823529411765,0.29772958202888994,11.71822175882395,11.658659603775574,13.487731297594923,11.657770676225947,11.66260511094308,60.184988447363466,0.0,False
126,126000,incremental,0.04568635504742752,0.07948717948717951,0.07277882936715721,0.5384615384615384,0.0797058756222283,0.07435897435897437,0.08577426660094041,0.6923076923076923,0.14391626891626888,11.718574571177934,11.657562431830263,13.633618877980854,11.657863528011237,11.661069760868573,60.32868916986885,0.0,False
127,127000,incremental,0.07831366530479225,0.1121951219512195,0.14019425972959565,0.4878048780487805,0.1259861141290292,0.10487804878048777,0.14830209475259862,0.6829268292682927,0.29398825854689326,11.717148503483447,11.658155521929864,13.537630287031865,11.658014620113608,11.661645379667727,60.2325943122265,0.0,False
128,128000,incremental,0.046857099919848204,0.08378378378378379,0.1176616026187407,0.4594594594594595,0.07093305594560698,0.06486486486486487,0.10770952376863362,0.5675675675675675,0.3161957411957412,11.718223446035084,11.657578204095701,13.655063223878827,11.658590585814089,11.662044306486388,60.351499766310084,0.0,False
129,129000,incremental,0.03766675837050995,0.0774193548387097,0.06705907381956479,0.3870967741935484,0.09442349977976343,0.0967741935483871,0.09949856082465829,0.7096774193548387,0.11735814786099416,11.717599122818696,11.657336767372655,13.508870246989671,11.657255434345537,11.661463085992779,60.20252465751934,0.0,False
130,130000,incremental,0.0914388494705135,0.10303030303030304,0.14221037920138632,0.45454545454545453,0.14278580782009662,0.0893939393939394,0.15293960871605813,0.6363636363636364,0.264252182286238,11.719619660345918,11.658020919558949,13.496338249072842,11.657780779779358,11.662160053884167,60.193919662641235,0.0,False
131,131000,incremental,0.03916473449952413,0.060000000000000005,0.06185151178410148,0.3333333333333333,0.09154371000712133,0.07444444444444445,0.08456327487772808,0.5777777777777777,0.13272080449841026,11.721866252589752,66.5548329062196,13.89204427337809,11.658860799733036,11.662376387434199,115.48998061935467,0.0,False
132,132000,incremental,0.08833672987126587,0.1285714285714286,0.14792323047843223,0.5918367346938775,0.1403609662248812,0.1,0.15166655157682052,0.7142857142857143,0.3129362396587708,11.717205588767863,11.659126712838807,13.535873822377587,11.658835077648853,11.662438116486623,60.233479318119734,0.0,False
133,133000,incremental,0.11755863729839772,0.12045454545454547,0.153712758491831,0.6363636363636364,0.1713397801523469,0.09886363636363636,0.16456265614071247,0.7954545454545454,0.30076576164477237,11.720058961965304,11.65927947244065,13.500072660628874,11.658444429197765,11.660962047431445,60.19881757166404,0.0,False
134,134000,incremental,0.04651825646786897,0.11999999999999998,0.11977248519926623,0.5142857142857142,0.07862116505485939,0.10000000000000002,0.11506961565737069,0.6285714285714286,0.23000716075904049,11.72040405966225,11.656627172991138,13.49673747547131,11.657416243680135,11.661462644477899,60.19264759628273,0.0,False
135,135000,incremental,0.07117625633796251,0.11212121212121212,0.125620811926179,0.5151515151515151,0.11485417335091953,0.09999999999999999,0.13927179191296168,0.6363636363636364,0.22617168185350003,11.717531732936825,11.659142138206388,13.769542369070075,11.661387717333549,11.6612234232049,60.46882738075173,0.0,False
136,136000,incremental,0.05463931672500903,0.12333333333333334,0.13554086007487046,0.5,0.07564142870873045,0.10666666666666669,0.13557286979045627,0.6,0.24091701326995443,11.719213610181939,66.12025456101574,14.419122656761374,11.658145418376453,11.66232642943292,115.57906267576843,0.0,False
137,137000,incremental,0.06928121451524846,0.12000000000000001,0.14350676020209083,0.5428571428571428,0.10191444537218414,0.09857142857142857,0.14130892478652693,0.7428571428571429,0.2883015000872144,11.720652659147,11.657552032617522,13.49947396246838,11.656874783015637,11.66047807414465,60.19503151139319,0.0,False
138,138000,incremental,0.04804603721759214,0.08837209302325581,0.08943902983803652,0.3953488372093023,0.07221154061343457,0.0697674418604651,0.08917154333545618,0.46511627906976744,0.15115016222727362,11.715464915375978,11.657875649913677,13.776026500917846,11.658725586335267,11.661885574634073,60.46997822717684,0.0,False
139,139000,incremental,0.04052786383866065,0.08249999999999999,0.0834471725771094,0.45,0.06788025191917499,0.06875,0.08263231382547165,0.6,0.18319128787878788,11.735807384387343,11.657408789202128,13.74436708021301,11.659954731289487,11.661323378623841,60.45886136371581,0.0,False
140,140000,incremental,0.04477933942932056,0.09729729729729733,0.09564837351529541,0.4594594594594595,0.10348544941497022,0.0972972972972973,0.11096049629823711,0.7567567567567568,0.2016009516009516,11.724658101721838,11.658971576162733,13.5221133098877,11.702750346467838,11.660263057253207,60.26875639149331,316.57178923776877,True
141,141000,incremental,0.08148056757634355,0.14193548387096772,0.15182777250567459,0.6451612903225806,0.12022982193786533,0.11290322580645161,0.15236651237153384,0.7741935483870968,0.2874243587953266,11.760160318183624,11.658137735258423,13.570690801876713,11.657119952889621,11.660602860735434,60.30671166894382,0.0,False
142,142000,incremental,0.024887456000541215,0.060714285714285714,0.07250158578529006,0.2857142857142857,0.043842162611836086,0.06607142857142859,0.08227943624242814,0.42857142857142855,0.15617334054834053,11.716213496942505,11.656727562038908,13.595972866120922,11.656584078156145,11.660742229085628,60.286240232344106,0.0,False
143,143000,incremental,0.06155374975629849,0.10571428571428573,0.11143494928729046,0.4857142857142857,0.1050872911945572,0.09285714285714287,0.12065241553960013,0.6,0.2108360010670935,11.716321301041486,11.657078359986889,13.62069717398065,11.658488990489921,11.660944024235661,60.31352984973461,0.0,False
144,144000,incremental,0.026828463343241668,0.07837837837837838,0.07861338453210594,0.43243243243243246,0.058251700800961884,0.06756756756756757,0.07682096177934496,0.4864864864864865,0.1602219102219102,11.71810729260446,11.659712498267652,13.520534641089585,11.656720627918963,11.662905146706676,60.217980206587335,0.0,False
145,145000,incremental,0.07622936661666632,0.1325,0.1526852430407623,0.675,0.12198118757098882,0.10750000000000001,0.149615121225468,0.725,0.3256051587301587,11.71872055774799,11.657731007058691,13.497932818131234,11.657015877996821,11.660413388528411,60.19181364946314,0.0,False
146,146000,incremental,0.0742717091728758,0.13,0.13349568393934363,0.7,0.09596201904730005,0.10333333333333333,0.13014497970480216,0.7333333333333333,0.2696308321308321,11.713695192785284,11.657996518071172,13.47466805477586,11.657559454293642,11.660239219486376,60.16415843941233,0.0,False
147,147000,incremental,0.035566106252803945,0.09210526315789473,0.10796562782178211,0.42105263157894735,0.07159370157872409,0.07763157894736841,0.10553822499564207,0.5789473684210527,0.2360686827792091,11.717457731647354,11.656880747385259,13.823946176799717,11.658163303601004,11.661112820223266,60.517560779656606,0.0,False
148,148000,incremental,0.06181066328932572,0.10227272727272729,0.1102538000879269,0.4318181818181818,0.09894159748430537,0.09545454545454546,0.1175043149560696,0.6590909090909091,0.1916633439659755,11.713960124316857,11.656710961932202,13.506840677609059,11.657204814078877,11.661829451220864,60.19654602915787,0.0,False
149,149000,incremental,0.05493649625381326,0.11282051282051281,0.1145428629587153,0.5128205128205128,0.0946287575811227,0.09871794871794871,0.11779655269565047,0.6666666666666666,0.21702598084177033,11.717985651794189,11.65728717992913,13.536579980315267,11.659164655373338,11.661404664343317,60.23242213175524,0.0,False
150,150000,incremental,0.07885049849114631,0.11764705882352941,0.13691013989123674,0.5882352941176471,0.1455125164545736,0.09705882352941177,0.14642433086135584,0.7647058823529411,0.29456187555235996,11.719688465436015,11.657785324999463,13.73534804049309,11.657466000630432,11.660945482806772,60.43123331436578,0.0,False
151,151000,incremental,0.06962464887070163,0.090625,0.11385853487286891,0.53125,0.10477985250544206,0.0796875,0.11946028751475461,0.6875,0.23595075200749543,11.717774608521053,11.657159917711004,13.804554862783396,11.656294618998114,11.660331826863004,60.49611583487656,0.0,False
152,152000,incremental,0.042778128621191784,0.12058823529411763,0.13209514176559295,0.47058823529411764,0.11374564151933121,0.11764705882352941,0.14256390583875708,0.6470588235294118,0.25182167889780344,11.717229856220493,67.59592576305664,15.030043063194581,11.658411520704126,11.660792798105085,117.66240300128092,0.0,False
153,153000,incremental,0.07775818277053469,0.1,0.12878872694097318,0.575,0.12691101492671045,0.0875,0.13880293301890956,0.75,0.3043275101876108,11.71471552174029,66.40903838363299,14.895970345719586,11.658310733506095,11.660859561198404,116.33889454579737,0.0,False
154,154000,incremental,0.07578789932095494,0.1368421052631579,0.1653246575252807,0.5263157894736842,0.1138028157083555,0.11710526315789474,0.1638768066618196,0.6052631578947368,0.3148666622697094,11.735453648579336,11.657029143101113,13.875536818665907,11.65816542049794,11.660010543279933,60.586195574124226,0.0,False
155,155000,incremental,0.06144245105579395,0.08000000000000002,0.09634077343680948,0.4888888888888889,0.1280896875280218,0.08666666666666667,0.12547512089944732,0.7333333333333333,0.2545165945165945,11.713330885327819,66.26625694084245,16.04554130699501,11.656981842064763,11.661203089948987,117.34331406517903,0.0,False
156,156000,incremental,0.07782229306809453,0.11142857142857143,0.12292708919918419,0.5142857142857142,0.1421860013684676,0.1057142857142857,0.14481722697378133,0.7428571428571429,0.23285050788810183,11.716003222373914,11.6570267384309,13.73282977886435,11.65744067669651,11.661874875822445,60.425175292188115,0.0,False
157,157000,incremental,0.08810741326194363,0.11750000000000001,0.13598445870333675,0.575,0.1335556730208246,0.08875,0.1352549712600512,0.725,0.28233974358974356,11.715501225889602,11.657818686837059,13.849645472878077,11.656681029712304,11.660627565761652,60.54027398107869,0.0,False
158,158000,incremental,0.05405910474465101,0.08043478260869566,0.07852254232475418,0.45652173913043476,0.09909600223950711,0.075,0.09295943734691839,0.6521739130434783,0.1557352156936556,11.718485858572963,11.657319542198245,13.596037725376043,11.6567118410172,11.660724730183993,60.28927969734844,0.0,False
159,159000,incremental,0.07578309643231777,0.141025641025641,0.16272108040532277,0.6410256410256411,0.12810159401607657,0.1230769230769231,0.16563354185504237,0.7692307692307693,0.33078645001721924,11.7171170101963,11.659565375842298,13.551715019499005,11.658426228609159,11.661273566481583,60.248097200628344,0.0,False
160,160000,incremental,0.0681544457473801,0.11621621621621618,0.12203057062422482,0.5945945945945946,0.11450749842963986,0.09999999999999998,0.1312254356869532,0.7837837837837838,0.24097556303438655,11.719184080048391,11.658489640931426,13.918243294653438,11.69534244604975,11.660293904038403,60.65155336572141,325.75832505480315,True
161,161000,incremental,0.0776050819708529,0.11935483870967742,0.13868348479871387,0.5161290322580645,0.10030797809313145,0.0935483870967742,0.13852907139187776,0.6451612903225806,0.2525485267420751,11.728554281621381,11.658144661497518,13.952416319492137,11.658314458772717,11.65998525482631,60.65741497621006,0.0,False
162,162000,incremental,0.061461180667000195,0.10294117647058824,0.10343850650353884,0.6176470588235294,0.11746733105302466,0.09999999999999998,0.12287403634872242,0.7647058823529411,0.21173518426978633,11.720389071866524,11.656989075152154,13.704336221474072,11.656673445143914,11.661952215521326,60.400340029157995,0.0,False
163,163000,incremental,0.08719523860432751,0.13421052631578947,0.16520252731098783,0.6052631578947368,0.12428107436316117,0.09605263157894736,0.15679001332563405,0.6842105263157895,0.33029448621553886,11.718457921042202,11.657893964824028,13.612725742705168,11.657055988675488,11.661339292807007,60.30747291005389,0.0,False
164,164000,incremental,0.052186228708595316,0.0825,0.08424299231467022,0.6,0.10192174921012624,0.08,0.09896497653830097,0.75,0.21752638443427913,11.717575659549173,11.657714032456411,13.582491173140184,11.656338510135367,11.6625432360299,60.27666261131104,0.0,False
165,165000,incremental,0.11358092449632186,0.12954545454545452,0.15421320807831745,0.5681818181818182,0.1799915366399444,0.11022727272727272,0.17585798387894477,0.7272727272727273,0.26965351567624296,11.717929717601146,11.657789479953621,13.602030983286827,11.657489014500754,11.659969096234486,60.295208291576834,0.0,False
166,166000,incremental,0.09185267553781844,0.13333333333333336,0.13561731501737861,0.6388888888888888,0.12900040753313005,0.10555555555555556,0.1397505086613984,0.6944444444444444,0.2302341948175281,11.71571988526493,11.657513790484103,13.557255582264533,11.656610328477507,11.66146024769374,60.24855983418481,0.0,False
167,167000,incremental,0.10141879176825457,0.10697674418604651,0.12865365094987036,0.5813953488372093,0.1787341319302632,0.09651162790697673,0.1569404996770104,0.6744186046511628,0.23167539824516564,11.721125322605719,11.657463536828699,13.584768355726778,11.657514038837524,11.660174313112698,60.28104556711142,0.0,False
168,168000,incremental,0.0721295235870459,0.1236842105263158,0.1407084036525276,0.5526315789473685,0.11929991935309509,0.10921052631578947,0.142470707339546,0.7368421052631579,0.27708629090208037,11.715995160817283,67.89354995467845,14.02355784617393,11.659534257048993,11.661917564624591,116.95455478334324,0.0,False
169,169000,incremental,0.048267324970879356,0.10833333333333334,0.11660595176932859,0.5277777777777778,0.08677774274101208,0.09999999999999999,0.12033736897737178,0.7222222222222222,0.2398944277781997,11.718811324706174,11.65943603614883,13.616620903163234,11.66073603607251,11.660836492136117,60.31644079222686,0.0,False
