batch,interactions,recall_existing,recall_new_content,recall_overall_content,n_new_users,pct_new_users,n_users_trained
1,1000,0.03134302775133304,0.0,0.02220996006220288,44,0.2913907284768212,59868
2,2000,0.024530075971373796,0.0065359477124183,0.01916340613975549,50,0.29239766081871343,59868
3,3000,0.04289256413316564,0.011737089201877934,0.03204923707374687,71,0.3480392156862745,59868
4,4000,0.036068361333943304,0.03252032520325203,0.035153458935463164,41,0.2578616352201258,59868
5,5000,0.03687917353029739,0.005747126436781609,0.026903158439557526,58,0.32044198895027626,59868
6,6000,0.030188482441585514,0.03205128205128205,0.030790132004965765,52,0.32298136645962733,59868
7,7000,0.029866752401789227,0.00980392156862745,0.023702870639793747,51,0.3072289156626506,59868
8,8000,0.02631900526637369,0.026515151515151512,0.026374685491833198,44,0.2838709677419355,59868
9,9000,0.03147865982295807,0.023474178403755867,0.02859379596121514,71,0.3604060913705584,59868
10,10000,0.04367794431101283,0.024509803921568624,0.03618694691743694,68,0.39080459770114945,59868
11,11000,0.031191684607382284,0.008771929824561403,0.025192031919021765,38,0.2676056338028169,59868
12,12000,0.03269442165436001,0.02564102564102564,0.030848230751540955,39,0.26174496644295303,59868
13,13000,0.019924843674843675,0.0319634703196347,0.0244783138565522,73,0.37823834196891193,59868
14,14000,0.04273621476562653,0.028571428571428567,0.03765141972155547,70,0.358974358974359,59868
15,15000,0.02226115368867976,0.025157232704402514,0.02317479766387801,53,0.31547619047619047,59868
16,16000,0.02450090971830102,0.03968253968253968,0.028562237479434927,42,0.267515923566879,59868
17,17000,0.035434282493106026,0.016025641025641024,0.028880715244351606,52,0.33766233766233766,59868
18,18000,0.03104960502742147,0.03216374269005848,0.03140637944747939,57,0.3202247191011236,59868
19,19000,0.03639151619622208,0.031073446327683614,0.03468626553185376,59,0.32065217391304346,59868
20,20000,0.047771227892849884,0.018518518518518517,0.038995415080550475,54,0.3,59868
21,21000,0.0334576866877287,0.020833333333333332,0.028688486531623782,68,0.37777777777777777,59868
22,22000,0.0365235402120648,0.0,0.025032988235235424,56,0.3146067415730337,59868
23,23000,0.04865047227248141,0.022727272727272728,0.04104633373922019,44,0.29333333333333333,59868
24,24000,0.0405423223101932,0.018018018018018018,0.03502312192071982,37,0.24503311258278146,59868
25,25000,0.04047563547563547,0.043478260869565216,0.04136102501487116,46,0.2948717948717949,59868
26,26000,0.022071196223738595,0.029569892473118278,0.024654080487413823,62,0.34444444444444444,59868
27,27000,0.036833938705843804,0.05092592592592592,0.040736335166789615,36,0.27692307692307694,59868
28,28000,0.03203577505637002,0.013888888888888886,0.02433709607622651,84,0.42424242424242425,59868
29,29000,0.01440972222222222,0.019774011299435026,0.016102198455139632,59,0.3155080213903743,59868
30,30000,0.041934713121153794,0.015151515151515152,0.03232769645813124,66,0.358695652173913,59868
31,31000,0.02920211347086684,0.01633986928104575,0.02510227313536137,51,0.31875,59868
32,32000,0.032898058731392066,0.005291005291005291,0.023235590027256694,63,0.35,59868
33,33000,0.03693320163280045,0.017295597484276726,0.031307293417277435,53,0.2864864864864865,59868
34,34000,0.036430879678006116,0.032407407407407406,0.03496779885233386,71,0.35858585858585856,59868
35,35000,0.03094029376205357,0.028735632183908042,0.030174602914553927,58,0.3473053892215569,59868
36,36000,0.036540973522463265,0.0,0.02729009414968776,40,0.25316455696202533,59868
37,37000,0.020604649979649982,0.008771929824561403,0.017758805891717282,38,0.24050632911392406,59868
38,38000,0.029947373554816532,0.037037037037037035,0.032950054559051103,71,0.4176470588235294,59868
39,39000,0.03335500701439133,0.011299435028248588,0.025468469152679675,59,0.3575757575757576,59868
40,40000,0.023422077741792884,0.03763440860215053,0.028605398408511555,62,0.36470588235294116,59868
41,41000,0.0339182966633947,0.05208333333333333,0.03920267096737685,32,0.2909090909090909,59868
42,42000,0.029291702625174713,0.011574074074074073,0.022243806184957884,72,0.39779005524861877,59868
43,43000,0.03712273159639641,0.01818181818181818,0.03052937566094196,55,0.34810126582278483,59868
44,44000,0.02307096171802054,0.02333333333333333,0.023148129840171363,50,0.29411764705882354,59868
45,45000,0.03457516379019243,0.022727272727272728,0.031122798182454243,44,0.2913907284768212,59868
46,46000,0.0293789469192695,0.005291005291005291,0.02126375802846391,63,0.33689839572192515,59868
47,47000,0.03015352125584454,0.006802721088435374,0.023342871207016863,49,0.2916666666666667,59868
48,48000,0.024773033254857916,0.052083333333333336,0.03248417680642744,48,0.2823529411764706,59868
49,49000,0.025175936373993582,0.0065359477124183,0.019234439988116456,51,0.31875,59868
50,50000,0.048200609251231416,0.004975124378109453,0.031264308160592995,67,0.391812865497076,59868
51,51000,0.06891443478751592,0.042553191489361694,0.06025024992728342,47,0.32867132867132864,59868
52,52000,0.04168602178749475,0.0,0.029425427144113937,45,0.29411764705882354,59868
53,53000,0.028037154961040582,0.018518518518518517,0.024522581505340122,72,0.36923076923076925,59868
54,54000,0.019984527998893914,0.023809523809523808,0.02125952660243721,49,0.3333333333333333,59868
55,55000,0.029862098914078008,0.023391812865497075,0.02775463431539736,57,0.32571428571428573,59868
56,56000,0.03193401705087629,0.02046783625730994,0.028066725303933792,57,0.33727810650887574,59868
57,57000,0.03159259811642888,0.02619047619047619,0.02943174934604781,70,0.4,59868
58,58000,0.024457557720149684,0.006802721088435374,0.019050764001687176,48,0.3,59868
59,59000,0.02836316559720815,0.02564102564102564,0.027504237941131146,65,0.3155339805825243,59868
60,60000,0.0310150976099252,0.03333333333333333,0.03178318775924717,55,0.3313253012048193,59868
61,61000,0.026476830022338225,0.007246376811594202,0.020695125135447863,46,0.3006535947712418,59868
62,62000,0.019127651060424168,0.01366120218579235,0.017275132275132273,61,0.3388888888888889,59868
63,63000,0.03821748784984079,0.0196078431372549,0.03184774368647247,51,0.3422818791946309,59868
64,64000,0.03286876237457633,0.022727272727272724,0.02927016927392021,66,0.3548387096774194,59868
65,65000,0.03212881926964334,0.015625,0.02635699176550578,64,0.34972677595628415,59868
66,66000,0.02638542586889694,0.009433962264150943,0.021222049023773164,53,0.3045977011494253,59868
67,67000,0.04321216702169083,0.01633986928104575,0.03442699276032609,51,0.3269230769230769,59868
68,68000,0.03572283272283272,0.011494252873563218,0.02824805808848362,58,0.30851063829787234,59868
69,69000,0.047077686688225005,0.009433962264150943,0.035478166952899855,53,0.3081395348837209,59868
70,70000,0.025720074678408006,0.014619883040935672,0.021584709166408513,57,0.37254901960784315,59868
71,71000,0.02664883143855106,0.03508771929824561,0.029581859536127828,57,0.3475609756097561,59868
72,72000,0.022974320327055254,0.02564102564102564,0.023964810872244252,52,0.37142857142857144,59868
73,73000,0.025588463027487417,0.013440860215053762,0.021517374517374517,62,0.33513513513513515,59868
74,74000,0.045956607247241925,0.0,0.030270819144889893,57,0.3413173652694611,59868
75,75000,0.019365309004277118,0.0,0.014120537815618728,39,0.2708333333333333,59868
76,76000,0.022997495167306488,0.010416666666666666,0.01826118326118326,64,0.3764705882352941,59868
77,77000,0.04203833203833204,0.02011494252873563,0.03489475568127253,58,0.3258426966292135,59868
78,78000,0.030731922398589066,0.023809523809523808,0.028309082892416227,63,0.35,59868
79,79000,0.025841656379755357,0.018518518518518517,0.023282113049614323,36,0.34951456310679613,59868
80,80000,0.01722807524059375,0.0,0.011202956030768612,64,0.34972677595628415,59868
81,81000,0.036207173204353654,0.03741496598639455,0.03665214949247399,49,0.3684210526315789,59868
82,82000,0.035747693890844257,0.02032520325203252,0.031694346992182196,41,0.26282051282051283,59868
83,83000,0.03173860992868874,0.026666666666666665,0.030143659217361046,50,0.31446540880503143,59868
84,84000,0.014556136219670054,0.02222222222222222,0.017230352267071973,60,0.3488372093023256,59868
85,85000,0.03010569729672865,0.03773584905660377,0.03226825367786973,53,0.28342245989304815,59868
86,86000,0.029140230225974704,0.0326797385620915,0.03026144094114214,51,0.3167701863354037,59868
87,87000,0.03701349909333103,0.0196078431372549,0.03179180230650819,51,0.3,59868
88,88000,0.030208934583934585,0.0196078431372549,0.027047205555977484,51,0.2982456140350877,59868
89,89000,0.025138815119991297,0.016129032258064516,0.021732677696579952,62,0.3780487804878049,59868
90,90000,0.0276101429553868,0.017543859649122806,0.024153648085163622,56,0.3373493975903614,59868
91,91000,0.02965987964563816,0.005555555555555555,0.021842261021827587,60,0.32432432432432434,59868
92,92000,0.03222860791826309,0.00909090909090909,0.023266823161189356,55,0.3873239436619718,59868
93,93000,0.02748756068083799,0.011904761904761904,0.022501065072493647,55,0.3142857142857143,59868
94,94000,0.03685168961871748,0.011904761904761904,0.028776383537899488,56,0.3236994219653179,59868
95,95000,0.01687695297210254,0.011363636363636364,0.015156485377971252,44,0.3120567375886525,59868
96,96000,0.035264622138160395,0.012578616352201257,0.027933169048795548,53,0.3231707317073171,59868
97,97000,0.02450193173931801,0.023255813953488372,0.024167037584376293,43,0.26875,59868
98,98000,0.026259205354032936,0.031249999999999997,0.028033710117043448,64,0.35555555555555557,59868
99,99000,0.04570561763578389,0.023474178403755867,0.03752721252970104,70,0.3626943005181347,59868
100,100000,0.05093364920231837,0.010416666666666666,0.03611600987499432,64,0.3657142857142857,59868
101,101000,0.026867302793228718,0.02419354838709677,0.025892168833345303,62,0.36470588235294116,59868
102,102000,0.025846877989735135,0.017241379310344827,0.022784798705044105,58,0.3558282208588957,59868
103,103000,0.032052317248740116,0.03472222222222222,0.03291242086435851,48,0.3221476510067114,59868
104,104000,0.0405576814058957,0.015873015873015872,0.031671201814058955,62,0.35428571428571426,59868
105,105000,0.01586453425252307,0.03954802259887005,0.02449000223051364,59,0.36419753086419754,59868
106,106000,0.02566670933606418,0.0,0.017019636137283196,62,0.3315508021390374,59868
107,107000,0.021663722307104658,0.027777777777777776,0.023401401230348597,54,0.28421052631578947,59868
108,108000,0.02200002679549191,0.028301886792452827,0.02390859010885722,53,0.3028571428571429,59868
109,109000,0.029310122697582562,0.010869565217391304,0.023655018403657243,46,0.30666666666666664,59868
110,110000,0.03669175236228663,0.022988505747126436,0.03193254096300944,58,0.3473053892215569,59868
111,111000,0.023416329224793916,0.023809523809523808,0.02354739408637055,49,0.3333333333333333,59868
112,112000,0.03572992542089597,0.0065359477124183,0.026424345026318706,51,0.31875,59868
113,113000,0.02826073567855899,0.05384615384615385,0.03792964370701053,64,0.37209302325581395,59868
114,114000,0.04161993923278539,0.024242424242424242,0.03564641845484874,54,0.3375,59868
115,115000,0.03208851452712104,0.029239766081871343,0.03107364789350083,57,0.35625,59868
116,116000,0.022783030348893334,0.006172839506172839,0.017069971078148706,54,0.34394904458598724,59868
117,117000,0.03207721685165295,0.0,0.02291229775118067,42,0.2857142857142857,59868
118,118000,0.03691787450096266,0.033950617283950615,0.03602769733585904,54,0.3,59868
119,119000,0.03411943300015413,0.026666666666666665,0.0317904435209393,25,0.3125,59868
120,120000,0.0250377461878604,0.014619883040935672,0.021481948586814237,57,0.3413173652694611,59868
121,121000,0.03420592317289112,0.0044444444444444444,0.022989285461164983,75,0.3768844221105528,59868
122,122000,0.03520573099576281,0.03954802259887005,0.036721678951877175,58,0.3431952662721893,59868
123,123000,0.04310182127730433,0.013888888888888888,0.033795046357101184,36,0.3185840707964602,59868
124,124000,0.05630022312203163,0.04398148148148148,0.05126073790544294,72,0.4090909090909091,59868
125,125000,0.02802413013863892,0.03846153846153846,0.03145922654870712,52,0.3291139240506329,59868
126,126000,0.0330881626922525,0.03009259259259259,0.03192231919400648,72,0.3891891891891892,59868
127,127000,0.01741551459293395,0.00641025641025641,0.014163961038961038,52,0.29545454545454547,59868
128,128000,0.03271472018820139,0.021126760563380278,0.02840715404494328,71,0.3717277486910995,59868
129,129000,0.023630477073805625,0.022727272727272728,0.02339250706633588,44,0.2634730538922156,59868
130,130000,0.028750625272364404,0.0070921985815602835,0.022266892441359345,47,0.29936305732484075,59868
131,131000,0.04242993636896075,0.041666666666666664,0.04217931049656568,44,0.3283582089552239,59868
132,132000,0.044581802992329306,0.03125,0.04088280563029574,48,0.2774566473988439,59868
133,133000,0.0421441961797639,0.017676767676767676,0.0338629126864421,66,0.3384615384615385,59868
134,134000,0.03252208927211393,0.005847953216374269,0.022385917570932858,57,0.38,59868
135,135000,0.0428889460922709,0.013513513513513514,0.03138745397148758,74,0.3915343915343915,59868
136,136000,0.054841997923398396,0.014492753623188404,0.04204154800746971,46,0.31724137931034485,59868
137,137000,0.022745764972655725,0.01818181818181818,0.02130313811348294,55,0.3160919540229885,59868
138,138000,0.03781041792852817,0.0101010101010101,0.02833466188388468,66,0.34196891191709844,59868
139,139000,0.03357736133050778,0.0220125786163522,0.029673326401525327,53,0.3375796178343949,59868
140,140000,0.03429197243241413,0.006944444444444444,0.026287817899349832,48,0.2926829268292683,59868
141,141000,0.04492015019612422,0.011904761904761904,0.032080832527261106,69,0.38333333333333336,59868
142,142000,0.026334051807962302,0.019774011299435026,0.024159656358506632,59,0.33146067415730335,59868
143,143000,0.016573887964442688,0.022598870056497175,0.018616841662323233,59,0.3390804597701149,59868
144,144000,0.012295199876974005,0.020440251572327043,0.01486476975705562,53,0.31547619047619047,59868
145,145000,0.03803701854264007,0.006289308176100628,0.027110858481428447,53,0.34415584415584416,59868
146,146000,0.03544874144672532,0.015625,0.02870023372018053,64,0.3404255319148936,59868
147,147000,0.03932632559224624,0.016129032258064516,0.0313802914114768,62,0.3425414364640884,59868
148,148000,0.03667410833441368,0.019125683060109287,0.031098827387889886,61,0.3177083333333333,59868
149,149000,0.0404095518678852,0.028985507246376812,0.03595611074424634,69,0.3898305084745763,59868
150,150000,0.04490239139720901,0.00505050505050505,0.030370764331560045,66,0.36464088397790057,59868
151,151000,0.028255458360002848,0.014084507042253521,0.022665805340223943,71,0.39444444444444443,59868
152,152000,0.030541415096552938,0.029999999999999995,0.03038760398957767,50,0.2840909090909091,59868
153,153000,0.033817809794372294,0.041666666666666664,0.036540882586800945,68,0.3469387755102041,59868
154,154000,0.01547344779718166,0.011695906432748537,0.014152467074649832,57,0.3496932515337423,59868
155,155000,0.032945004113228406,0.03900709219858156,0.03479512190551151,47,0.3051948051948052,59868
156,156000,0.038442085606172294,0.02546296296296296,0.034875303811091864,36,0.2748091603053435,59868
157,157000,0.02949621880177436,0.046783625730994156,0.03546823210459574,57,0.34545454545454546,59868
158,158000,0.0356604408150903,0.005847953216374269,0.024767416500174833,57,0.36538461538461536,59868
159,159000,0.02969688835721325,0.040123456790123455,0.03328309660802313,54,0.34394904458598724,59868
160,160000,0.02573065886170355,0.03968253968253968,0.030724798019161937,63,0.35795454545454547,59868
161,161000,0.026212257420142215,0.019125683060109287,0.023837086892878428,61,0.33516483516483514,59868
162,162000,0.024822389864105256,0.03525641025641025,0.028538616305200194,52,0.3561643835616438,59868
163,163000,0.032236869377772245,0.020833333333333332,0.028455385922621524,64,0.3316062176165803,59868
164,164000,0.023798067046557125,0.019125683060109287,0.02224060571774118,60,0.32786885245901637,59868
165,165000,0.032526256116481675,0.007936507936507936,0.024894954957179485,63,0.3103448275862069,59868
166,166000,0.022116300547673093,0.03225806451612903,0.025815061524404083,62,0.36470588235294116,59868
167,167000,0.03793219724342173,0.0,0.027311182015263644,49,0.28,59868
168,168000,0.036578154960507904,0.023474178403755867,0.03154906125494361,71,0.3837837837837838,59868
169,169000,0.033013303184642746,0.010416666666666666,0.02502333226115949,64,0.35359116022099446,59868
170,170000,0.03915935170350419,0.02864583333333333,0.03548249281994717,64,0.34972677595628415,59868
171,171000,0.03321030821030821,0.014492753623188404,0.028023515975323203,46,0.27710843373493976,59868
172,172000,0.03983450759766549,0.008064516129032258,0.028642806057578782,62,0.3522727272727273,59868
173,173000,0.02912052615999984,0.0625,0.04112213473168529,64,0.3595505617977528,59868
174,174000,0.022611780379668236,0.011904761904761904,0.018504978772854848,56,0.3835616438356164,59868
175,175000,0.035161584389794276,0.014492753623188404,0.028118871684135977,46,0.34074074074074073,59868
176,176000,0.03729990796679257,0.0303030303030303,0.035233715905010426,44,0.2953020134228188,59868
177,177000,0.02885925751879699,0.015503875968992248,0.024727736607706313,43,0.30935251798561153,59868
178,178000,0.021441883431262517,0.004901960784313725,0.015051458772214121,68,0.38636363636363635,59868
179,179000,0.02813911699532614,0.00847457627118644,0.02215866388850015,59,0.30412371134020616,59868
180,180000,0.022634772394012376,0.021929824561403508,0.022457368303686963,38,0.25165562913907286,59868
181,181000,0.02579954767454767,0.018229166666666664,0.023166371671806452,64,0.34782608695652173,59868
182,182000,0.03508120060952042,0.01729559748427673,0.029844328578198666,53,0.29444444444444445,59868
183,183000,0.016238353803059685,0.029850746268656712,0.020988511590533648,66,0.34375,59868
184,184000,0.014255666354144256,0.017006802721088433,0.015131027925444676,49,0.3181818181818182,59868
185,185000,0.03843073348057566,0.013888888888888888,0.028036540477037727,71,0.4176470588235294,59868
186,186000,0.023210143433214883,0.015723270440251572,0.02056478164236785,53,0.35333333333333333,59868
187,187000,0.03675047472562092,0.007352941176470588,0.025392336763449205,68,0.38636363636363635,59868
188,188000,0.02651222796811032,0.01515151515151515,0.023040899051928465,44,0.3055555555555556,59868
189,189000,0.02037177472615062,0.0326797385620915,0.0239792813677195,51,0.29310344827586204,59868
190,190000,0.030961994434328035,0.01141552511415525,0.023412299935002035,73,0.3862433862433862,59868
191,191000,0.04328034101917228,0.029166666666666664,0.03949143515272783,40,0.2684563758389262,59868
192,192000,0.02166755777004224,0.0130718954248366,0.018978117404364406,51,0.3128834355828221,59868
193,193000,0.031711938360741945,0.022058823529411766,0.02789559063672769,68,0.3953488372093023,59868
194,194000,0.023622942904606422,0.004901960784313725,0.01666651238996214,68,0.37158469945355194,59868
195,195000,0.02725673662495826,0.02287581699346405,0.025957743013294277,50,0.29069767441860467,59868
196,196000,0.031862390483080136,0.021604938271604937,0.028484936706130982,54,0.32926829268292684,59868
197,197000,0.020930563944099836,0.01,0.017161403963375753,50,0.3448275862068966,59868
198,198000,0.028175951417346478,0.006172839506172839,0.02114537128004839,54,0.31952662721893493,59868
199,199000,0.03264791035045876,0.015873015873015872,0.02660894833857932,63,0.36,59868
200,200000,0.03101450370357933,0.024509803921568624,0.028649158328302712,68,0.36363636363636365,59868
201,201000,0.03550063744238501,0.01639344262295082,0.02839369302783937,61,0.3719512195121951,59868
202,202000,0.02224797414978751,0.024509803921568624,0.023070457703162458,67,0.3582887700534759,59868
203,203000,0.02792574969719219,0.016666666666666666,0.024882754283536646,39,0.2635135135135135,59868
204,204000,0.032677263212977495,0.0273224043715847,0.030514042091620144,61,0.40397350993377484,59868
205,205000,0.025131948792789943,0.04022988505747126,0.030407131343100285,58,0.3493975903614458,59868
206,206000,0.04727018584659371,0.021164021164021163,0.0381835097416099,63,0.34806629834254144,59868
207,207000,0.02977616368200585,0.01366120218579235,0.024547372983766365,61,0.324468085106383,59868
208,208000,0.027616000383472342,0.018518518518518517,0.0245179389916232,63,0.34054054054054056,59868
209,209000,0.026570108635326026,0.007575757575757575,0.02042487741017153,44,0.3235294117647059,59868
210,210000,0.03359322495686132,0.008333333333333333,0.02521978021978022,60,0.3314917127071823,59868
211,211000,0.01787245420377308,0.0,0.01179338814806795,50,0.3401360544217687,59868
212,212000,0.015931663699312135,0.032828282828282825,0.02294535465850752,66,0.41509433962264153,59868
213,213000,0.028993444170221986,0.026455026455026454,0.02816911264415334,63,0.3247422680412371,59868
214,214000,0.02144761428390776,0.0234375,0.022128644689415264,64,0.3422459893048128,59868
215,215000,0.0200528154995205,0.02564102564102564,0.02190368764829927,52,0.33121019108280253,59868
216,216000,0.031811032569126506,0.024509803921568624,0.02899010331893368,68,0.38636363636363635,59868
217,217000,0.039007165817699245,0.028735632183908042,0.03573381993440315,58,0.31868131868131866,59868
218,218000,0.03454081830762769,0.03763440860215053,0.035612341202937284,62,0.3463687150837989,59868
219,219000,0.01598060644310753,0.010416666666666666,0.014002316744817445,64,0.35555555555555557,59868
220,220000,0.026771660315217483,0.02032520325203252,0.02482824311234555,41,0.3014705882352941,59868
221,221000,0.03257544043258329,0.018779342723004695,0.02722285607531509,71,0.3879781420765027,59868
222,222000,0.027207009745492044,0.008547008547008546,0.021735280070748764,39,0.2932330827067669,59868
223,223000,0.0399392494158482,0.014184397163120567,0.03048238960429977,47,0.3671875,59868
224,224000,0.026547650460156638,0.025423728813559317,0.026175114633475507,59,0.33146067415730335,59868
225,225000,0.03363876946466232,0.018229166666666664,0.028035277538118443,63,0.35795454545454547,59868
226,226000,0.016212690631808278,0.025157232704402514,0.01991629008374183,53,0.4140625,59868
227,227000,0.01711571008994255,0.0303030303030303,0.02126029644262727,55,0.3142857142857143,59868
228,228000,0.02983391816588964,0.013605442176870748,0.02531576291894688,48,0.2727272727272727,59868
229,229000,0.027743601427811952,0.022151898734177212,0.025659900895749953,79,0.37264150943396224,59868
230,230000,0.03237763211447422,0.0070921985815602835,0.023703067325810314,46,0.3357664233576642,59868
231,231000,0.03006466322792853,0.005952380952380952,0.021296560582274866,56,0.36363636363636365,59868
232,232000,0.026689707789182796,0.023809523809523808,0.025773285613836756,35,0.3181818181818182,59868
233,233000,0.04166703743720151,0.026315789473684206,0.036885501186269896,56,0.30601092896174864,59868
234,234000,0.03611409217844861,0.007462686567164179,0.024687638750138748,67,0.39880952380952384,59868
235,235000,0.025166410650281617,0.0065359477124183,0.019736961451247165,51,0.2914285714285714,59868
236,236000,0.026409690220174083,0.014124293785310733,0.02244882470292306,59,0.3224043715846995,59868
237,237000,0.036524959581300996,0.016666666666666666,0.029755086996766558,59,0.3352272727272727,59868
238,238000,0.03674497822727911,0.012345679012345678,0.028855384469156923,54,0.32335329341317365,59868
239,239000,0.046499177866208566,0.031073446327683614,0.04066508709202285,59,0.3782051282051282,59868
240,240000,0.020432022634539797,0.0202020202020202,0.020357610082842276,66,0.3235294117647059,59868
241,241000,0.03158271180717001,0.00505050505050505,0.021854235996392857,66,0.36666666666666664,59868
242,242000,0.03512041345047049,0.0136986301369863,0.026933030299243547,73,0.38219895287958117,59868
243,243000,0.02173121936946822,0.020833333333333332,0.0214835266698448,48,0.27586206896551724,59868
244,244000,0.04302867611691141,0.018817204301075266,0.03478081209173646,62,0.34065934065934067,59868
245,245000,0.023965350095381054,0.05333333333333333,0.03212312321703447,50,0.2777777777777778,59868
246,246000,0.015393750528021626,0.0,0.010450803110766975,35,0.3211009174311927,59868
247,247000,0.03771032052282053,0.027777777777777776,0.03445967016989744,54,0.32727272727272727,59868
248,248000,0.027621845453061417,0.007936507936507936,0.021212665796509125,41,0.3178294573643411,59868
249,249000,0.03179251669450298,0.007692307692307693,0.023504085027081317,65,0.3439153439153439,59868
250,250000,0.034613240791812216,0.029850746268656712,0.03270253939629474,67,0.40119760479041916,59868
251,251000,0.04586203627151903,0.02657004830917874,0.03881892955510908,69,0.36507936507936506,59868
252,252000,0.027850920740828993,0.027777777777777776,0.027824952824952825,60,0.35502958579881655,59868
253,253000,0.027542756552190517,0.0,0.016488180793148063,59,0.4013605442176871,59868
254,254000,0.0259404134822195,0.011695906432748537,0.021274109448772113,57,0.3275862068965517,59868
255,255000,0.018993678219920214,0.024691358024691357,0.02088125312456832,54,0.3312883435582822,59868
256,256000,0.03560121940181303,0.005555555555555555,0.024934119811425765,60,0.35502958579881655,59868
257,257000,0.036174342659840084,0.006289308176100628,0.026965582034036647,53,0.3081395348837209,59868
258,258000,0.03515677816189324,0.017543859649122806,0.02931993888731235,57,0.3313953488372093,59868
259,259000,0.03382903963724527,0.01937984496124031,0.02999375956892297,43,0.2654320987654321,59868
260,260000,0.023234483988016173,0.02702702702702703,0.024330765960230247,37,0.2890625,59868
261,261000,0.03306596974678469,0.014492753623188404,0.027589252171878093,45,0.28846153846153844,59868
262,262000,0.033792545420452395,0.02222222222222222,0.029732782894757597,60,0.3508771929824561,59868
263,263000,0.03612427205852485,0.01282051282051282,0.030870823444175317,39,0.2254335260115607,59868
264,264000,0.02844604612545943,0.01515151515151515,0.02384006689039212,44,0.3464566929133858,59868
265,265000,0.024630080314586526,0.0,0.01873570211964274,28,0.23931623931623933,59868
266,266000,0.03284451520135069,0.008620689655172414,0.024277552508190078,58,0.35365853658536583,59868
267,267000,0.024909670382111327,0.0,0.016562974547267743,64,0.33507853403141363,59868
268,268000,0.03365949596212754,0.03763440860215053,0.03501358708125625,62,0.34065934065934067,59868
269,269000,0.04209888643850908,0.0303030303030303,0.0380692461437803,55,0.3416149068322981,59868
270,270000,0.02916706673796057,0.037037037037037035,0.031031007071952364,36,0.23684210526315788,59868
271,271000,0.04148315029641961,0.011904761904761904,0.030585849310019397,56,0.3684210526315789,59868
272,272000,0.041024489137696685,0.01515151515151515,0.032185895539932806,54,0.33540372670807456,59868
273,273000,0.02925624818916803,0.016666666666666666,0.02514200586155321,50,0.32679738562091504,59868
274,274000,0.0527230950026474,0.008333333333333333,0.03800825688022284,60,0.3314917127071823,59868
275,275000,0.023706819496293177,0.01639344262295082,0.02137113368857651,61,0.3193717277486911,59868
276,276000,0.03488988187867739,0.016431924882629106,0.02823752174304578,71,0.3604060913705584,59868
277,277000,0.028290707763184823,0.006172839506172839,0.020963315825279015,54,0.3312883435582822,59868
278,278000,0.03499294164091347,0.02333333333333333,0.03134931404479467,50,0.3125,59868
279,279000,0.04900428971225431,0.016129032258064516,0.03735705564276993,62,0.35428571428571426,59868
280,280000,0.029256940020828907,0.03439153439153439,0.031148632683720395,63,0.3684210526315789,59868
281,281000,0.03727563060423546,0.026785714285714284,0.033581068881989,56,0.3522012578616352,59868
282,282000,0.022937932619305167,0.008620689655172414,0.01793552242701782,58,0.3493975903614458,59868
283,283000,0.03174187250657839,0.0,0.02180073661166098,57,0.3131868131868132,59868
284,284000,0.024956606648182732,0.01736111111111111,0.022424774802492192,48,0.3333333333333333,59868
285,285000,0.03190143873641411,0.01818181818181818,0.0274886952831815,55,0.3216374269005848,59868
286,286000,0.03512588425879214,0.01736111111111111,0.029588812108865586,48,0.3116883116883117,59868
287,287000,0.026836020652024173,0.027777777777777776,0.027166247176639072,54,0.35064935064935066,59868
288,288000,0.024664485314390437,0.03666666666666667,0.028113388001826133,50,0.28735632183908044,59868
289,289000,0.036288278062251995,0.027210884353741496,0.03341865037375513,49,0.3161290322580645,59868
290,290000,0.03002952593824304,0.010416666666666666,0.02468056431872221,48,0.2727272727272727,59868
291,291000,0.03422270404252386,0.012658227848101266,0.025256421835369202,78,0.4105263157894737,59868
292,292000,0.03382265206029295,0.011904761904761904,0.02760271025939901,42,0.28378378378378377,59868
293,293000,0.043834203498664744,0.0070921985815602835,0.031410647879212154,47,0.3381294964028777,59868
294,294000,0.031630776009772175,0.010869565217391304,0.02587766940465458,46,0.27710843373493976,59868
295,295000,0.027026449355834908,0.02032520325203252,0.02513161425062182,41,0.2827586206896552,59868
296,296000,0.018292548500881835,0.028205128205128206,0.02210507915636121,64,0.378698224852071,59868
297,297000,0.03726725652325352,0.015873015873015872,0.029737439981549766,63,0.35195530726256985,59868
298,298000,0.031139815350341663,0.0,0.021514781514781513,51,0.3090909090909091,59868
299,299000,0.03939001280671525,0.030054644808743168,0.03651396509016829,61,0.30808080808080807,59868
300,300000,0.019693520785167052,0.0,0.013488712866552776,46,0.3150684931506849,59868
301,301000,0.03660305440420933,0.0,0.024153035899376226,50,0.3401360544217687,59868
302,302000,0.03441061068943978,0.023809523809523808,0.031873598444673565,28,0.23931623931623933,59868
303,303000,0.02674586395516628,0.006172839506172839,0.01984559488531755,54,0.33540372670807456,59868
304,304000,0.03539006153642559,0.03508771929824561,0.03527686936843703,76,0.37438423645320196,59868
305,305000,0.02334170761458343,0.007407407407407407,0.018655148730119895,45,0.29411764705882354,59868
306,306000,0.03190063002463696,0.011494252873563218,0.02395720804636664,57,0.3825503355704698,59868
307,307000,0.025878437348683517,0.02536231884057971,0.025685417418823558,46,0.37398373983739835,59868
308,308000,0.02268988107473834,0.020833333333333332,0.022034628930713042,48,0.35294117647058826,59868
309,309000,0.031112353038582546,0.025423728813559324,0.029258050114403706,59,0.3259668508287293,59868
310,310000,0.04717731123981124,0.01570048309178744,0.03592393744595817,69,0.35751295336787564,59868
311,311000,0.041988720603761166,0.004166666666666667,0.026063645261826637,80,0.42105263157894735,59868
312,312000,0.020421282257565447,0.027777777777777776,0.023133733119766634,65,0.36312849162011174,59868
313,313000,0.03390200080467332,0.02252252252252252,0.029300463138666983,73,0.3989071038251366,59868
314,314000,0.030811859455584154,0.04032258064516129,0.034106075733538244,62,0.3463687150837989,59868
315,315000,0.018045407954698774,0.013157894736842105,0.016764542421743234,38,0.2620689655172414,59868
316,316000,0.0254491637688359,0.021367521367521364,0.02385732323232323,78,0.39,59868
317,317000,0.034260434130853605,0.02564102564102564,0.03138729796757762,52,0.3333333333333333,59868
318,318000,0.029654070567114044,0.02968036529680365,0.02966352630734725,73,0.35960591133004927,59868
319,319000,0.028220916840826345,0.0136986301369863,0.022998616696095688,72,0.35467980295566504,59868
320,320000,0.016086602560823827,0.01282051282051282,0.014954358117516013,52,0.3466666666666667,59868
321,321000,0.04382963003033643,0.00909090909090909,0.03284899984833353,55,0.3160919540229885,59868
322,322000,0.032588336786723425,0.02127659574468085,0.028996094699047743,47,0.31756756756756754,59868
323,323000,0.03338342878392086,0.018867924528301886,0.028884471324576964,53,0.30994152046783624,59868
324,324000,0.027852441086613472,0.03409090909090909,0.02958973597388567,44,0.27848101265822783,59868
325,325000,0.017114791426718033,0.01016260162601626,0.014130081669348683,82,0.4293193717277487,59868
326,326000,0.03876352813852814,0.029569892473118274,0.03563163027448741,61,0.33516483516483514,59868
327,327000,0.028196729424799602,0.02898550724637681,0.028427836302459167,46,0.2929936305732484,59868
328,328000,0.03485310114842683,0.015432098765432098,0.02899425126752339,54,0.3016759776536313,59868
329,329000,0.025704721634954193,0.020833333333333332,0.02423013923013923,56,0.3027027027027027,59868
330,330000,0.03571976856645745,0.0,0.02299460101465698,57,0.35625,59868
331,331000,0.03828809635863376,0.024242424242424242,0.033103452288891985,55,0.3691275167785235,59868
332,332000,0.02591510005740451,0.010638297872340425,0.0217406250417184,47,0.27325581395348836,59868
333,333000,0.026385569943444705,0.034482758620689655,0.02896599270872057,58,0.31868131868131866,59868
334,334000,0.028029393575612065,0.025423728813559324,0.027130363043675738,59,0.34502923976608185,59868
335,335000,0.036382968651461414,0.05,0.04124619413308234,40,0.35714285714285715,59868
336,336000,0.028131272521516423,0.03216374269005848,0.02940822140822141,57,0.31666666666666665,59868
337,337000,0.02618284493284493,0.017730496453900707,0.0239384360147072,47,0.2655367231638418,59868
338,338000,0.029215363493537427,0.04716981132075472,0.03520017943594319,53,0.3333333333333333,59868
339,339000,0.035491960186796026,0.01282051282051282,0.027735938719383357,52,0.34210526315789475,59868
340,340000,0.03000747544932495,0.0,0.02111637161248793,48,0.2962962962962963,59868
341,341000,0.017748917748917747,0.02592592592592592,0.019965576592082614,45,0.2710843373493976,59868
342,342000,0.014422148428854559,0.027210884353741496,0.018685060403816872,49,0.3333333333333333,59868
343,343000,0.026477913607013036,0.030555555555555555,0.027892124687432403,60,0.3468208092485549,59868
344,344000,0.030714285714285715,0.03875968992248062,0.0331505700871898,43,0.3028169014084507,59868
345,345000,0.03132886753699298,0.024691358024691357,0.029292358936627707,54,0.3068181818181818,59868
346,346000,0.03442285579004328,0.030054644808743168,0.03301300991777182,60,0.31746031746031744,59868
347,347000,0.027975904838074928,0.041666666666666664,0.03162677465903273,40,0.26666666666666666,59868
348,348000,0.021500602441196497,0.039215686274509796,0.027444479253689782,51,0.3355263157894737,59868
349,349000,0.04008894330221643,0.037037037037037035,0.0391854184210778,45,0.29605263157894735,59868
350,350000,0.04057363623415468,0.026190476190476188,0.03521820430299779,70,0.3723404255319149,59868
351,351000,0.03878612509698652,0.028205128205128206,0.034740449814805396,64,0.3764705882352941,59868
352,352000,0.03581185969515243,0.007246376811594202,0.026290032067299685,46,0.3333333333333333,59868
353,353000,0.034086387027085906,0.04310344827586207,0.03700811637026477,58,0.3240223463687151,59868
354,354000,0.024109178316720686,0.03968253968253968,0.028990381132872906,42,0.31343283582089554,59868
355,355000,0.044672661353098456,0.006060606060606061,0.03195611619688838,55,0.32934131736526945,59868
356,356000,0.03869951029023278,0.027777777777777776,0.034990242644493345,54,0.33962264150943394,59868
357,357000,0.031782291782291784,0.006060606060606061,0.02209261565425949,55,0.3767123287671233,59868
358,358000,0.04717648711321533,0.012121212121212121,0.03512623633471423,55,0.34375,59868
359,359000,0.029599018237538164,0.022598870056497175,0.027169555045294527,59,0.34705882352941175,59868
360,360000,0.028888832958600397,0.01736111111111111,0.02576267110165415,48,0.2711864406779661,59868
361,361000,0.03169713966588967,0.04954954954954955,0.03590439549834454,37,0.2356687898089172,59868
362,362000,0.02550101970833678,0.03216374269005848,0.02776158643427807,57,0.3392857142857143,59868
363,363000,0.03528512531217061,0.013888888888888888,0.027677574583892663,48,0.35555555555555557,59868
364,364000,0.03141223837363599,0.0522875816993464,0.03790396099321666,51,0.31097560975609756,59868
365,365000,0.03605395519869204,0.0070921985815602835,0.0274387491163807,47,0.2974683544303797,59868
366,366000,0.03434965332286761,0.0065359477124183,0.025647205555181015,51,0.3128834355828221,59868
367,367000,0.028956791587226114,0.04022988505747126,0.032714489410641166,58,0.3333333333333333,59868
368,368000,0.037502669964306797,0.03205128205128205,0.03529951837251441,78,0.40414507772020725,59868
369,369000,0.03861190515402472,0.032407407407407406,0.036378285965242486,72,0.36,59868
370,370000,0.03293472332106429,0.013888888888888888,0.026514779130443374,60,0.33707865168539325,59868
371,371000,0.026558254269863888,0.006493506493506494,0.01752325088518834,77,0.4502923976608187,59868
372,372000,0.05020162622203438,0.014619883040935672,0.037116727116727116,57,0.36774193548387096,59868
373,373000,0.04226488347533495,0.0,0.03059472908289172,37,0.27611940298507465,59868
374,374000,0.02421304775471442,0.01,0.020032739591563122,50,0.29411764705882354,59868
375,375000,0.048049607680167215,0.019125683060109287,0.037609611219672934,61,0.3609467455621302,59868
376,376000,0.023148388967354487,0.02564102564102564,0.024150583093882065,78,0.4020618556701031,59868
377,377000,0.028823922793285755,0.017006802721088433,0.02533573674787811,49,0.29518072289156627,59868
378,378000,0.03191419290021026,0.02564102564102564,0.029733680216536457,65,0.34759358288770054,59868
379,379000,0.034866057084102196,0.008928571428571428,0.02584432294304801,56,0.34782608695652173,59868
380,380000,0.036411243583374726,0.022058823529411766,0.0312745879851143,68,0.35789473684210527,59868
381,381000,0.02324219902155125,0.02631578947368421,0.024179068838511564,57,0.3048128342245989,59868
382,382000,0.034797996552306254,0.010869565217391304,0.027603827654227253,46,0.3006535947712418,59868
383,383000,0.024280717369748357,0.024305555555555552,0.02428840919503059,48,0.3096774193548387,59868
384,384000,0.021659761253902236,0.027777777777777776,0.02363804204605361,54,0.32335329341317365,59868
385,385000,0.029093513698776854,0.032828282828282825,0.03041875435763381,66,0.3548387096774194,59868
386,386000,0.028787264901418093,0.02657004830917874,0.027951265202704894,69,0.3770491803278688,59868
387,387000,0.02836836007037332,0.01736111111111111,0.024937529225927953,48,0.3116883116883117,59868
388,388000,0.014815689701311268,0.04248366013071895,0.02461476256172649,51,0.3541666666666667,59868
389,389000,0.04258246758246758,0.019047619047619046,0.03348059245849301,70,0.3867403314917127,59868
390,390000,0.03446651822676412,0.0065359477124183,0.026232650618488767,51,0.2947976878612717,59868
391,391000,0.0392507970424637,0.026666666666666665,0.03554958222605281,50,0.29411764705882354,59868
392,392000,0.045513369451075966,0.018817204301075266,0.03631802367718684,62,0.34444444444444444,59868
393,393000,0.04005945241024817,0.008130081300813007,0.031031147475856148,41,0.2827586206896552,59868
394,394000,0.02011372041420118,0.029999999999999995,0.023499432601118586,50,0.3424657534246575,59868
395,395000,0.032366363311485256,0.006578947368421052,0.022517902951320036,76,0.38190954773869346,59868
396,396000,0.03370151663031922,0.052083333333333336,0.0395447431319396,48,0.31788079470198677,59868
397,397000,0.06726851538377454,0.0326797385620915,0.05466831811301857,51,0.36428571428571427,59868
398,398000,0.030684126312670732,0.007042253521126761,0.02165954046213513,71,0.3817204301075269,59868
399,399000,0.026370446243300854,0.05649717514124293,0.037342526520946426,59,0.36419753086419754,59868
400,400000,0.03783983028169074,0.015723270440251572,0.030944667507595,53,0.31176470588235294,59868
401,401000,0.032828867039393354,0.02830188679245283,0.03135690413701392,53,0.32515337423312884,59868
402,402000,0.019062728060572888,0.026455026455026454,0.021664486713369395,63,0.35195530726256985,59868
403,403000,0.03929145067204769,0.0130718954248366,0.03206335706335706,51,0.2756756756756757,59868
404,404000,0.033246425291879836,0.010582010582010581,0.025486326777087648,63,0.3423913043478261,59868
405,405000,0.014756393646319097,0.02727272727272727,0.01911334522513207,55,0.34810126582278483,59868
406,406000,0.02576765116383158,0.04047619047619047,0.03158458761504696,70,0.3954802259887006,59868
407,407000,0.03208643516432643,0.024999999999999998,0.029540410554388784,60,0.3592814371257485,59868
408,408000,0.026338301035881678,0.023809523809523808,0.025622057775236965,49,0.2832369942196532,59868
409,409000,0.024468909067123353,0.021164021164021163,0.023279149422006564,63,0.36,59868
410,410000,0.035675347580109484,0.03968253968253968,0.03701107828091955,63,0.3333333333333333,59868
411,411000,0.04412773918587872,0.013440860215053762,0.034166553341946015,62,0.32460732984293195,59868
412,412000,0.041563998071879306,0.016460905349794237,0.031189760773466597,81,0.413265306122449,59868
413,413000,0.020987976479618562,0.006289308176100628,0.01586278292641823,53,0.34868421052631576,59868
414,414000,0.032769357547804905,0.011494252873563218,0.0276278739181965,29,0.24166666666666667,59868
415,415000,0.0456992039417782,0.014619883040935672,0.03448704386995526,57,0.36075949367088606,59868
416,416000,0.03718406943196859,0.032407407407407406,0.03548709739692712,54,0.35526315789473684,59868
417,417000,0.04486108473711779,0.026881720430107524,0.03876971540905968,62,0.33879781420765026,59868
418,418000,0.0287564468211527,0.022988505747126436,0.02692835620752689,58,0.31693989071038253,59868
419,419000,0.050886700886700886,0.015873015873015872,0.03820933217484942,62,0.3563218390804598,59868
420,420000,0.027362249514865235,0.006289308176100628,0.020109873599576118,53,0.34415584415584416,59868
421,421000,0.02368284493284493,0.01282051282051282,0.020398884061674758,52,0.3023255813953488,59868
422,422000,0.025652491624303587,0.02941176470588235,0.026905582651496514,51,0.3333333333333333,59868
423,423000,0.03743623111032018,0.026785714285714284,0.0342296238943098,56,0.3010752688172043,59868
424,424000,0.03484113102254476,0.022435897435897433,0.031068779288593532,52,0.30409356725146197,59868
425,425000,0.006719381075914965,0.0,0.004867243984476866,43,0.27564102564102566,59868
426,426000,0.030588624338624335,0.023076923076923078,0.027766308835673,65,0.37572254335260113,59868
427,427000,0.03507562589268871,0.017241379310344827,0.029392184674139562,57,0.3131868131868132,59868
428,428000,0.030559492674981068,0.037037037037037035,0.03313619540463869,71,0.39226519337016574,59868
429,429000,0.029574857950526397,0.018817204301075266,0.02613684492853686,62,0.31958762886597936,59868
430,430000,0.020327416116247363,0.01948051948051948,0.019984200111241853,77,0.4052631578947368,59868
431,431000,0.032311314677386106,0.046296296296296294,0.03686064604739303,54,0.3253012048192771,59868
432,432000,0.02686791765739134,0.00641025641025641,0.020459493652264737,52,0.3132530120481928,59868
433,433000,0.027765281111469857,0.042328042328042326,0.03289072221004006,62,0.3463687150837989,59868
434,434000,0.03013035745588931,0.03488372093023256,0.03147505896507852,43,0.28289473684210525,59868
435,435000,0.04200218918135847,0.0,0.02759446149705528,59,0.3430232558139535,59868
436,436000,0.04461993600850645,0.011904761904761904,0.033779404944543755,55,0.3254437869822485,59868
437,437000,0.036469253926150476,0.03439153439153439,0.03573798950893923,63,0.35195530726256985,59868
438,438000,0.02356147587240024,0.018817204301075266,0.021996875673346263,62,0.32978723404255317,59868
439,439000,0.029318085749461646,0.01141552511415525,0.02180724134499402,73,0.41954022988505746,59868
440,440000,0.024865220249835635,0.03095238095238095,0.0269957264957265,70,0.35,59868
441,441000,0.020851565033550328,0.022727272727272728,0.021354803683085604,44,0.2682926829268293,59868
442,442000,0.035229890596850465,0.02121212121212121,0.030470771361294235,55,0.3395061728395062,59868
443,443000,0.04248586648405563,0.024193548387096774,0.03573513004351129,62,0.36904761904761907,59868
444,444000,0.01637855172337931,0.017543859649122806,0.016675744348736712,38,0.2550335570469799,59868
445,445000,0.031015713948990564,0.007462686567164179,0.022621815892701375,67,0.35638297872340424,59868
446,446000,0.030657961268798706,0.02040816326530612,0.027396661904051066,49,0.3181818181818182,59868
447,447000,0.03283378979903044,0.012345679012345678,0.02608770454000009,53,0.3231707317073171,59868
448,448000,0.029936600761162162,0.03401360544217687,0.031022324833823688,49,0.266304347826087,59868
449,449000,0.03871174103039092,0.012195121951219513,0.031001234773326888,41,0.2907801418439716,59868
450,450000,0.026869002833245503,0.017948717948717947,0.02391074509092769,65,0.33163265306122447,59868
451,451000,0.025149952927730704,0.024691358024691357,0.025018925812576604,54,0.2857142857142857,59868
452,452000,0.03047738839818048,0.015432098765432098,0.025235803622900392,54,0.34838709677419355,59868
453,453000,0.01979358117516012,0.017543859649122806,0.01900201249007292,57,0.35185185185185186,59868
454,454000,0.024558994194896835,0.045454545454545456,0.03197354464186892,55,0.3548387096774194,59868
455,455000,0.03934397710882707,0.01488095238095238,0.03133269415700846,56,0.32748538011695905,59868
456,456000,0.03865208649949341,0.044642857142857144,0.040475364521386725,56,0.30434782608695654,59868
457,457000,0.0276053328855053,0.03401360544217687,0.029508395644759277,49,0.296969696969697,59868
458,458000,0.04255267026025444,0.019774011299435026,0.034828872106873146,59,0.3390804597701149,59868
459,459000,0.028376577460283357,0.011363636363636364,0.023894125913861395,44,0.2634730538922156,59868
460,460000,0.025333970723775825,0.03846153846153846,0.029521906443798256,52,0.31901840490797545,59868
461,461000,0.02129927285325988,0.016260162601626015,0.019854492990903323,41,0.2867132867132867,59868
462,462000,0.035265917258868074,0.01,0.027655701217040345,50,0.30120481927710846,59868
463,463000,0.020854616356346455,0.040880503144654086,0.027702177645251652,53,0.3419354838709677,59868
464,464000,0.03419341215346035,0.031007751937984496,0.03320792014435631,43,0.30935251798561153,59868
465,465000,0.03430711496749233,0.01092896174863388,0.025767789540244633,61,0.3652694610778443,59868
466,466000,0.038612961167308994,0.018229166666666664,0.031158316321359795,64,0.3657142857142857,59868
467,467000,0.038289698163647745,0.02511415525114155,0.03328024695212195,73,0.3802083333333333,59868
468,468000,0.03949977718360072,0.0130718954248366,0.030690483264012674,51,0.3333333333333333,59868
469,469000,0.029213651150871794,0.023255813953488372,0.027505737820955205,43,0.2866666666666667,59868
470,470000,0.019114339126195493,0.01633986928104575,0.018224414836241803,51,0.32075471698113206,59868
471,471000,0.022135503385503384,0.009950248756218905,0.017948774871851796,67,0.3435897435897436,59868
472,472000,0.046071536600120984,0.014705882352941176,0.03447988176964149,67,0.3641304347826087,59868
473,473000,0.01550991381499856,0.030516431924882625,0.021147283052044955,71,0.37566137566137564,59868
474,474000,0.023912405472555853,0.02127659574468085,0.02309738535933134,47,0.3092105263157895,59868
475,475000,0.03457880348401043,0.013888888888888888,0.027055198176693503,60,0.36363636363636365,59868
476,476000,0.04007621232280102,0.033333333333333326,0.03780100775580272,55,0.3374233128834356,59868
477,477000,0.04917785892746673,0.02482269503546099,0.04224032739459237,47,0.28484848484848485,59868
478,478000,0.032870938718185264,0.01282051282051282,0.02711059536636776,52,0.287292817679558,59868
479,479000,0.029063831991321166,0.021739130434782608,0.026903984096444417,45,0.28846153846153844,59868
480,480000,0.024818251484918154,0.022598870056497175,0.024047995577407347,59,0.34705882352941175,59868
481,481000,0.029017676172706407,0.026748971193415638,0.028040202218863042,81,0.4308510638297872,59868
482,482000,0.044638356755131434,0.015765765765765764,0.03351037897798008,74,0.3854166666666667,59868
483,483000,0.016465712317985045,0.03888888888888888,0.024379774637127576,60,0.35294117647058826,59868
484,484000,0.03045232981923267,0.020833333333333332,0.02714256758752537,64,0.34408602150537637,59868
485,485000,0.04429420534541829,0.04320987654320988,0.04389038634321653,54,0.3724137931034483,59868
486,486000,0.03127095152788854,0.04427083333333333,0.03613640436735326,64,0.3742690058479532,59868
487,487000,0.03228334531846742,0.05555555555555556,0.03979526128107181,51,0.3227848101265823,59868
488,488000,0.03223720340697566,0.01282051282051282,0.025629429123624432,65,0.3403141361256545,59868
489,489000,0.02429374009736986,0.0070921985815602835,0.019593318869212593,47,0.27325581395348836,59868
490,490000,0.02465514283696102,0.033333333333333326,0.02783563150055296,70,0.36649214659685864,59868
491,491000,0.011671525420767511,0.023809523809523808,0.015967558558361034,63,0.3539325842696629,59868
492,492000,0.02698471156238879,0.014619883040935672,0.022934164288119663,57,0.3275862068965517,59868
493,493000,0.043401910586946875,0.0,0.03023167565021817,44,0.30344827586206896,59868
494,494000,0.030582984508604343,0.042328042328042326,0.03460439017504235,63,0.3423913043478261,59868
495,495000,0.038018925518925516,0.04285714285714286,0.03983002291825821,69,0.3689839572192513,59868
496,496000,0.02771328590433223,0.013440860215053762,0.022656769374416436,61,0.3485714285714286,59868
497,497000,0.041399946475134446,0.02884615384615384,0.03746743312147787,52,0.3132530120481928,59868
498,498000,0.030336849158371575,0.03571428571428571,0.0320576288562641,56,0.32,59868
499,499000,0.024240781073079212,0.02150537634408602,0.02322524159285419,61,0.3652694610778443,59868
500,500000,0.04217198754655903,0.027210884353741496,0.03750259865198541,49,0.31210191082802546,59868
501,501000,0.030696094230007628,0.005747126436781609,0.02265698238552369,58,0.32222222222222224,59868
502,502000,0.036601532369734395,0.025157232704402514,0.032810608105593206,53,0.33125,59868
503,503000,0.030394135055151997,0.008032128514056224,0.021160072652609965,83,0.4129353233830846,59868
504,504000,0.03042512427758329,0.007462686567164179,0.022285000856429427,67,0.3544973544973545,59868
505,505000,0.027453772893528027,0.0202020202020202,0.024907944820977405,65,0.34574468085106386,59868
506,506000,0.027116045854022,0.004830917874396135,0.01866728854306494,68,0.37362637362637363,59868
507,507000,0.03948142323816833,0.023809523809523808,0.03474115736160301,49,0.30246913580246915,59868
508,508000,0.03570287687934747,0.0,0.022389939737895867,66,0.3728813559322034,59868
509,509000,0.028668792892930825,0.012626262626262624,0.023266716374562964,66,0.336734693877551,59868
510,510000,0.0333009545844708,0.01366120218579235,0.026493994946292468,61,0.3465909090909091,59868
511,511000,0.01695693259756361,0.004694835680751174,0.012225362591619679,70,0.3804347826086957,59868
512,512000,0.026002046217015923,0.011904761904761904,0.02109864297797105,56,0.34782608695652173,59868
513,513000,0.03467536629137263,0.044444444444444446,0.03760608973729417,45,0.3,59868
514,514000,0.03712599089836941,0.006666666666666666,0.027106476348467197,50,0.32894736842105265,59868
515,515000,0.03870366444300764,0.02127659574468085,0.03293555015553328,47,0.33098591549295775,59868
516,516000,0.03772343852435386,0.022388059701492536,0.03213936036602935,67,0.3641304347826087,59868
517,517000,0.025651186939092425,0.0303030303030303,0.027043575428978592,44,0.29931972789115646,59868
518,518000,0.040444242668818936,0.023391812865497075,0.034890022675736966,57,0.32571428571428573,59868
519,519000,0.033268616473744676,0.011904761904761904,0.026353149098813835,56,0.3236994219653179,59868
520,520000,0.05128617579755014,0.011299435028248588,0.03644832859384704,59,0.3710691823899371,59868
521,521000,0.03058775659966136,0.024999999999999998,0.02855584510887541,60,0.36363636363636365,59868
522,522000,0.04014576955753426,0.03107344632768361,0.037104479383891144,59,0.3352272727272727,59868
523,523000,0.04444101508916323,0.019774011299435026,0.036939194348988166,59,0.30412371134020616,59868
524,524000,0.04571932489931211,0.0261437908496732,0.0392783427281406,51,0.32903225806451614,59868
525,525000,0.0409476785506393,0.010256410256410256,0.03004640839148691,65,0.3551912568306011,59868
526,526000,0.03279281657085761,0.0,0.022868674713887545,46,0.3026315789473684,59868
527,527000,0.03785965935321296,0.014367816091954021,0.030331886374467,58,0.32044198895027626,59868
528,528000,0.025946574653471204,0.01694915254237288,0.022913158056015195,59,0.33714285714285713,59868
529,529000,0.02639880695436251,0.005847953216374269,0.01966663072984912,56,0.3218390804597701,59868
530,530000,0.0174660884837876,0.02027027027027027,0.01857576469875935,74,0.39572192513368987,59868
531,531000,0.04567605466428996,0.03389830508474576,0.04189949365780568,59,0.32065217391304346,59868
532,532000,0.032718780727630285,0.03153153153153153,0.03224896019013666,73,0.39037433155080214,59868
533,533000,0.030352370621895244,0.006666666666666666,0.022070655952234904,50,0.34965034965034963,59868
534,534000,0.04617902546995352,0.017006802721088433,0.036896954595314634,49,0.3181818181818182,59868
535,535000,0.02384196473385138,0.01092896174863388,0.019288824952936538,61,0.35260115606936415,59868
536,536000,0.059233499381828536,0.03623188405797101,0.05227248421802956,46,0.3026315789473684,59868
537,537000,0.020710324247876728,0.04519774011299435,0.029310071486221608,59,0.35119047619047616,59868
538,538000,0.020398269280997774,0.0043859649122807015,0.013637518547539454,76,0.4222222222222222,59868
539,539000,0.02266081871345029,0.027363184079601987,0.024401473296500917,67,0.3701657458563536,59868
